solid panel-a1-tile-color-2
  facet normal 0 0 -1
    outer loop
      vertex 31.800000000 18.879353803 3.000000000
      vertex 11.800000000 18.879353803 3.000000000
      vertex 21.800000000 24.652856494 3.000000000
    endloop
  endfacet
  facet normal -0 0 -1
    outer loop
      vertex 31.800000000 18.879353803 3.000000000
      vertex 11.800000000 7.332348419 3.000000000
      vertex 11.800000000 18.879353803 3.000000000
    endloop
  endfacet
  facet normal 0 0 -1
    outer loop
      vertex 31.800000000 18.879353803 3.000000000
      vertex 21.800000000 1.558845727 3.000000000
      vertex 11.800000000 7.332348419 3.000000000
    endloop
  endfacet
  facet normal 0 0 -1
    outer loop
      vertex 31.800000000 18.879353803 3.000000000
      vertex 31.800000000 7.332348419 3.000000000
      vertex 21.800000000 1.558845727 3.000000000
    endloop
  endfacet
  facet normal 0.5 0.866025404 0
    outer loop
      vertex 31.800000000 18.879353803 3.000000000
      vertex 21.800000000 24.652856494 3.000000000
      vertex 21.800000000 24.652856494 4.600000000
    endloop
  endfacet
  facet normal 0.5 0.866025404 -0
    outer loop
      vertex 31.800000000 18.879353803 3.000000000
      vertex 21.800000000 24.652856494 4.600000000
      vertex 31.800000000 18.879353803 4.600000000
    endloop
  endfacet
  facet normal -0.5 0.866025404 0
    outer loop
      vertex 21.800000000 24.652856494 3.000000000
      vertex 11.800000000 18.879353803 3.000000000
      vertex 11.800000000 18.879353803 4.600000000
    endloop
  endfacet
  facet normal -0.5 0.866025404 0
    outer loop
      vertex 21.800000000 24.652856494 3.000000000
      vertex 11.800000000 18.879353803 4.600000000
      vertex 21.800000000 24.652856494 4.600000000
    endloop
  endfacet
  facet normal -1 -1.53837015e-16 0
    outer loop
      vertex 11.800000000 18.879353803 3.000000000
      vertex 11.800000000 7.332348419 3.000000000
      vertex 11.800000000 7.332348419 4.600000000
    endloop
  endfacet
  facet normal -1 -1.53837015e-16 0
    outer loop
      vertex 11.800000000 18.879353803 3.000000000
      vertex 11.800000000 7.332348419 4.600000000
      vertex 11.800000000 18.879353803 4.600000000
    endloop
  endfacet
  facet normal -0.5 -0.866025404 0
    outer loop
      vertex 11.800000000 7.332348419 3.000000000
      vertex 21.800000000 1.558845727 3.000000000
      vertex 21.800000000 1.558845727 4.600000000
    endloop
  endfacet
  facet normal -0.5 -0.866025404 0
    outer loop
      vertex 11.800000000 7.332348419 3.000000000
      vertex 21.800000000 1.558845727 4.600000000
      vertex 11.800000000 7.332348419 4.600000000
    endloop
  endfacet
  facet normal 0.5 -0.866025404 0
    outer loop
      vertex 21.800000000 1.558845727 3.000000000
      vertex 31.800000000 7.332348419 3.000000000
      vertex 31.800000000 7.332348419 4.600000000
    endloop
  endfacet
  facet normal 0.5 -0.866025404 0
    outer loop
      vertex 21.800000000 1.558845727 3.000000000
      vertex 31.800000000 7.332348419 4.600000000
      vertex 21.800000000 1.558845727 4.600000000
    endloop
  endfacet
  facet normal 1 -6.1534806e-16 0
    outer loop
      vertex 31.800000000 7.332348419 3.000000000
      vertex 31.800000000 18.879353803 3.000000000
      vertex 31.800000000 18.879353803 4.600000000
    endloop
  endfacet
  facet normal 1 -6.1534806e-16 0
    outer loop
      vertex 31.800000000 7.332348419 3.000000000
      vertex 31.800000000 18.879353803 4.600000000
      vertex 31.800000000 7.332348419 4.600000000
    endloop
  endfacet
  facet normal 0.495722431 0.858616436 0.130526192
    outer loop
      vertex 31.800000000 18.879353803 4.600000000
      vertex 21.800000000 24.652856494 4.600000000
      vertex 21.800000000 24.621380121 4.807055236
    endloop
  endfacet
  facet normal 0.495722431 0.858616436 0.130526192
    outer loop
      vertex 31.800000000 18.879353803 4.600000000
      vertex 21.800000000 24.621380121 4.807055236
      vertex 31.772740661 18.863615616 4.807055236
    endloop
  endfacet
  facet normal -0.495722431 0.858616436 0.130526192
    outer loop
      vertex 21.800000000 24.652856494 4.600000000
      vertex 11.800000000 18.879353803 4.600000000
      vertex 11.827259339 18.863615616 4.807055236
    endloop
  endfacet
  facet normal -0.495722431 0.858616436 0.130526192
    outer loop
      vertex 21.800000000 24.652856494 4.600000000
      vertex 11.827259339 18.863615616 4.807055236
      vertex 21.800000000 24.621380121 4.807055236
    endloop
  endfacet
  facet normal -0.991444861 -1.52520918e-16 0.130526192
    outer loop
      vertex 11.800000000 18.879353803 4.600000000
      vertex 11.800000000 7.332348419 4.600000000
      vertex 11.827259339 7.348086605 4.807055236
    endloop
  endfacet
  facet normal -0.991444861 -1.52920099e-16 0.130526192
    outer loop
      vertex 11.800000000 18.879353803 4.600000000
      vertex 11.827259339 7.348086605 4.807055236
      vertex 11.827259339 18.863615616 4.807055236
    endloop
  endfacet
  facet normal -0.495722431 -0.858616436 0.130526192
    outer loop
      vertex 11.800000000 7.332348419 4.600000000
      vertex 21.800000000 1.558845727 4.600000000
      vertex 21.800000000 1.590322100 4.807055236
    endloop
  endfacet
  facet normal -0.495722431 -0.858616436 0.130526192
    outer loop
      vertex 11.800000000 7.332348419 4.600000000
      vertex 21.800000000 1.590322100 4.807055236
      vertex 11.827259339 7.348086605 4.807055236
    endloop
  endfacet
  facet normal 0.495722431 -0.858616436 0.130526192
    outer loop
      vertex 21.800000000 1.558845727 4.600000000
      vertex 31.800000000 7.332348419 4.600000000
      vertex 31.772740661 7.348086605 4.807055236
    endloop
  endfacet
  facet normal 0.495722431 -0.858616436 0.130526192
    outer loop
      vertex 21.800000000 1.558845727 4.600000000
      vertex 31.772740661 7.348086605 4.807055236
      vertex 21.800000000 1.590322100 4.807055236
    endloop
  endfacet
  facet normal 0.991444861 -6.10083672e-16 0.130526192
    outer loop
      vertex 31.800000000 7.332348419 4.600000000
      vertex 31.800000000 18.879353803 4.600000000
      vertex 31.772740661 18.863615616 4.807055236
    endloop
  endfacet
  facet normal 0.991444861 -6.11680398e-16 0.130526192
    outer loop
      vertex 31.800000000 7.332348419 4.600000000
      vertex 31.772740661 18.863615616 4.807055236
      vertex 31.772740661 7.348086605 4.807055236
    endloop
  endfacet
  facet normal 0.461939766 0.800103145 0.382683432
    outer loop
      vertex 31.772740661 18.863615616 4.807055236
      vertex 21.800000000 24.621380121 4.807055236
      vertex 21.800000000 24.529096064 5.000000000
    endloop
  endfacet
  facet normal 0.461939766 0.800103145 0.382683432
    outer loop
      vertex 31.772740661 18.863615616 4.807055236
      vertex 21.800000000 24.529096064 5.000000000
      vertex 31.692820323 18.817473587 5.000000000
    endloop
  endfacet
  facet normal -0.461939766 0.800103145 0.382683432
    outer loop
      vertex 21.800000000 24.621380121 4.807055236
      vertex 11.827259339 18.863615616 4.807055236
      vertex 11.907179677 18.817473587 5.000000000
    endloop
  endfacet
  facet normal -0.461939766 0.800103145 0.382683432
    outer loop
      vertex 21.800000000 24.621380121 4.807055236
      vertex 11.907179677 18.817473587 5.000000000
      vertex 21.800000000 24.529096064 5.000000000
    endloop
  endfacet
  facet normal -0.923879533 -1.42515357e-16 0.382683432
    outer loop
      vertex 11.827259339 18.863615616 4.807055236
      vertex 11.827259339 7.348086605 4.807055236
      vertex 11.907179677 7.394228634 5.000000000
    endloop
  endfacet
  facet normal -0.923879533 -1.43975404e-16 0.382683432
    outer loop
      vertex 11.827259339 18.863615616 4.807055236
      vertex 11.907179677 7.394228634 5.000000000
      vertex 11.907179677 18.817473587 5.000000000
    endloop
  endfacet
  facet normal -0.461939766 -0.800103145 0.382683432
    outer loop
      vertex 11.827259339 7.348086605 4.807055236
      vertex 21.800000000 1.590322100 4.807055236
      vertex 21.800000000 1.682606158 5.000000000
    endloop
  endfacet
  facet normal -0.461939766 -0.800103145 0.382683432
    outer loop
      vertex 11.827259339 7.348086605 4.807055236
      vertex 21.800000000 1.682606158 5.000000000
      vertex 11.907179677 7.394228634 5.000000000
    endloop
  endfacet
  facet normal 0.461939766 -0.800103145 0.382683432
    outer loop
      vertex 21.800000000 1.590322100 4.807055236
      vertex 31.772740661 7.348086605 4.807055236
      vertex 31.692820323 7.394228634 5.000000000
    endloop
  endfacet
  facet normal 0.461939766 -0.800103145 0.382683432
    outer loop
      vertex 21.800000000 1.590322100 4.807055236
      vertex 31.692820323 7.394228634 5.000000000
      vertex 21.800000000 1.682606158 5.000000000
    endloop
  endfacet
  facet normal 0.923879533 -5.70061427e-16 0.382683432
    outer loop
      vertex 31.772740661 7.348086605 4.807055236
      vertex 31.772740661 18.863615616 4.807055236
      vertex 31.692820323 18.817473587 5.000000000
    endloop
  endfacet
  facet normal 0.923879533 -5.75174466e-16 0.382683432
    outer loop
      vertex 31.772740661 7.348086605 4.807055236
      vertex 31.692820323 18.817473587 5.000000000
      vertex 31.692820323 7.394228634 5.000000000
    endloop
  endfacet
  facet normal 0.39667667 0.687064147 0.608761429
    outer loop
      vertex 31.692820323 18.817473587 5.000000000
      vertex 21.800000000 24.529096064 5.000000000
      vertex 21.800000000 24.382293328 5.165685425
    endloop
  endfacet
  facet normal 0.39667667 0.687064147 0.608761429
    outer loop
      vertex 31.692820323 18.817473587 5.000000000
      vertex 21.800000000 24.382293328 5.165685425
      vertex 31.565685425 18.744072220 5.165685425
    endloop
  endfacet
  facet normal -0.39667667 0.687064147 0.608761429
    outer loop
      vertex 21.800000000 24.529096064 5.000000000
      vertex 11.907179677 18.817473587 5.000000000
      vertex 12.034314575 18.744072220 5.165685425
    endloop
  endfacet
  facet normal -0.39667667 0.687064147 0.608761429
    outer loop
      vertex 21.800000000 24.529096064 5.000000000
      vertex 12.034314575 18.744072220 5.165685425
      vertex 21.800000000 24.382293328 5.165685425
    endloop
  endfacet
  facet normal -0.79335334 -1.23369379e-16 0.608761429
    outer loop
      vertex 11.907179677 18.817473587 5.000000000
      vertex 11.907179677 7.394228634 5.000000000
      vertex 12.034314575 7.467630002 5.165685425
    endloop
  endfacet
  facet normal -0.79335334 -1.25224535e-16 0.608761429
    outer loop
      vertex 11.907179677 18.817473587 5.000000000
      vertex 12.034314575 7.467630002 5.165685425
      vertex 12.034314575 18.744072220 5.165685425
    endloop
  endfacet
  facet normal -0.39667667 -0.687064147 0.608761429
    outer loop
      vertex 11.907179677 7.394228634 5.000000000
      vertex 21.800000000 1.682606158 5.000000000
      vertex 21.800000000 1.829408893 5.165685425
    endloop
  endfacet
  facet normal -0.39667667 -0.687064147 0.608761429
    outer loop
      vertex 11.907179677 7.394228634 5.000000000
      vertex 21.800000000 1.829408893 5.165685425
      vertex 12.034314575 7.467630002 5.165685425
    endloop
  endfacet
  facet normal 0.39667667 -0.687064147 0.608761429
    outer loop
      vertex 21.800000000 1.682606158 5.000000000
      vertex 31.692820323 7.394228634 5.000000000
      vertex 31.565685425 7.467630002 5.165685425
    endloop
  endfacet
  facet normal 0.39667667 -0.687064147 0.608761429
    outer loop
      vertex 21.800000000 1.682606158 5.000000000
      vertex 31.565685425 7.467630002 5.165685425
      vertex 21.800000000 1.829408893 5.165685425
    endloop
  endfacet
  facet normal 0.79335334 -4.93477515e-16 0.608761429
    outer loop
      vertex 31.692820323 7.394228634 5.000000000
      vertex 31.692820323 18.817473587 5.000000000
      vertex 31.565685425 18.744072220 5.165685425
    endloop
  endfacet
  facet normal 0.79335334 -4.99424909e-16 0.608761429
    outer loop
      vertex 31.692820323 7.394228634 5.000000000
      vertex 31.565685425 18.744072220 5.165685425
      vertex 31.565685425 7.467630002 5.165685425
    endloop
  endfacet
  facet normal 0.304380714 0.527202862 0.79335334
    outer loop
      vertex 31.565685425 18.744072220 5.165685425
      vertex 21.800000000 24.382293328 5.165685425
      vertex 21.800000000 24.190976279 5.292820323
    endloop
  endfacet
  facet normal 0.304380714 0.527202862 0.79335334
    outer loop
      vertex 31.565685425 18.744072220 5.165685425
      vertex 21.800000000 24.190976279 5.292820323
      vertex 31.400000000 18.648413695 5.292820323
    endloop
  endfacet
  facet normal -0.304380714 0.527202862 0.79335334
    outer loop
      vertex 21.800000000 24.382293328 5.165685425
      vertex 12.034314575 18.744072220 5.165685425
      vertex 12.200000000 18.648413695 5.292820323
    endloop
  endfacet
  facet normal -0.304380714 0.527202862 0.79335334
    outer loop
      vertex 21.800000000 24.382293328 5.165685425
      vertex 12.200000000 18.648413695 5.292820323
      vertex 21.800000000 24.190976279 5.292820323
    endloop
  endfacet
  facet normal -0.608761429 -9.58970486e-17 0.79335334
    outer loop
      vertex 12.034314575 18.744072220 5.165685425
      vertex 12.034314575 7.467630002 5.165685425
      vertex 12.200000000 7.563288526 5.292820323
    endloop
  endfacet
  facet normal -0.608761429 -9.74126494e-17 0.79335334
    outer loop
      vertex 12.034314575 18.744072220 5.165685425
      vertex 12.200000000 7.563288526 5.292820323
      vertex 12.200000000 18.648413695 5.292820323
    endloop
  endfacet
  facet normal -0.304380714 -0.527202862 0.79335334
    outer loop
      vertex 12.034314575 7.467630002 5.165685425
      vertex 21.800000000 1.829408893 5.165685425
      vertex 21.800000000 2.020725942 5.292820323
    endloop
  endfacet
  facet normal -0.304380714 -0.527202862 0.79335334
    outer loop
      vertex 12.034314575 7.467630002 5.165685425
      vertex 21.800000000 2.020725942 5.292820323
      vertex 12.200000000 7.563288526 5.292820323
    endloop
  endfacet
  facet normal 0.304380714 -0.527202862 0.79335334
    outer loop
      vertex 21.800000000 1.829408893 5.165685425
      vertex 31.565685425 7.467630002 5.165685425
      vertex 31.400000000 7.563288526 5.292820323
    endloop
  endfacet
  facet normal 0.304380714 -0.527202862 0.79335334
    outer loop
      vertex 21.800000000 1.829408893 5.165685425
      vertex 31.400000000 7.563288526 5.292820323
      vertex 21.800000000 2.020725942 5.292820323
    endloop
  endfacet
  facet normal 0.608761429 -3.83588194e-16 0.79335334
    outer loop
      vertex 31.565685425 7.467630002 5.165685425
      vertex 31.565685425 18.744072220 5.165685425
      vertex 31.400000000 18.648413695 5.292820323
    endloop
  endfacet
  facet normal 0.608761429 -3.89650598e-16 0.79335334
    outer loop
      vertex 31.565685425 7.467630002 5.165685425
      vertex 31.400000000 18.648413695 5.292820323
      vertex 31.400000000 7.563288526 5.292820323
    endloop
  endfacet
  facet normal 0.191341716 0.331413574 0.923879533
    outer loop
      vertex 31.400000000 18.648413695 5.292820323
      vertex 21.800000000 24.190976279 5.292820323
      vertex 21.800000000 23.968182856 5.372740661
    endloop
  endfacet
  facet normal 0.191341716 0.331413574 0.923879533
    outer loop
      vertex 31.400000000 18.648413695 5.292820323
      vertex 21.800000000 23.968182856 5.372740661
      vertex 31.207055236 18.537016983 5.372740661
    endloop
  endfacet
  facet normal -0.191341716 0.331413574 0.923879533
    outer loop
      vertex 21.800000000 24.190976279 5.292820323
      vertex 12.200000000 18.648413695 5.292820323
      vertex 12.392944764 18.537016983 5.372740661
    endloop
  endfacet
  facet normal -0.191341716 0.331413574 0.923879533
    outer loop
      vertex 21.800000000 24.190976279 5.292820323
      vertex 12.392944764 18.537016983 5.372740661
      vertex 21.800000000 23.968182856 5.372740661
    endloop
  endfacet
  facet normal -0.382683432 -6.13238301e-17 0.923879533
    outer loop
      vertex 12.200000000 18.648413695 5.292820323
      vertex 12.200000000 7.563288526 5.292820323
      vertex 12.392944764 7.674685238 5.372740661
    endloop
  endfacet
  facet normal -0.382683432 -6.27051765e-17 0.923879533
    outer loop
      vertex 12.200000000 18.648413695 5.292820323
      vertex 12.392944764 7.674685238 5.372740661
      vertex 12.392944764 18.537016983 5.372740661
    endloop
  endfacet
  facet normal -0.191341716 -0.331413574 0.923879533
    outer loop
      vertex 12.200000000 7.563288526 5.292820323
      vertex 21.800000000 2.020725942 5.292820323
      vertex 21.800000000 2.243519365 5.372740661
    endloop
  endfacet
  facet normal -0.191341716 -0.331413574 0.923879533
    outer loop
      vertex 12.200000000 7.563288526 5.292820323
      vertex 21.800000000 2.243519365 5.372740661
      vertex 12.392944764 7.674685238 5.372740661
    endloop
  endfacet
  facet normal 0.191341716 -0.331413574 0.923879533
    outer loop
      vertex 21.800000000 2.020725942 5.292820323
      vertex 31.400000000 7.563288526 5.292820323
      vertex 31.207055236 7.674685238 5.372740661
    endloop
  endfacet
  facet normal 0.191341716 -0.331413574 0.923879533
    outer loop
      vertex 21.800000000 2.020725942 5.292820323
      vertex 31.207055236 7.674685238 5.372740661
      vertex 21.800000000 2.243519365 5.372740661
    endloop
  endfacet
  facet normal 0.382683432 -2.4529532e-16 0.923879533
    outer loop
      vertex 31.400000000 7.563288526 5.292820323
      vertex 31.400000000 18.648413695 5.292820323
      vertex 31.207055236 18.537016983 5.372740661
    endloop
  endfacet
  facet normal 0.382683432 -2.50056009e-16 0.923879533
    outer loop
      vertex 31.400000000 7.563288526 5.292820323
      vertex 31.207055236 18.537016983 5.372740661
      vertex 31.207055236 7.674685238 5.372740661
    endloop
  endfacet
  facet normal 0.0652630962 0.113038998 0.991444861
    outer loop
      vertex 31.207055236 18.537016983 5.372740661
      vertex 21.800000000 23.968182856 5.372740661
      vertex 21.800000000 23.729096064 5.400000000
    endloop
  endfacet
  facet normal 0.0652630962 0.113038998 0.991444861
    outer loop
      vertex 31.207055236 18.537016983 5.372740661
      vertex 21.800000000 23.729096064 5.400000000
      vertex 31.000000000 18.417473587 5.400000000
    endloop
  endfacet
  facet normal -0.0652630962 0.113038998 0.991444861
    outer loop
      vertex 21.800000000 23.968182856 5.372740661
      vertex 12.392944764 18.537016983 5.372740661
      vertex 12.600000000 18.417473587 5.400000000
    endloop
  endfacet
  facet normal -0.0652630962 0.113038998 0.991444861
    outer loop
      vertex 21.800000000 23.968182856 5.372740661
      vertex 12.600000000 18.417473587 5.400000000
      vertex 21.800000000 23.729096064 5.400000000
    endloop
  endfacet
  facet normal -0.130526192 -2.13454256e-17 0.991444861
    outer loop
      vertex 12.392944764 18.537016983 5.372740661
      vertex 12.392944764 7.674685238 5.372740661
      vertex 12.600000000 7.794228634 5.400000000
    endloop
  endfacet
  facet normal -0.130526192 0 0.991444861
    outer loop
      vertex 12.392944764 18.537016983 5.372740661
      vertex 12.600000000 7.794228634 5.400000000
      vertex 12.600000000 18.417473587 5.400000000
    endloop
  endfacet
  facet normal -0.0652630962 -0.113038998 0.991444861
    outer loop
      vertex 12.392944764 7.674685238 5.372740661
      vertex 21.800000000 2.243519365 5.372740661
      vertex 21.800000000 2.482606158 5.400000000
    endloop
  endfacet
  facet normal -0.0652630962 -0.113038998 0.991444861
    outer loop
      vertex 12.392944764 7.674685238 5.372740661
      vertex 21.800000000 2.482606158 5.400000000
      vertex 12.600000000 7.794228634 5.400000000
    endloop
  endfacet
  facet normal 0.0652630962 -0.113038998 0.991444861
    outer loop
      vertex 21.800000000 2.243519365 5.372740661
      vertex 31.207055236 7.674685238 5.372740661
      vertex 31.000000000 7.794228634 5.400000000
    endloop
  endfacet
  facet normal 0.0652630962 -0.113038998 0.991444861
    outer loop
      vertex 21.800000000 2.243519365 5.372740661
      vertex 31.000000000 7.794228634 5.400000000
      vertex 21.800000000 2.482606158 5.400000000
    endloop
  endfacet
  facet normal 0.130526192 -8.53817026e-17 0.991444861
    outer loop
      vertex 31.207055236 7.674685238 5.372740661
      vertex 31.207055236 18.537016983 5.372740661
      vertex 31.000000000 18.417473587 5.400000000
    endloop
  endfacet
  facet normal 0.130526192 -8.71826923e-17 0.991444861
    outer loop
      vertex 31.207055236 7.674685238 5.372740661
      vertex 31.000000000 18.417473587 5.400000000
      vertex 31.000000000 7.794228634 5.400000000
    endloop
  endfacet
  facet normal 0 0 1
    outer loop
      vertex 31.000000000 18.417473587 5.400000000
      vertex 21.800000000 23.729096064 5.400000000
      vertex 12.600000000 18.417473587 5.400000000
    endloop
  endfacet
  facet normal 0 0 1
    outer loop
      vertex 31.000000000 18.417473587 5.400000000
      vertex 12.600000000 18.417473587 5.400000000
      vertex 12.600000000 7.794228634 5.400000000
    endloop
  endfacet
  facet normal 0 0 1
    outer loop
      vertex 31.000000000 18.417473587 5.400000000
      vertex 12.600000000 7.794228634 5.400000000
      vertex 21.800000000 2.482606158 5.400000000
    endloop
  endfacet
  facet normal 0 0 1
    outer loop
      vertex 31.000000000 18.417473587 5.400000000
      vertex 21.800000000 2.482606158 5.400000000
      vertex 31.000000000 7.794228634 5.400000000
    endloop
  endfacet
  facet normal 0 0 -1
    outer loop
      vertex 119.000000000 18.879353803 3.000000000
      vertex 99.000000000 18.879353803 3.000000000
      vertex 109.000000000 24.652856494 3.000000000
    endloop
  endfacet
  facet normal -0 0 -1
    outer loop
      vertex 119.000000000 18.879353803 3.000000000
      vertex 99.000000000 7.332348419 3.000000000
      vertex 99.000000000 18.879353803 3.000000000
    endloop
  endfacet
  facet normal 0 0 -1
    outer loop
      vertex 119.000000000 18.879353803 3.000000000
      vertex 109.000000000 1.558845727 3.000000000
      vertex 99.000000000 7.332348419 3.000000000
    endloop
  endfacet
  facet normal 0 0 -1
    outer loop
      vertex 119.000000000 18.879353803 3.000000000
      vertex 119.000000000 7.332348419 3.000000000
      vertex 109.000000000 1.558845727 3.000000000
    endloop
  endfacet
  facet normal 0.5 0.866025404 0
    outer loop
      vertex 119.000000000 18.879353803 3.000000000
      vertex 109.000000000 24.652856494 3.000000000
      vertex 109.000000000 24.652856494 4.600000000
    endloop
  endfacet
  facet normal 0.5 0.866025404 -0
    outer loop
      vertex 119.000000000 18.879353803 3.000000000
      vertex 109.000000000 24.652856494 4.600000000
      vertex 119.000000000 18.879353803 4.600000000
    endloop
  endfacet
  facet normal -0.5 0.866025404 0
    outer loop
      vertex 109.000000000 24.652856494 3.000000000
      vertex 99.000000000 18.879353803 3.000000000
      vertex 99.000000000 18.879353803 4.600000000
    endloop
  endfacet
  facet normal -0.5 0.866025404 0
    outer loop
      vertex 109.000000000 24.652856494 3.000000000
      vertex 99.000000000 18.879353803 4.600000000
      vertex 109.000000000 24.652856494 4.600000000
    endloop
  endfacet
  facet normal -1 0 0
    outer loop
      vertex 99.000000000 18.879353803 3.000000000
      vertex 99.000000000 7.332348419 3.000000000
      vertex 99.000000000 7.332348419 4.600000000
    endloop
  endfacet
  facet normal -1 0 0
    outer loop
      vertex 99.000000000 18.879353803 3.000000000
      vertex 99.000000000 7.332348419 4.600000000
      vertex 99.000000000 18.879353803 4.600000000
    endloop
  endfacet
  facet normal -0.5 -0.866025404 0
    outer loop
      vertex 99.000000000 7.332348419 3.000000000
      vertex 109.000000000 1.558845727 3.000000000
      vertex 109.000000000 1.558845727 4.600000000
    endloop
  endfacet
  facet normal -0.5 -0.866025404 0
    outer loop
      vertex 99.000000000 7.332348419 3.000000000
      vertex 109.000000000 1.558845727 4.600000000
      vertex 99.000000000 7.332348419 4.600000000
    endloop
  endfacet
  facet normal 0.5 -0.866025404 0
    outer loop
      vertex 109.000000000 1.558845727 3.000000000
      vertex 119.000000000 7.332348419 3.000000000
      vertex 119.000000000 7.332348419 4.600000000
    endloop
  endfacet
  facet normal 0.5 -0.866025404 0
    outer loop
      vertex 109.000000000 1.558845727 3.000000000
      vertex 119.000000000 7.332348419 4.600000000
      vertex 109.000000000 1.558845727 4.600000000
    endloop
  endfacet
  facet normal 1 -2.46139224e-15 0
    outer loop
      vertex 119.000000000 7.332348419 3.000000000
      vertex 119.000000000 18.879353803 3.000000000
      vertex 119.000000000 18.879353803 4.600000000
    endloop
  endfacet
  facet normal 1 -2.46139224e-15 0
    outer loop
      vertex 119.000000000 7.332348419 3.000000000
      vertex 119.000000000 18.879353803 4.600000000
      vertex 119.000000000 7.332348419 4.600000000
    endloop
  endfacet
  facet normal 0.495722431 0.858616436 0.130526192
    outer loop
      vertex 119.000000000 18.879353803 4.600000000
      vertex 109.000000000 24.652856494 4.600000000
      vertex 109.000000000 24.621380121 4.807055236
    endloop
  endfacet
  facet normal 0.495722431 0.858616436 0.130526192
    outer loop
      vertex 119.000000000 18.879353803 4.600000000
      vertex 109.000000000 24.621380121 4.807055236
      vertex 118.972740661 18.863615616 4.807055236
    endloop
  endfacet
  facet normal -0.495722431 0.858616436 0.130526192
    outer loop
      vertex 109.000000000 24.652856494 4.600000000
      vertex 99.000000000 18.879353803 4.600000000
      vertex 99.027259339 18.863615616 4.807055236
    endloop
  endfacet
  facet normal -0.495722431 0.858616436 0.130526192
    outer loop
      vertex 109.000000000 24.652856494 4.600000000
      vertex 99.027259339 18.863615616 4.807055236
      vertex 109.000000000 24.621380121 4.807055236
    endloop
  endfacet
  facet normal -0.991444861 0 0.130526192
    outer loop
      vertex 99.000000000 18.879353803 4.600000000
      vertex 99.000000000 7.332348419 4.600000000
      vertex 99.027259339 7.348086605 4.807055236
    endloop
  endfacet
  facet normal -0.991444861 0 0.130526192
    outer loop
      vertex 99.000000000 18.879353803 4.600000000
      vertex 99.027259339 7.348086605 4.807055236
      vertex 99.027259339 18.863615616 4.807055236
    endloop
  endfacet
  facet normal -0.495722431 -0.858616436 0.130526192
    outer loop
      vertex 99.000000000 7.332348419 4.600000000
      vertex 109.000000000 1.558845727 4.600000000
      vertex 109.000000000 1.590322100 4.807055236
    endloop
  endfacet
  facet normal -0.495722431 -0.858616436 0.130526192
    outer loop
      vertex 99.000000000 7.332348419 4.600000000
      vertex 109.000000000 1.590322100 4.807055236
      vertex 99.027259339 7.348086605 4.807055236
    endloop
  endfacet
  facet normal 0.495722431 -0.858616436 0.130526192
    outer loop
      vertex 109.000000000 1.558845727 4.600000000
      vertex 119.000000000 7.332348419 4.600000000
      vertex 118.972740661 7.348086605 4.807055236
    endloop
  endfacet
  facet normal 0.495722431 -0.858616436 0.130526192
    outer loop
      vertex 109.000000000 1.558845727 4.600000000
      vertex 118.972740661 7.348086605 4.807055236
      vertex 109.000000000 1.590322100 4.807055236
    endloop
  endfacet
  facet normal 0.991444861 -2.44033469e-15 0.130526192
    outer loop
      vertex 119.000000000 7.332348419 4.600000000
      vertex 119.000000000 18.879353803 4.600000000
      vertex 118.972740661 18.863615616 4.807055236
    endloop
  endfacet
  facet normal 0.991444861 -2.44672159e-15 0.130526192
    outer loop
      vertex 119.000000000 7.332348419 4.600000000
      vertex 118.972740661 18.863615616 4.807055236
      vertex 118.972740661 7.348086605 4.807055236
    endloop
  endfacet
  facet normal 0.461939766 0.800103145 0.382683432
    outer loop
      vertex 118.972740661 18.863615616 4.807055236
      vertex 109.000000000 24.621380121 4.807055236
      vertex 109.000000000 24.529096064 5.000000000
    endloop
  endfacet
  facet normal 0.461939766 0.800103145 0.382683432
    outer loop
      vertex 118.972740661 18.863615616 4.807055236
      vertex 109.000000000 24.529096064 5.000000000
      vertex 118.892820323 18.817473587 5.000000000
    endloop
  endfacet
  facet normal -0.461939766 0.800103145 0.382683432
    outer loop
      vertex 109.000000000 24.621380121 4.807055236
      vertex 99.027259339 18.863615616 4.807055236
      vertex 99.107179677 18.817473587 5.000000000
    endloop
  endfacet
  facet normal -0.461939766 0.800103145 0.382683432
    outer loop
      vertex 109.000000000 24.621380121 4.807055236
      vertex 99.107179677 18.817473587 5.000000000
      vertex 109.000000000 24.529096064 5.000000000
    endloop
  endfacet
  facet normal -0.923879533 0 0.382683432
    outer loop
      vertex 99.027259339 18.863615616 4.807055236
      vertex 99.027259339 7.348086605 4.807055236
      vertex 99.107179677 7.394228634 5.000000000
    endloop
  endfacet
  facet normal -0.923879533 0 0.382683432
    outer loop
      vertex 99.027259339 18.863615616 4.807055236
      vertex 99.107179677 7.394228634 5.000000000
      vertex 99.107179677 18.817473587 5.000000000
    endloop
  endfacet
  facet normal -0.461939766 -0.800103145 0.382683432
    outer loop
      vertex 99.027259339 7.348086605 4.807055236
      vertex 109.000000000 1.590322100 4.807055236
      vertex 109.000000000 1.682606158 5.000000000
    endloop
  endfacet
  facet normal -0.461939766 -0.800103145 0.382683432
    outer loop
      vertex 99.027259339 7.348086605 4.807055236
      vertex 109.000000000 1.682606158 5.000000000
      vertex 99.107179677 7.394228634 5.000000000
    endloop
  endfacet
  facet normal 0.461939766 -0.800103145 0.382683432
    outer loop
      vertex 109.000000000 1.590322100 4.807055236
      vertex 118.972740661 7.348086605 4.807055236
      vertex 118.892820323 7.394228634 5.000000000
    endloop
  endfacet
  facet normal 0.461939766 -0.800103145 0.382683432
    outer loop
      vertex 109.000000000 1.590322100 4.807055236
      vertex 118.892820323 7.394228634 5.000000000
      vertex 109.000000000 1.682606158 5.000000000
    endloop
  endfacet
  facet normal 0.923879533 -2.28024571e-15 0.382683432
    outer loop
      vertex 118.972740661 7.348086605 4.807055236
      vertex 118.972740661 18.863615616 4.807055236
      vertex 118.892820323 18.817473587 5.000000000
    endloop
  endfacet
  facet normal 0.923879533 -2.29851642e-15 0.382683432
    outer loop
      vertex 118.972740661 7.348086605 4.807055236
      vertex 118.892820323 18.817473587 5.000000000
      vertex 118.892820323 7.394228634 5.000000000
    endloop
  endfacet
  facet normal 0.39667667 0.687064147 0.608761429
    outer loop
      vertex 118.892820323 18.817473587 5.000000000
      vertex 109.000000000 24.529096064 5.000000000
      vertex 109.000000000 24.382293328 5.165685425
    endloop
  endfacet
  facet normal 0.39667667 0.687064147 0.608761429
    outer loop
      vertex 118.892820323 18.817473587 5.000000000
      vertex 109.000000000 24.382293328 5.165685425
      vertex 118.765685425 18.744072220 5.165685425
    endloop
  endfacet
  facet normal -0.39667667 0.687064147 0.608761429
    outer loop
      vertex 109.000000000 24.529096064 5.000000000
      vertex 99.107179677 18.817473587 5.000000000
      vertex 99.234314575 18.744072220 5.165685425
    endloop
  endfacet
  facet normal -0.39667667 0.687064147 0.608761429
    outer loop
      vertex 109.000000000 24.529096064 5.000000000
      vertex 99.234314575 18.744072220 5.165685425
      vertex 109.000000000 24.382293328 5.165685425
    endloop
  endfacet
  facet normal -0.79335334 0 0.608761429
    outer loop
      vertex 99.107179677 18.817473587 5.000000000
      vertex 99.107179677 7.394228634 5.000000000
      vertex 99.234314575 7.467630002 5.165685425
    endloop
  endfacet
  facet normal -0.79335334 0 0.608761429
    outer loop
      vertex 99.107179677 18.817473587 5.000000000
      vertex 99.234314575 7.467630002 5.165685425
      vertex 99.234314575 18.744072220 5.165685425
    endloop
  endfacet
  facet normal -0.39667667 -0.687064147 0.608761429
    outer loop
      vertex 99.107179677 7.394228634 5.000000000
      vertex 109.000000000 1.682606158 5.000000000
      vertex 109.000000000 1.829408893 5.165685425
    endloop
  endfacet
  facet normal -0.39667667 -0.687064147 0.608761429
    outer loop
      vertex 99.107179677 7.394228634 5.000000000
      vertex 109.000000000 1.829408893 5.165685425
      vertex 99.234314575 7.467630002 5.165685425
    endloop
  endfacet
  facet normal 0.39667667 -0.687064147 0.608761429
    outer loop
      vertex 109.000000000 1.682606158 5.000000000
      vertex 118.892820323 7.394228634 5.000000000
      vertex 118.765685425 7.467630002 5.165685425
    endloop
  endfacet
  facet normal 0.39667667 -0.687064147 0.608761429
    outer loop
      vertex 109.000000000 1.682606158 5.000000000
      vertex 118.765685425 7.467630002 5.165685425
      vertex 109.000000000 1.829408893 5.165685425
    endloop
  endfacet
  facet normal 0.79335334 -1.97391006e-15 0.608761429
    outer loop
      vertex 118.892820323 7.394228634 5.000000000
      vertex 118.892820323 18.817473587 5.000000000
      vertex 118.765685425 18.744072220 5.165685425
    endloop
  endfacet
  facet normal 0.79335334 -1.99917287e-15 0.608761429
    outer loop
      vertex 118.892820323 7.394228634 5.000000000
      vertex 118.765685425 18.744072220 5.165685425
      vertex 118.765685425 7.467630002 5.165685425
    endloop
  endfacet
  facet normal 0.304380714 0.527202862 0.79335334
    outer loop
      vertex 118.765685425 18.744072220 5.165685425
      vertex 109.000000000 24.382293328 5.165685425
      vertex 109.000000000 24.190976279 5.292820323
    endloop
  endfacet
  facet normal 0.304380714 0.527202862 0.79335334
    outer loop
      vertex 118.765685425 18.744072220 5.165685425
      vertex 109.000000000 24.190976279 5.292820323
      vertex 118.600000000 18.648413695 5.292820323
    endloop
  endfacet
  facet normal -0.304380714 0.527202862 0.79335334
    outer loop
      vertex 109.000000000 24.382293328 5.165685425
      vertex 99.234314575 18.744072220 5.165685425
      vertex 99.400000000 18.648413695 5.292820323
    endloop
  endfacet
  facet normal -0.304380714 0.527202862 0.79335334
    outer loop
      vertex 109.000000000 24.382293328 5.165685425
      vertex 99.400000000 18.648413695 5.292820323
      vertex 109.000000000 24.190976279 5.292820323
    endloop
  endfacet
  facet normal -0.608761429 0 0.79335334
    outer loop
      vertex 99.234314575 18.744072220 5.165685425
      vertex 99.234314575 7.467630002 5.165685425
      vertex 99.400000000 7.563288526 5.292820323
    endloop
  endfacet
  facet normal -0.608761429 0 0.79335334
    outer loop
      vertex 99.234314575 18.744072220 5.165685425
      vertex 99.400000000 7.563288526 5.292820323
      vertex 99.400000000 18.648413695 5.292820323
    endloop
  endfacet
  facet normal -0.304380714 -0.527202862 0.79335334
    outer loop
      vertex 99.234314575 7.467630002 5.165685425
      vertex 109.000000000 1.829408893 5.165685425
      vertex 109.000000000 2.020725942 5.292820323
    endloop
  endfacet
  facet normal -0.304380714 -0.527202862 0.79335334
    outer loop
      vertex 99.234314575 7.467630002 5.165685425
      vertex 109.000000000 2.020725942 5.292820323
      vertex 99.400000000 7.563288526 5.292820323
    endloop
  endfacet
  facet normal 0.304380714 -0.527202862 0.79335334
    outer loop
      vertex 109.000000000 1.829408893 5.165685425
      vertex 118.765685425 7.467630002 5.165685425
      vertex 118.600000000 7.563288526 5.292820323
    endloop
  endfacet
  facet normal 0.304380714 -0.527202862 0.79335334
    outer loop
      vertex 109.000000000 1.829408893 5.165685425
      vertex 118.600000000 7.563288526 5.292820323
      vertex 109.000000000 2.020725942 5.292820323
    endloop
  endfacet
  facet normal 0.608761429 -1.53435278e-15 0.79335334
    outer loop
      vertex 118.765685425 7.467630002 5.165685425
      vertex 118.765685425 18.744072220 5.165685425
      vertex 118.600000000 18.648413695 5.292820323
    endloop
  endfacet
  facet normal 0.608761429 -1.5615997e-15 0.79335334
    outer loop
      vertex 118.765685425 7.467630002 5.165685425
      vertex 118.600000000 18.648413695 5.292820323
      vertex 118.600000000 7.563288526 5.292820323
    endloop
  endfacet
  facet normal 0.191341716 0.331413574 0.923879533
    outer loop
      vertex 118.600000000 18.648413695 5.292820323
      vertex 109.000000000 24.190976279 5.292820323
      vertex 109.000000000 23.968182856 5.372740661
    endloop
  endfacet
  facet normal 0.191341716 0.331413574 0.923879533
    outer loop
      vertex 118.600000000 18.648413695 5.292820323
      vertex 109.000000000 23.968182856 5.372740661
      vertex 118.407055236 18.537016983 5.372740661
    endloop
  endfacet
  facet normal -0.191341716 0.331413574 0.923879533
    outer loop
      vertex 109.000000000 24.190976279 5.292820323
      vertex 99.400000000 18.648413695 5.292820323
      vertex 99.592944764 18.537016983 5.372740661
    endloop
  endfacet
  facet normal -0.191341716 0.331413574 0.923879533
    outer loop
      vertex 109.000000000 24.190976279 5.292820323
      vertex 99.592944764 18.537016983 5.372740661
      vertex 109.000000000 23.968182856 5.372740661
    endloop
  endfacet
  facet normal -0.382683432 0 0.923879533
    outer loop
      vertex 99.400000000 18.648413695 5.292820323
      vertex 99.400000000 7.563288526 5.292820323
      vertex 99.592944764 7.674685238 5.372740661
    endloop
  endfacet
  facet normal -0.382683432 0 0.923879533
    outer loop
      vertex 99.400000000 18.648413695 5.292820323
      vertex 99.592944764 7.674685238 5.372740661
      vertex 99.592944764 18.537016983 5.372740661
    endloop
  endfacet
  facet normal -0.191341716 -0.331413574 0.923879533
    outer loop
      vertex 99.400000000 7.563288526 5.292820323
      vertex 109.000000000 2.020725942 5.292820323
      vertex 109.000000000 2.243519365 5.372740661
    endloop
  endfacet
  facet normal -0.191341716 -0.331413574 0.923879533
    outer loop
      vertex 99.400000000 7.563288526 5.292820323
      vertex 109.000000000 2.243519365 5.372740661
      vertex 99.592944764 7.674685238 5.372740661
    endloop
  endfacet
  facet normal 0.191341716 -0.331413574 0.923879533
    outer loop
      vertex 109.000000000 2.020725942 5.292820323
      vertex 118.600000000 7.563288526 5.292820323
      vertex 118.407055236 7.674685238 5.372740661
    endloop
  endfacet
  facet normal 0.191341716 -0.331413574 0.923879533
    outer loop
      vertex 109.000000000 2.020725942 5.292820323
      vertex 118.407055236 7.674685238 5.372740661
      vertex 109.000000000 2.243519365 5.372740661
    endloop
  endfacet
  facet normal 0.382683432 -9.81181281e-16 0.923879533
    outer loop
      vertex 118.600000000 7.563288526 5.292820323
      vertex 118.600000000 18.648413695 5.292820323
      vertex 118.407055236 18.537016983 5.372740661
    endloop
  endfacet
  facet normal 0.382683432 -1.00175343e-15 0.923879533
    outer loop
      vertex 118.600000000 7.563288526 5.292820323
      vertex 118.407055236 18.537016983 5.372740661
      vertex 118.407055236 7.674685238 5.372740661
    endloop
  endfacet
  facet normal 0.0652630962 0.113038998 0.991444861
    outer loop
      vertex 118.407055236 18.537016983 5.372740661
      vertex 109.000000000 23.968182856 5.372740661
      vertex 109.000000000 23.729096064 5.400000000
    endloop
  endfacet
  facet normal 0.0652630962 0.113038998 0.991444861
    outer loop
      vertex 118.407055236 18.537016983 5.372740661
      vertex 109.000000000 23.729096064 5.400000000
      vertex 118.200000000 18.417473587 5.400000000
    endloop
  endfacet
  facet normal -0.0652630962 0.113038998 0.991444861
    outer loop
      vertex 109.000000000 23.968182856 5.372740661
      vertex 99.592944764 18.537016983 5.372740661
      vertex 99.800000000 18.417473587 5.400000000
    endloop
  endfacet
  facet normal -0.0652630962 0.113038998 0.991444861
    outer loop
      vertex 109.000000000 23.968182856 5.372740661
      vertex 99.800000000 18.417473587 5.400000000
      vertex 109.000000000 23.729096064 5.400000000
    endloop
  endfacet
  facet normal -0.130526192 0 0.991444861
    outer loop
      vertex 99.592944764 18.537016983 5.372740661
      vertex 99.592944764 7.674685238 5.372740661
      vertex 99.800000000 7.794228634 5.400000000
    endloop
  endfacet
  facet normal -0.130526192 0 0.991444861
    outer loop
      vertex 99.592944764 18.537016983 5.372740661
      vertex 99.800000000 7.794228634 5.400000000
      vertex 99.800000000 18.417473587 5.400000000
    endloop
  endfacet
  facet normal -0.0652630962 -0.113038998 0.991444861
    outer loop
      vertex 99.592944764 7.674685238 5.372740661
      vertex 109.000000000 2.243519365 5.372740661
      vertex 109.000000000 2.482606158 5.400000000
    endloop
  endfacet
  facet normal -0.0652630962 -0.113038998 0.991444861
    outer loop
      vertex 99.592944764 7.674685238 5.372740661
      vertex 109.000000000 2.482606158 5.400000000
      vertex 99.800000000 7.794228634 5.400000000
    endloop
  endfacet
  facet normal 0.0652630962 -0.113038998 0.991444861
    outer loop
      vertex 109.000000000 2.243519365 5.372740661
      vertex 118.407055236 7.674685238 5.372740661
      vertex 118.200000000 7.794228634 5.400000000
    endloop
  endfacet
  facet normal 0.0652630962 -0.113038998 0.991444861
    outer loop
      vertex 109.000000000 2.243519365 5.372740661
      vertex 118.200000000 7.794228634 5.400000000
      vertex 109.000000000 2.482606158 5.400000000
    endloop
  endfacet
  facet normal 0.130526192 -3.4152681e-16 0.991444861
    outer loop
      vertex 118.407055236 7.674685238 5.372740661
      vertex 118.407055236 18.537016983 5.372740661
      vertex 118.200000000 18.417473587 5.400000000
    endloop
  endfacet
  facet normal 0.130526192 -3.49121723e-16 0.991444861
    outer loop
      vertex 118.407055236 7.674685238 5.372740661
      vertex 118.200000000 18.417473587 5.400000000
      vertex 118.200000000 7.794228634 5.400000000
    endloop
  endfacet
  facet normal 0 0 1
    outer loop
      vertex 118.200000000 18.417473587 5.400000000
      vertex 109.000000000 23.729096064 5.400000000
      vertex 99.800000000 18.417473587 5.400000000
    endloop
  endfacet
  facet normal 0 0 1
    outer loop
      vertex 118.200000000 18.417473587 5.400000000
      vertex 99.800000000 18.417473587 5.400000000
      vertex 99.800000000 7.794228634 5.400000000
    endloop
  endfacet
  facet normal 0 0 1
    outer loop
      vertex 118.200000000 18.417473587 5.400000000
      vertex 99.800000000 7.794228634 5.400000000
      vertex 109.000000000 2.482606158 5.400000000
    endloop
  endfacet
  facet normal 0 0 1
    outer loop
      vertex 118.200000000 18.417473587 5.400000000
      vertex 109.000000000 2.482606158 5.400000000
      vertex 118.200000000 7.794228634 5.400000000
    endloop
  endfacet
  facet normal 0 0 -1
    outer loop
      vertex 42.700000000 37.758707605 3.000000000
      vertex 22.700000000 37.758707605 3.000000000
      vertex 32.700000000 43.532210297 3.000000000
    endloop
  endfacet
  facet normal -0 0 -1
    outer loop
      vertex 42.700000000 37.758707605 3.000000000
      vertex 22.700000000 26.211702221 3.000000000
      vertex 22.700000000 37.758707605 3.000000000
    endloop
  endfacet
  facet normal 0 0 -1
    outer loop
      vertex 42.700000000 37.758707605 3.000000000
      vertex 32.700000000 20.438199529 3.000000000
      vertex 22.700000000 26.211702221 3.000000000
    endloop
  endfacet
  facet normal 0 -0 -1
    outer loop
      vertex 42.700000000 37.758707605 3.000000000
      vertex 42.700000000 26.211702221 3.000000000
      vertex 32.700000000 20.438199529 3.000000000
    endloop
  endfacet
  facet normal 0.5 0.866025404 0
    outer loop
      vertex 42.700000000 37.758707605 3.000000000
      vertex 32.700000000 43.532210297 3.000000000
      vertex 32.700000000 43.532210297 4.600000000
    endloop
  endfacet
  facet normal 0.5 0.866025404 -0
    outer loop
      vertex 42.700000000 37.758707605 3.000000000
      vertex 32.700000000 43.532210297 4.600000000
      vertex 42.700000000 37.758707605 4.600000000
    endloop
  endfacet
  facet normal -0.5 0.866025404 0
    outer loop
      vertex 32.700000000 43.532210297 3.000000000
      vertex 22.700000000 37.758707605 3.000000000
      vertex 22.700000000 37.758707605 4.600000000
    endloop
  endfacet
  facet normal -0.5 0.866025404 0
    outer loop
      vertex 32.700000000 43.532210297 3.000000000
      vertex 22.700000000 37.758707605 4.600000000
      vertex 32.700000000 43.532210297 4.600000000
    endloop
  endfacet
  facet normal -1 -3.0767403e-16 0
    outer loop
      vertex 22.700000000 37.758707605 3.000000000
      vertex 22.700000000 26.211702221 3.000000000
      vertex 22.700000000 26.211702221 4.600000000
    endloop
  endfacet
  facet normal -1 -3.0767403e-16 0
    outer loop
      vertex 22.700000000 37.758707605 3.000000000
      vertex 22.700000000 26.211702221 4.600000000
      vertex 22.700000000 37.758707605 4.600000000
    endloop
  endfacet
  facet normal -0.5 -0.866025404 0
    outer loop
      vertex 22.700000000 26.211702221 3.000000000
      vertex 32.700000000 20.438199529 3.000000000
      vertex 32.700000000 20.438199529 4.600000000
    endloop
  endfacet
  facet normal -0.5 -0.866025404 0
    outer loop
      vertex 22.700000000 26.211702221 3.000000000
      vertex 32.700000000 20.438199529 4.600000000
      vertex 22.700000000 26.211702221 4.600000000
    endloop
  endfacet
  facet normal 0.5 -0.866025404 0
    outer loop
      vertex 32.700000000 20.438199529 3.000000000
      vertex 42.700000000 26.211702221 3.000000000
      vertex 42.700000000 26.211702221 4.600000000
    endloop
  endfacet
  facet normal 0.5 -0.866025404 0
    outer loop
      vertex 32.700000000 20.438199529 3.000000000
      vertex 42.700000000 26.211702221 4.600000000
      vertex 32.700000000 20.438199529 4.600000000
    endloop
  endfacet
  facet normal 1 0 0
    outer loop
      vertex 42.700000000 26.211702221 3.000000000
      vertex 42.700000000 37.758707605 3.000000000
      vertex 42.700000000 37.758707605 4.600000000
    endloop
  endfacet
  facet normal 1 0 0
    outer loop
      vertex 42.700000000 26.211702221 3.000000000
      vertex 42.700000000 37.758707605 4.600000000
      vertex 42.700000000 26.211702221 4.600000000
    endloop
  endfacet
  facet normal 0.495722431 0.858616436 0.130526192
    outer loop
      vertex 42.700000000 37.758707605 4.600000000
      vertex 32.700000000 43.532210297 4.600000000
      vertex 32.700000000 43.500733924 4.807055236
    endloop
  endfacet
  facet normal 0.495722431 0.858616436 0.130526192
    outer loop
      vertex 42.700000000 37.758707605 4.600000000
      vertex 32.700000000 43.500733924 4.807055236
      vertex 42.672740661 37.742969418 4.807055236
    endloop
  endfacet
  facet normal -0.495722431 0.858616436 0.130526192
    outer loop
      vertex 32.700000000 43.532210297 4.600000000
      vertex 22.700000000 37.758707605 4.600000000
      vertex 22.727259339 37.742969418 4.807055236
    endloop
  endfacet
  facet normal -0.495722431 0.858616436 0.130526192
    outer loop
      vertex 32.700000000 43.532210297 4.600000000
      vertex 22.727259339 37.742969418 4.807055236
      vertex 32.700000000 43.500733924 4.807055236
    endloop
  endfacet
  facet normal -0.991444861 -3.05041836e-16 0.130526192
    outer loop
      vertex 22.700000000 37.758707605 4.600000000
      vertex 22.700000000 26.211702221 4.600000000
      vertex 22.727259339 26.227440408 4.807055236
    endloop
  endfacet
  facet normal -0.991444861 -3.05840199e-16 0.130526192
    outer loop
      vertex 22.700000000 37.758707605 4.600000000
      vertex 22.727259339 26.227440408 4.807055236
      vertex 22.727259339 37.742969418 4.807055236
    endloop
  endfacet
  facet normal -0.495722431 -0.858616436 0.130526192
    outer loop
      vertex 22.700000000 26.211702221 4.600000000
      vertex 32.700000000 20.438199529 4.600000000
      vertex 32.700000000 20.469675903 4.807055236
    endloop
  endfacet
  facet normal -0.495722431 -0.858616436 0.130526192
    outer loop
      vertex 22.700000000 26.211702221 4.600000000
      vertex 32.700000000 20.469675903 4.807055236
      vertex 22.727259339 26.227440408 4.807055236
    endloop
  endfacet
  facet normal 0.495722431 -0.858616436 0.130526192
    outer loop
      vertex 32.700000000 20.438199529 4.600000000
      vertex 42.700000000 26.211702221 4.600000000
      vertex 42.672740661 26.227440408 4.807055236
    endloop
  endfacet
  facet normal 0.495722431 -0.858616436 0.130526192
    outer loop
      vertex 32.700000000 20.438199529 4.600000000
      vertex 42.672740661 26.227440408 4.807055236
      vertex 32.700000000 20.469675903 4.807055236
    endloop
  endfacet
  facet normal 0.991444861 -0 0.130526192
    outer loop
      vertex 42.700000000 26.211702221 4.600000000
      vertex 42.700000000 37.758707605 4.600000000
      vertex 42.672740661 37.742969418 4.807055236
    endloop
  endfacet
  facet normal 0.991444861 0 0.130526192
    outer loop
      vertex 42.700000000 26.211702221 4.600000000
      vertex 42.672740661 37.742969418 4.807055236
      vertex 42.672740661 26.227440408 4.807055236
    endloop
  endfacet
  facet normal 0.461939766 0.800103145 0.382683432
    outer loop
      vertex 42.672740661 37.742969418 4.807055236
      vertex 32.700000000 43.500733924 4.807055236
      vertex 32.700000000 43.408449866 5.000000000
    endloop
  endfacet
  facet normal 0.461939766 0.800103145 0.382683432
    outer loop
      vertex 42.672740661 37.742969418 4.807055236
      vertex 32.700000000 43.408449866 5.000000000
      vertex 42.592820323 37.696827390 5.000000000
    endloop
  endfacet
  facet normal -0.461939766 0.800103145 0.382683432
    outer loop
      vertex 32.700000000 43.500733924 4.807055236
      vertex 22.727259339 37.742969418 4.807055236
      vertex 22.807179677 37.696827390 5.000000000
    endloop
  endfacet
  facet normal -0.461939766 0.800103145 0.382683432
    outer loop
      vertex 32.700000000 43.500733924 4.807055236
      vertex 22.807179677 37.696827390 5.000000000
      vertex 32.700000000 43.408449866 5.000000000
    endloop
  endfacet
  facet normal -0.923879533 -2.85030714e-16 0.382683432
    outer loop
      vertex 22.727259339 37.742969418 4.807055236
      vertex 22.727259339 26.227440408 4.807055236
      vertex 22.807179677 26.273582437 5.000000000
    endloop
  endfacet
  facet normal -0.923879533 -2.87223659e-16 0.382683432
    outer loop
      vertex 22.727259339 37.742969418 4.807055236
      vertex 22.807179677 26.273582437 5.000000000
      vertex 22.807179677 37.696827390 5.000000000
    endloop
  endfacet
  facet normal -0.461939766 -0.800103145 0.382683432
    outer loop
      vertex 22.727259339 26.227440408 4.807055236
      vertex 32.700000000 20.469675903 4.807055236
      vertex 32.700000000 20.561959960 5.000000000
    endloop
  endfacet
  facet normal -0.461939766 -0.800103145 0.382683432
    outer loop
      vertex 22.727259339 26.227440408 4.807055236
      vertex 32.700000000 20.561959960 5.000000000
      vertex 22.807179677 26.273582437 5.000000000
    endloop
  endfacet
  facet normal 0.461939766 -0.800103145 0.382683432
    outer loop
      vertex 32.700000000 20.469675903 4.807055236
      vertex 42.672740661 26.227440408 4.807055236
      vertex 42.592820323 26.273582437 5.000000000
    endloop
  endfacet
  facet normal 0.461939766 -0.800103145 0.382683432
    outer loop
      vertex 32.700000000 20.469675903 4.807055236
      vertex 42.592820323 26.273582437 5.000000000
      vertex 32.700000000 20.561959960 5.000000000
    endloop
  endfacet
  facet normal 0.923879533 -0 0.382683432
    outer loop
      vertex 42.672740661 26.227440408 4.807055236
      vertex 42.672740661 37.742969418 4.807055236
      vertex 42.592820323 37.696827390 5.000000000
    endloop
  endfacet
  facet normal 0.923879533 0 0.382683432
    outer loop
      vertex 42.672740661 26.227440408 4.807055236
      vertex 42.592820323 37.696827390 5.000000000
      vertex 42.592820323 26.273582437 5.000000000
    endloop
  endfacet
  facet normal 0.39667667 0.687064147 0.608761429
    outer loop
      vertex 42.592820323 37.696827390 5.000000000
      vertex 32.700000000 43.408449866 5.000000000
      vertex 32.700000000 43.261647131 5.165685425
    endloop
  endfacet
  facet normal 0.39667667 0.687064147 0.608761429
    outer loop
      vertex 42.592820323 37.696827390 5.000000000
      vertex 32.700000000 43.261647131 5.165685425
      vertex 42.465685425 37.623426022 5.165685425
    endloop
  endfacet
  facet normal -0.39667667 0.687064147 0.608761429
    outer loop
      vertex 32.700000000 43.408449866 5.000000000
      vertex 22.807179677 37.696827390 5.000000000
      vertex 22.934314575 37.623426022 5.165685425
    endloop
  endfacet
  facet normal -0.39667667 0.687064147 0.608761429
    outer loop
      vertex 32.700000000 43.408449866 5.000000000
      vertex 22.934314575 37.623426022 5.165685425
      vertex 32.700000000 43.261647131 5.165685425
    endloop
  endfacet
  facet normal -0.79335334 -2.46738757e-16 0.608761429
    outer loop
      vertex 22.807179677 37.696827390 5.000000000
      vertex 22.807179677 26.273582437 5.000000000
      vertex 22.934314575 26.346983804 5.165685425
    endloop
  endfacet
  facet normal -0.79335334 -2.5044907e-16 0.608761429
    outer loop
      vertex 22.807179677 37.696827390 5.000000000
      vertex 22.934314575 26.346983804 5.165685425
      vertex 22.934314575 37.623426022 5.165685425
    endloop
  endfacet
  facet normal -0.39667667 -0.687064147 0.608761429
    outer loop
      vertex 22.807179677 26.273582437 5.000000000
      vertex 32.700000000 20.561959960 5.000000000
      vertex 32.700000000 20.708762695 5.165685425
    endloop
  endfacet
  facet normal -0.39667667 -0.687064147 0.608761429
    outer loop
      vertex 22.807179677 26.273582437 5.000000000
      vertex 32.700000000 20.708762695 5.165685425
      vertex 22.934314575 26.346983804 5.165685425
    endloop
  endfacet
  facet normal 0.39667667 -0.687064147 0.608761429
    outer loop
      vertex 32.700000000 20.561959960 5.000000000
      vertex 42.592820323 26.273582437 5.000000000
      vertex 42.465685425 26.346983804 5.165685425
    endloop
  endfacet
  facet normal 0.39667667 -0.687064147 0.608761429
    outer loop
      vertex 32.700000000 20.561959960 5.000000000
      vertex 42.465685425 26.346983804 5.165685425
      vertex 32.700000000 20.708762695 5.165685425
    endloop
  endfacet
  facet normal 0.79335334 -0 0.608761429
    outer loop
      vertex 42.592820323 26.273582437 5.000000000
      vertex 42.592820323 37.696827390 5.000000000
      vertex 42.465685425 37.623426022 5.165685425
    endloop
  endfacet
  facet normal 0.79335334 0 0.608761429
    outer loop
      vertex 42.592820323 26.273582437 5.000000000
      vertex 42.465685425 37.623426022 5.165685425
      vertex 42.465685425 26.346983804 5.165685425
    endloop
  endfacet
  facet normal 0.304380714 0.527202862 0.79335334
    outer loop
      vertex 42.465685425 37.623426022 5.165685425
      vertex 32.700000000 43.261647131 5.165685425
      vertex 32.700000000 43.070330082 5.292820323
    endloop
  endfacet
  facet normal 0.304380714 0.527202862 0.79335334
    outer loop
      vertex 42.465685425 37.623426022 5.165685425
      vertex 32.700000000 43.070330082 5.292820323
      vertex 42.300000000 37.527767497 5.292820323
    endloop
  endfacet
  facet normal -0.304380714 0.527202862 0.79335334
    outer loop
      vertex 32.700000000 43.261647131 5.165685425
      vertex 22.934314575 37.623426022 5.165685425
      vertex 23.100000000 37.527767497 5.292820323
    endloop
  endfacet
  facet normal -0.304380714 0.527202862 0.79335334
    outer loop
      vertex 32.700000000 43.261647131 5.165685425
      vertex 23.100000000 37.527767497 5.292820323
      vertex 32.700000000 43.070330082 5.292820323
    endloop
  endfacet
  facet normal -0.608761429 -1.91794097e-16 0.79335334
    outer loop
      vertex 22.934314575 37.623426022 5.165685425
      vertex 22.934314575 26.346983804 5.165685425
      vertex 23.100000000 26.442642329 5.292820323
    endloop
  endfacet
  facet normal -0.608761429 -1.94825299e-16 0.79335334
    outer loop
      vertex 22.934314575 37.623426022 5.165685425
      vertex 23.100000000 26.442642329 5.292820323
      vertex 23.100000000 37.527767497 5.292820323
    endloop
  endfacet
  facet normal -0.304380714 -0.527202862 0.79335334
    outer loop
      vertex 22.934314575 26.346983804 5.165685425
      vertex 32.700000000 20.708762695 5.165685425
      vertex 32.700000000 20.900079745 5.292820323
    endloop
  endfacet
  facet normal -0.304380714 -0.527202862 0.79335334
    outer loop
      vertex 22.934314575 26.346983804 5.165685425
      vertex 32.700000000 20.900079745 5.292820323
      vertex 23.100000000 26.442642329 5.292820323
    endloop
  endfacet
  facet normal 0.304380714 -0.527202862 0.79335334
    outer loop
      vertex 32.700000000 20.708762695 5.165685425
      vertex 42.465685425 26.346983804 5.165685425
      vertex 42.300000000 26.442642329 5.292820323
    endloop
  endfacet
  facet normal 0.304380714 -0.527202862 0.79335334
    outer loop
      vertex 32.700000000 20.708762695 5.165685425
      vertex 42.300000000 26.442642329 5.292820323
      vertex 32.700000000 20.900079745 5.292820323
    endloop
  endfacet
  facet normal 0.608761429 -0 0.79335334
    outer loop
      vertex 42.465685425 26.346983804 5.165685425
      vertex 42.465685425 37.623426022 5.165685425
      vertex 42.300000000 37.527767497 5.292820323
    endloop
  endfacet
  facet normal 0.608761429 0 0.79335334
    outer loop
      vertex 42.465685425 26.346983804 5.165685425
      vertex 42.300000000 37.527767497 5.292820323
      vertex 42.300000000 26.442642329 5.292820323
    endloop
  endfacet
  facet normal 0.191341716 0.331413574 0.923879533
    outer loop
      vertex 42.300000000 37.527767497 5.292820323
      vertex 32.700000000 43.070330082 5.292820323
      vertex 32.700000000 42.847536659 5.372740661
    endloop
  endfacet
  facet normal 0.191341716 0.331413574 0.923879533
    outer loop
      vertex 42.300000000 37.527767497 5.292820323
      vertex 32.700000000 42.847536659 5.372740661
      vertex 42.107055236 37.416370786 5.372740661
    endloop
  endfacet
  facet normal -0.191341716 0.331413574 0.923879533
    outer loop
      vertex 32.700000000 43.070330082 5.292820323
      vertex 23.100000000 37.527767497 5.292820323
      vertex 23.292944764 37.416370786 5.372740661
    endloop
  endfacet
  facet normal -0.191341716 0.331413574 0.923879533
    outer loop
      vertex 32.700000000 43.070330082 5.292820323
      vertex 23.292944764 37.416370786 5.372740661
      vertex 32.700000000 42.847536659 5.372740661
    endloop
  endfacet
  facet normal -0.382683432 -1.2264766e-16 0.923879533
    outer loop
      vertex 23.100000000 37.527767497 5.292820323
      vertex 23.100000000 26.442642329 5.292820323
      vertex 23.292944764 26.554039040 5.372740661
    endloop
  endfacet
  facet normal -0.382683432 -2.50056009e-16 0.923879533
    outer loop
      vertex 23.100000000 37.527767497 5.292820323
      vertex 23.292944764 26.554039040 5.372740661
      vertex 23.292944764 37.416370786 5.372740661
    endloop
  endfacet
  facet normal -0.191341716 -0.331413574 0.923879533
    outer loop
      vertex 23.100000000 26.442642329 5.292820323
      vertex 32.700000000 20.900079745 5.292820323
      vertex 32.700000000 21.122873167 5.372740661
    endloop
  endfacet
  facet normal -0.191341716 -0.331413574 0.923879533
    outer loop
      vertex 23.100000000 26.442642329 5.292820323
      vertex 32.700000000 21.122873167 5.372740661
      vertex 23.292944764 26.554039040 5.372740661
    endloop
  endfacet
  facet normal 0.191341716 -0.331413574 0.923879533
    outer loop
      vertex 32.700000000 20.900079745 5.292820323
      vertex 42.300000000 26.442642329 5.292820323
      vertex 42.107055236 26.554039040 5.372740661
    endloop
  endfacet
  facet normal 0.191341716 -0.331413574 0.923879533
    outer loop
      vertex 32.700000000 20.900079745 5.292820323
      vertex 42.107055236 26.554039040 5.372740661
      vertex 32.700000000 21.122873167 5.372740661
    endloop
  endfacet
  facet normal 0.382683432 -0 0.923879533
    outer loop
      vertex 42.300000000 26.442642329 5.292820323
      vertex 42.300000000 37.527767497 5.292820323
      vertex 42.107055236 37.416370786 5.372740661
    endloop
  endfacet
  facet normal 0.382683432 0 0.923879533
    outer loop
      vertex 42.300000000 26.442642329 5.292820323
      vertex 42.107055236 37.416370786 5.372740661
      vertex 42.107055236 26.554039040 5.372740661
    endloop
  endfacet
  facet normal 0.0652630962 0.113038998 0.991444861
    outer loop
      vertex 42.107055236 37.416370786 5.372740661
      vertex 32.700000000 42.847536659 5.372740661
      vertex 32.700000000 42.608449866 5.400000000
    endloop
  endfacet
  facet normal 0.0652630962 0.113038998 0.991444861
    outer loop
      vertex 42.107055236 37.416370786 5.372740661
      vertex 32.700000000 42.608449866 5.400000000
      vertex 41.900000000 37.296827390 5.400000000
    endloop
  endfacet
  facet normal -0.0652630962 0.113038998 0.991444861
    outer loop
      vertex 32.700000000 42.847536659 5.372740661
      vertex 23.292944764 37.416370786 5.372740661
      vertex 23.500000000 37.296827390 5.400000000
    endloop
  endfacet
  facet normal -0.0652630962 0.113038998 0.991444861
    outer loop
      vertex 32.700000000 42.847536659 5.372740661
      vertex 23.500000000 37.296827390 5.400000000
      vertex 32.700000000 42.608449866 5.400000000
    endloop
  endfacet
  facet normal -0.130526192 -8.53817026e-17 0.991444861
    outer loop
      vertex 23.292944764 37.416370786 5.372740661
      vertex 23.292944764 26.554039040 5.372740661
      vertex 23.500000000 26.673582437 5.400000000
    endloop
  endfacet
  facet normal -0.130526192 -4.3786823e-17 0.991444861
    outer loop
      vertex 23.292944764 37.416370786 5.372740661
      vertex 23.500000000 26.673582437 5.400000000
      vertex 23.500000000 37.296827390 5.400000000
    endloop
  endfacet
  facet normal -0.0652630962 -0.113038998 0.991444861
    outer loop
      vertex 23.292944764 26.554039040 5.372740661
      vertex 32.700000000 21.122873167 5.372740661
      vertex 32.700000000 21.361959960 5.400000000
    endloop
  endfacet
  facet normal -0.0652630962 -0.113038998 0.991444861
    outer loop
      vertex 23.292944764 26.554039040 5.372740661
      vertex 32.700000000 21.361959960 5.400000000
      vertex 23.500000000 26.673582437 5.400000000
    endloop
  endfacet
  facet normal 0.0652630962 -0.113038998 0.991444861
    outer loop
      vertex 32.700000000 21.122873167 5.372740661
      vertex 42.107055236 26.554039040 5.372740661
      vertex 41.900000000 26.673582437 5.400000000
    endloop
  endfacet
  facet normal 0.0652630962 -0.113038998 0.991444861
    outer loop
      vertex 32.700000000 21.122873167 5.372740661
      vertex 41.900000000 26.673582437 5.400000000
      vertex 32.700000000 21.361959960 5.400000000
    endloop
  endfacet
  facet normal 0.130526192 -0 0.991444861
    outer loop
      vertex 42.107055236 26.554039040 5.372740661
      vertex 42.107055236 37.416370786 5.372740661
      vertex 41.900000000 37.296827390 5.400000000
    endloop
  endfacet
  facet normal 0.130526192 0 0.991444861
    outer loop
      vertex 42.107055236 26.554039040 5.372740661
      vertex 41.900000000 37.296827390 5.400000000
      vertex 41.900000000 26.673582437 5.400000000
    endloop
  endfacet
  facet normal 0 0 1
    outer loop
      vertex 41.900000000 37.296827390 5.400000000
      vertex 32.700000000 42.608449866 5.400000000
      vertex 23.500000000 37.296827390 5.400000000
    endloop
  endfacet
  facet normal 0 0 1
    outer loop
      vertex 41.900000000 37.296827390 5.400000000
      vertex 23.500000000 37.296827390 5.400000000
      vertex 23.500000000 26.673582437 5.400000000
    endloop
  endfacet
  facet normal 0 0 1
    outer loop
      vertex 41.900000000 37.296827390 5.400000000
      vertex 23.500000000 26.673582437 5.400000000
      vertex 32.700000000 21.361959960 5.400000000
    endloop
  endfacet
  facet normal 0 0 1
    outer loop
      vertex 41.900000000 37.296827390 5.400000000
      vertex 32.700000000 21.361959960 5.400000000
      vertex 41.900000000 26.673582437 5.400000000
    endloop
  endfacet
  facet normal 0 0 -1
    outer loop
      vertex 129.900000000 37.758707605 3.000000000
      vertex 109.900000000 37.758707605 3.000000000
      vertex 119.900000000 43.532210297 3.000000000
    endloop
  endfacet
  facet normal -0 0 -1
    outer loop
      vertex 129.900000000 37.758707605 3.000000000
      vertex 109.900000000 26.211702221 3.000000000
      vertex 109.900000000 37.758707605 3.000000000
    endloop
  endfacet
  facet normal 0 0 -1
    outer loop
      vertex 129.900000000 37.758707605 3.000000000
      vertex 119.900000000 20.438199529 3.000000000
      vertex 109.900000000 26.211702221 3.000000000
    endloop
  endfacet
  facet normal 0 -0 -1
    outer loop
      vertex 129.900000000 37.758707605 3.000000000
      vertex 129.900000000 26.211702221 3.000000000
      vertex 119.900000000 20.438199529 3.000000000
    endloop
  endfacet
  facet normal 0.5 0.866025404 0
    outer loop
      vertex 129.900000000 37.758707605 3.000000000
      vertex 119.900000000 43.532210297 3.000000000
      vertex 119.900000000 43.532210297 4.600000000
    endloop
  endfacet
  facet normal 0.5 0.866025404 -0
    outer loop
      vertex 129.900000000 37.758707605 3.000000000
      vertex 119.900000000 43.532210297 4.600000000
      vertex 129.900000000 37.758707605 4.600000000
    endloop
  endfacet
  facet normal -0.5 0.866025404 0
    outer loop
      vertex 119.900000000 43.532210297 3.000000000
      vertex 109.900000000 37.758707605 3.000000000
      vertex 109.900000000 37.758707605 4.600000000
    endloop
  endfacet
  facet normal -0.5 0.866025404 0
    outer loop
      vertex 119.900000000 43.532210297 3.000000000
      vertex 109.900000000 37.758707605 4.600000000
      vertex 119.900000000 43.532210297 4.600000000
    endloop
  endfacet
  facet normal -1 0 0
    outer loop
      vertex 109.900000000 37.758707605 3.000000000
      vertex 109.900000000 26.211702221 3.000000000
      vertex 109.900000000 26.211702221 4.600000000
    endloop
  endfacet
  facet normal -1 0 0
    outer loop
      vertex 109.900000000 37.758707605 3.000000000
      vertex 109.900000000 26.211702221 4.600000000
      vertex 109.900000000 37.758707605 4.600000000
    endloop
  endfacet
  facet normal -0.5 -0.866025404 0
    outer loop
      vertex 109.900000000 26.211702221 3.000000000
      vertex 119.900000000 20.438199529 3.000000000
      vertex 119.900000000 20.438199529 4.600000000
    endloop
  endfacet
  facet normal -0.5 -0.866025404 0
    outer loop
      vertex 109.900000000 26.211702221 3.000000000
      vertex 119.900000000 20.438199529 4.600000000
      vertex 109.900000000 26.211702221 4.600000000
    endloop
  endfacet
  facet normal 0.5 -0.866025404 0
    outer loop
      vertex 119.900000000 20.438199529 3.000000000
      vertex 129.900000000 26.211702221 3.000000000
      vertex 129.900000000 26.211702221 4.600000000
    endloop
  endfacet
  facet normal 0.5 -0.866025404 0
    outer loop
      vertex 119.900000000 20.438199529 3.000000000
      vertex 129.900000000 26.211702221 4.600000000
      vertex 119.900000000 20.438199529 4.600000000
    endloop
  endfacet
  facet normal 1 0 0
    outer loop
      vertex 129.900000000 26.211702221 3.000000000
      vertex 129.900000000 37.758707605 3.000000000
      vertex 129.900000000 37.758707605 4.600000000
    endloop
  endfacet
  facet normal 1 0 0
    outer loop
      vertex 129.900000000 26.211702221 3.000000000
      vertex 129.900000000 37.758707605 4.600000000
      vertex 129.900000000 26.211702221 4.600000000
    endloop
  endfacet
  facet normal 0.495722431 0.858616436 0.130526192
    outer loop
      vertex 129.900000000 37.758707605 4.600000000
      vertex 119.900000000 43.532210297 4.600000000
      vertex 119.900000000 43.500733924 4.807055236
    endloop
  endfacet
  facet normal 0.495722431 0.858616436 0.130526192
    outer loop
      vertex 129.900000000 37.758707605 4.600000000
      vertex 119.900000000 43.500733924 4.807055236
      vertex 129.872740661 37.742969418 4.807055236
    endloop
  endfacet
  facet normal -0.495722431 0.858616436 0.130526192
    outer loop
      vertex 119.900000000 43.532210297 4.600000000
      vertex 109.900000000 37.758707605 4.600000000
      vertex 109.927259339 37.742969418 4.807055236
    endloop
  endfacet
  facet normal -0.495722431 0.858616436 0.130526192
    outer loop
      vertex 119.900000000 43.532210297 4.600000000
      vertex 109.927259339 37.742969418 4.807055236
      vertex 119.900000000 43.500733924 4.807055236
    endloop
  endfacet
  facet normal -0.991444861 0 0.130526192
    outer loop
      vertex 109.900000000 37.758707605 4.600000000
      vertex 109.900000000 26.211702221 4.600000000
      vertex 109.927259339 26.227440408 4.807055236
    endloop
  endfacet
  facet normal -0.991444861 0 0.130526192
    outer loop
      vertex 109.900000000 37.758707605 4.600000000
      vertex 109.927259339 26.227440408 4.807055236
      vertex 109.927259339 37.742969418 4.807055236
    endloop
  endfacet
  facet normal -0.495722431 -0.858616436 0.130526192
    outer loop
      vertex 109.900000000 26.211702221 4.600000000
      vertex 119.900000000 20.438199529 4.600000000
      vertex 119.900000000 20.469675903 4.807055236
    endloop
  endfacet
  facet normal -0.495722431 -0.858616436 0.130526192
    outer loop
      vertex 109.900000000 26.211702221 4.600000000
      vertex 119.900000000 20.469675903 4.807055236
      vertex 109.927259339 26.227440408 4.807055236
    endloop
  endfacet
  facet normal 0.495722431 -0.858616436 0.130526192
    outer loop
      vertex 119.900000000 20.438199529 4.600000000
      vertex 129.900000000 26.211702221 4.600000000
      vertex 129.872740661 26.227440408 4.807055236
    endloop
  endfacet
  facet normal 0.495722431 -0.858616436 0.130526192
    outer loop
      vertex 119.900000000 20.438199529 4.600000000
      vertex 129.872740661 26.227440408 4.807055236
      vertex 119.900000000 20.469675903 4.807055236
    endloop
  endfacet
  facet normal 0.991444861 -0 0.130526192
    outer loop
      vertex 129.900000000 26.211702221 4.600000000
      vertex 129.900000000 37.758707605 4.600000000
      vertex 129.872740661 37.742969418 4.807055236
    endloop
  endfacet
  facet normal 0.991444861 0 0.130526192
    outer loop
      vertex 129.900000000 26.211702221 4.600000000
      vertex 129.872740661 37.742969418 4.807055236
      vertex 129.872740661 26.227440408 4.807055236
    endloop
  endfacet
  facet normal 0.461939766 0.800103145 0.382683432
    outer loop
      vertex 129.872740661 37.742969418 4.807055236
      vertex 119.900000000 43.500733924 4.807055236
      vertex 119.900000000 43.408449866 5.000000000
    endloop
  endfacet
  facet normal 0.461939766 0.800103145 0.382683432
    outer loop
      vertex 129.872740661 37.742969418 4.807055236
      vertex 119.900000000 43.408449866 5.000000000
      vertex 129.792820323 37.696827390 5.000000000
    endloop
  endfacet
  facet normal -0.461939766 0.800103145 0.382683432
    outer loop
      vertex 119.900000000 43.500733924 4.807055236
      vertex 109.927259339 37.742969418 4.807055236
      vertex 110.007179677 37.696827390 5.000000000
    endloop
  endfacet
  facet normal -0.461939766 0.800103145 0.382683432
    outer loop
      vertex 119.900000000 43.500733924 4.807055236
      vertex 110.007179677 37.696827390 5.000000000
      vertex 119.900000000 43.408449866 5.000000000
    endloop
  endfacet
  facet normal -0.923879533 0 0.382683432
    outer loop
      vertex 109.927259339 37.742969418 4.807055236
      vertex 109.927259339 26.227440408 4.807055236
      vertex 110.007179677 26.273582437 5.000000000
    endloop
  endfacet
  facet normal -0.923879533 0 0.382683432
    outer loop
      vertex 109.927259339 37.742969418 4.807055236
      vertex 110.007179677 26.273582437 5.000000000
      vertex 110.007179677 37.696827390 5.000000000
    endloop
  endfacet
  facet normal -0.461939766 -0.800103145 0.382683432
    outer loop
      vertex 109.927259339 26.227440408 4.807055236
      vertex 119.900000000 20.469675903 4.807055236
      vertex 119.900000000 20.561959960 5.000000000
    endloop
  endfacet
  facet normal -0.461939766 -0.800103145 0.382683432
    outer loop
      vertex 109.927259339 26.227440408 4.807055236
      vertex 119.900000000 20.561959960 5.000000000
      vertex 110.007179677 26.273582437 5.000000000
    endloop
  endfacet
  facet normal 0.461939766 -0.800103145 0.382683432
    outer loop
      vertex 119.900000000 20.469675903 4.807055236
      vertex 129.872740661 26.227440408 4.807055236
      vertex 129.792820323 26.273582437 5.000000000
    endloop
  endfacet
  facet normal 0.461939766 -0.800103145 0.382683432
    outer loop
      vertex 119.900000000 20.469675903 4.807055236
      vertex 129.792820323 26.273582437 5.000000000
      vertex 119.900000000 20.561959960 5.000000000
    endloop
  endfacet
  facet normal 0.923879533 -0 0.382683432
    outer loop
      vertex 129.872740661 26.227440408 4.807055236
      vertex 129.872740661 37.742969418 4.807055236
      vertex 129.792820323 37.696827390 5.000000000
    endloop
  endfacet
  facet normal 0.923879533 0 0.382683432
    outer loop
      vertex 129.872740661 26.227440408 4.807055236
      vertex 129.792820323 37.696827390 5.000000000
      vertex 129.792820323 26.273582437 5.000000000
    endloop
  endfacet
  facet normal 0.39667667 0.687064147 0.608761429
    outer loop
      vertex 129.792820323 37.696827390 5.000000000
      vertex 119.900000000 43.408449866 5.000000000
      vertex 119.900000000 43.261647131 5.165685425
    endloop
  endfacet
  facet normal 0.39667667 0.687064147 0.608761429
    outer loop
      vertex 129.792820323 37.696827390 5.000000000
      vertex 119.900000000 43.261647131 5.165685425
      vertex 129.665685425 37.623426022 5.165685425
    endloop
  endfacet
  facet normal -0.39667667 0.687064147 0.608761429
    outer loop
      vertex 119.900000000 43.408449866 5.000000000
      vertex 110.007179677 37.696827390 5.000000000
      vertex 110.134314575 37.623426022 5.165685425
    endloop
  endfacet
  facet normal -0.39667667 0.687064147 0.608761429
    outer loop
      vertex 119.900000000 43.408449866 5.000000000
      vertex 110.134314575 37.623426022 5.165685425
      vertex 119.900000000 43.261647131 5.165685425
    endloop
  endfacet
  facet normal -0.79335334 0 0.608761429
    outer loop
      vertex 110.007179677 37.696827390 5.000000000
      vertex 110.007179677 26.273582437 5.000000000
      vertex 110.134314575 26.346983804 5.165685425
    endloop
  endfacet
  facet normal -0.79335334 0 0.608761429
    outer loop
      vertex 110.007179677 37.696827390 5.000000000
      vertex 110.134314575 26.346983804 5.165685425
      vertex 110.134314575 37.623426022 5.165685425
    endloop
  endfacet
  facet normal -0.39667667 -0.687064147 0.608761429
    outer loop
      vertex 110.007179677 26.273582437 5.000000000
      vertex 119.900000000 20.561959960 5.000000000
      vertex 119.900000000 20.708762695 5.165685425
    endloop
  endfacet
  facet normal -0.39667667 -0.687064147 0.608761429
    outer loop
      vertex 110.007179677 26.273582437 5.000000000
      vertex 119.900000000 20.708762695 5.165685425
      vertex 110.134314575 26.346983804 5.165685425
    endloop
  endfacet
  facet normal 0.39667667 -0.687064147 0.608761429
    outer loop
      vertex 119.900000000 20.561959960 5.000000000
      vertex 129.792820323 26.273582437 5.000000000
      vertex 129.665685425 26.346983804 5.165685425
    endloop
  endfacet
  facet normal 0.39667667 -0.687064147 0.608761429
    outer loop
      vertex 119.900000000 20.561959960 5.000000000
      vertex 129.665685425 26.346983804 5.165685425
      vertex 119.900000000 20.708762695 5.165685425
    endloop
  endfacet
  facet normal 0.79335334 -0 0.608761429
    outer loop
      vertex 129.792820323 26.273582437 5.000000000
      vertex 129.792820323 37.696827390 5.000000000
      vertex 129.665685425 37.623426022 5.165685425
    endloop
  endfacet
  facet normal 0.79335334 0 0.608761429
    outer loop
      vertex 129.792820323 26.273582437 5.000000000
      vertex 129.665685425 37.623426022 5.165685425
      vertex 129.665685425 26.346983804 5.165685425
    endloop
  endfacet
  facet normal 0.304380714 0.527202862 0.79335334
    outer loop
      vertex 129.665685425 37.623426022 5.165685425
      vertex 119.900000000 43.261647131 5.165685425
      vertex 119.900000000 43.070330082 5.292820323
    endloop
  endfacet
  facet normal 0.304380714 0.527202862 0.79335334
    outer loop
      vertex 129.665685425 37.623426022 5.165685425
      vertex 119.900000000 43.070330082 5.292820323
      vertex 129.500000000 37.527767497 5.292820323
    endloop
  endfacet
  facet normal -0.304380714 0.527202862 0.79335334
    outer loop
      vertex 119.900000000 43.261647131 5.165685425
      vertex 110.134314575 37.623426022 5.165685425
      vertex 110.300000000 37.527767497 5.292820323
    endloop
  endfacet
  facet normal -0.304380714 0.527202862 0.79335334
    outer loop
      vertex 119.900000000 43.261647131 5.165685425
      vertex 110.300000000 37.527767497 5.292820323
      vertex 119.900000000 43.070330082 5.292820323
    endloop
  endfacet
  facet normal -0.608761429 0 0.79335334
    outer loop
      vertex 110.134314575 37.623426022 5.165685425
      vertex 110.134314575 26.346983804 5.165685425
      vertex 110.300000000 26.442642329 5.292820323
    endloop
  endfacet
  facet normal -0.608761429 0 0.79335334
    outer loop
      vertex 110.134314575 37.623426022 5.165685425
      vertex 110.300000000 26.442642329 5.292820323
      vertex 110.300000000 37.527767497 5.292820323
    endloop
  endfacet
  facet normal -0.304380714 -0.527202862 0.79335334
    outer loop
      vertex 110.134314575 26.346983804 5.165685425
      vertex 119.900000000 20.708762695 5.165685425
      vertex 119.900000000 20.900079745 5.292820323
    endloop
  endfacet
  facet normal -0.304380714 -0.527202862 0.79335334
    outer loop
      vertex 110.134314575 26.346983804 5.165685425
      vertex 119.900000000 20.900079745 5.292820323
      vertex 110.300000000 26.442642329 5.292820323
    endloop
  endfacet
  facet normal 0.304380714 -0.527202862 0.79335334
    outer loop
      vertex 119.900000000 20.708762695 5.165685425
      vertex 129.665685425 26.346983804 5.165685425
      vertex 129.500000000 26.442642329 5.292820323
    endloop
  endfacet
  facet normal 0.304380714 -0.527202862 0.79335334
    outer loop
      vertex 119.900000000 20.708762695 5.165685425
      vertex 129.500000000 26.442642329 5.292820323
      vertex 119.900000000 20.900079745 5.292820323
    endloop
  endfacet
  facet normal 0.608761429 -0 0.79335334
    outer loop
      vertex 129.665685425 26.346983804 5.165685425
      vertex 129.665685425 37.623426022 5.165685425
      vertex 129.500000000 37.527767497 5.292820323
    endloop
  endfacet
  facet normal 0.608761429 0 0.79335334
    outer loop
      vertex 129.665685425 26.346983804 5.165685425
      vertex 129.500000000 37.527767497 5.292820323
      vertex 129.500000000 26.442642329 5.292820323
    endloop
  endfacet
  facet normal 0.191341716 0.331413574 0.923879533
    outer loop
      vertex 129.500000000 37.527767497 5.292820323
      vertex 119.900000000 43.070330082 5.292820323
      vertex 119.900000000 42.847536659 5.372740661
    endloop
  endfacet
  facet normal 0.191341716 0.331413574 0.923879533
    outer loop
      vertex 129.500000000 37.527767497 5.292820323
      vertex 119.900000000 42.847536659 5.372740661
      vertex 129.307055236 37.416370786 5.372740661
    endloop
  endfacet
  facet normal -0.191341716 0.331413574 0.923879533
    outer loop
      vertex 119.900000000 43.070330082 5.292820323
      vertex 110.300000000 37.527767497 5.292820323
      vertex 110.492944764 37.416370786 5.372740661
    endloop
  endfacet
  facet normal -0.191341716 0.331413574 0.923879533
    outer loop
      vertex 119.900000000 43.070330082 5.292820323
      vertex 110.492944764 37.416370786 5.372740661
      vertex 119.900000000 42.847536659 5.372740661
    endloop
  endfacet
  facet normal -0.382683432 0 0.923879533
    outer loop
      vertex 110.300000000 37.527767497 5.292820323
      vertex 110.300000000 26.442642329 5.292820323
      vertex 110.492944764 26.554039040 5.372740661
    endloop
  endfacet
  facet normal -0.382683432 0 0.923879533
    outer loop
      vertex 110.300000000 37.527767497 5.292820323
      vertex 110.492944764 26.554039040 5.372740661
      vertex 110.492944764 37.416370786 5.372740661
    endloop
  endfacet
  facet normal -0.191341716 -0.331413574 0.923879533
    outer loop
      vertex 110.300000000 26.442642329 5.292820323
      vertex 119.900000000 20.900079745 5.292820323
      vertex 119.900000000 21.122873167 5.372740661
    endloop
  endfacet
  facet normal -0.191341716 -0.331413574 0.923879533
    outer loop
      vertex 110.300000000 26.442642329 5.292820323
      vertex 119.900000000 21.122873167 5.372740661
      vertex 110.492944764 26.554039040 5.372740661
    endloop
  endfacet
  facet normal 0.191341716 -0.331413574 0.923879533
    outer loop
      vertex 119.900000000 20.900079745 5.292820323
      vertex 129.500000000 26.442642329 5.292820323
      vertex 129.307055236 26.554039040 5.372740661
    endloop
  endfacet
  facet normal 0.191341716 -0.331413574 0.923879533
    outer loop
      vertex 119.900000000 20.900079745 5.292820323
      vertex 129.307055236 26.554039040 5.372740661
      vertex 119.900000000 21.122873167 5.372740661
    endloop
  endfacet
  facet normal 0.382683432 -0 0.923879533
    outer loop
      vertex 129.500000000 26.442642329 5.292820323
      vertex 129.500000000 37.527767497 5.292820323
      vertex 129.307055236 37.416370786 5.372740661
    endloop
  endfacet
  facet normal 0.382683432 0 0.923879533
    outer loop
      vertex 129.500000000 26.442642329 5.292820323
      vertex 129.307055236 37.416370786 5.372740661
      vertex 129.307055236 26.554039040 5.372740661
    endloop
  endfacet
  facet normal 0.0652630962 0.113038998 0.991444861
    outer loop
      vertex 129.307055236 37.416370786 5.372740661
      vertex 119.900000000 42.847536659 5.372740661
      vertex 119.900000000 42.608449866 5.400000000
    endloop
  endfacet
  facet normal 0.0652630962 0.113038998 0.991444861
    outer loop
      vertex 129.307055236 37.416370786 5.372740661
      vertex 119.900000000 42.608449866 5.400000000
      vertex 129.100000000 37.296827390 5.400000000
    endloop
  endfacet
  facet normal -0.0652630962 0.113038998 0.991444861
    outer loop
      vertex 119.900000000 42.847536659 5.372740661
      vertex 110.492944764 37.416370786 5.372740661
      vertex 110.700000000 37.296827390 5.400000000
    endloop
  endfacet
  facet normal -0.0652630962 0.113038998 0.991444861
    outer loop
      vertex 119.900000000 42.847536659 5.372740661
      vertex 110.700000000 37.296827390 5.400000000
      vertex 119.900000000 42.608449866 5.400000000
    endloop
  endfacet
  facet normal -0.130526192 0 0.991444861
    outer loop
      vertex 110.492944764 37.416370786 5.372740661
      vertex 110.492944764 26.554039040 5.372740661
      vertex 110.700000000 26.673582437 5.400000000
    endloop
  endfacet
  facet normal -0.130526192 0 0.991444861
    outer loop
      vertex 110.492944764 37.416370786 5.372740661
      vertex 110.700000000 26.673582437 5.400000000
      vertex 110.700000000 37.296827390 5.400000000
    endloop
  endfacet
  facet normal -0.0652630962 -0.113038998 0.991444861
    outer loop
      vertex 110.492944764 26.554039040 5.372740661
      vertex 119.900000000 21.122873167 5.372740661
      vertex 119.900000000 21.361959960 5.400000000
    endloop
  endfacet
  facet normal -0.0652630962 -0.113038998 0.991444861
    outer loop
      vertex 110.492944764 26.554039040 5.372740661
      vertex 119.900000000 21.361959960 5.400000000
      vertex 110.700000000 26.673582437 5.400000000
    endloop
  endfacet
  facet normal 0.0652630962 -0.113038998 0.991444861
    outer loop
      vertex 119.900000000 21.122873167 5.372740661
      vertex 129.307055236 26.554039040 5.372740661
      vertex 129.100000000 26.673582437 5.400000000
    endloop
  endfacet
  facet normal 0.0652630962 -0.113038998 0.991444861
    outer loop
      vertex 119.900000000 21.122873167 5.372740661
      vertex 129.100000000 26.673582437 5.400000000
      vertex 119.900000000 21.361959960 5.400000000
    endloop
  endfacet
  facet normal 0.130526192 -0 0.991444861
    outer loop
      vertex 129.307055236 26.554039040 5.372740661
      vertex 129.307055236 37.416370786 5.372740661
      vertex 129.100000000 37.296827390 5.400000000
    endloop
  endfacet
  facet normal 0.130526192 0 0.991444861
    outer loop
      vertex 129.307055236 26.554039040 5.372740661
      vertex 129.100000000 37.296827390 5.400000000
      vertex 129.100000000 26.673582437 5.400000000
    endloop
  endfacet
  facet normal 0 0 1
    outer loop
      vertex 129.100000000 37.296827390 5.400000000
      vertex 119.900000000 42.608449866 5.400000000
      vertex 110.700000000 37.296827390 5.400000000
    endloop
  endfacet
  facet normal 0 0 1
    outer loop
      vertex 129.100000000 37.296827390 5.400000000
      vertex 110.700000000 37.296827390 5.400000000
      vertex 110.700000000 26.673582437 5.400000000
    endloop
  endfacet
  facet normal 0 0 1
    outer loop
      vertex 129.100000000 37.296827390 5.400000000
      vertex 110.700000000 26.673582437 5.400000000
      vertex 119.900000000 21.361959960 5.400000000
    endloop
  endfacet
  facet normal 0 0 1
    outer loop
      vertex 129.100000000 37.296827390 5.400000000
      vertex 119.900000000 21.361959960 5.400000000
      vertex 129.100000000 26.673582437 5.400000000
    endloop
  endfacet
  facet normal 0 0 -1
    outer loop
      vertex 53.600000000 56.638061408 3.000000000
      vertex 33.600000000 56.638061408 3.000000000
      vertex 43.600000000 62.411564099 3.000000000
    endloop
  endfacet
  facet normal -0 0 -1
    outer loop
      vertex 53.600000000 56.638061408 3.000000000
      vertex 33.600000000 45.091056024 3.000000000
      vertex 33.600000000 56.638061408 3.000000000
    endloop
  endfacet
  facet normal 0 0 -1
    outer loop
      vertex 53.600000000 56.638061408 3.000000000
      vertex 43.600000000 39.317553332 3.000000000
      vertex 33.600000000 45.091056024 3.000000000
    endloop
  endfacet
  facet normal 0 -0 -1
    outer loop
      vertex 53.600000000 56.638061408 3.000000000
      vertex 53.600000000 45.091056024 3.000000000
      vertex 43.600000000 39.317553332 3.000000000
    endloop
  endfacet
  facet normal 0.5 0.866025404 0
    outer loop
      vertex 53.600000000 56.638061408 3.000000000
      vertex 43.600000000 62.411564099 3.000000000
      vertex 43.600000000 62.411564099 4.600000000
    endloop
  endfacet
  facet normal 0.5 0.866025404 -0
    outer loop
      vertex 53.600000000 56.638061408 3.000000000
      vertex 43.600000000 62.411564099 4.600000000
      vertex 53.600000000 56.638061408 4.600000000
    endloop
  endfacet
  facet normal -0.5 0.866025404 0
    outer loop
      vertex 43.600000000 62.411564099 3.000000000
      vertex 33.600000000 56.638061408 3.000000000
      vertex 33.600000000 56.638061408 4.600000000
    endloop
  endfacet
  facet normal -0.5 0.866025404 0
    outer loop
      vertex 43.600000000 62.411564099 3.000000000
      vertex 33.600000000 56.638061408 4.600000000
      vertex 43.600000000 62.411564099 4.600000000
    endloop
  endfacet
  facet normal -1 0 0
    outer loop
      vertex 33.600000000 56.638061408 3.000000000
      vertex 33.600000000 45.091056024 3.000000000
      vertex 33.600000000 45.091056024 4.600000000
    endloop
  endfacet
  facet normal -1 0 0
    outer loop
      vertex 33.600000000 56.638061408 3.000000000
      vertex 33.600000000 45.091056024 4.600000000
      vertex 33.600000000 56.638061408 4.600000000
    endloop
  endfacet
  facet normal -0.5 -0.866025404 0
    outer loop
      vertex 33.600000000 45.091056024 3.000000000
      vertex 43.600000000 39.317553332 3.000000000
      vertex 43.600000000 39.317553332 4.600000000
    endloop
  endfacet
  facet normal -0.5 -0.866025404 0
    outer loop
      vertex 33.600000000 45.091056024 3.000000000
      vertex 43.600000000 39.317553332 4.600000000
      vertex 33.600000000 45.091056024 4.600000000
    endloop
  endfacet
  facet normal 0.5 -0.866025404 0
    outer loop
      vertex 43.600000000 39.317553332 3.000000000
      vertex 53.600000000 45.091056024 3.000000000
      vertex 53.600000000 45.091056024 4.600000000
    endloop
  endfacet
  facet normal 0.5 -0.866025404 0
    outer loop
      vertex 43.600000000 39.317553332 3.000000000
      vertex 53.600000000 45.091056024 4.600000000
      vertex 43.600000000 39.317553332 4.600000000
    endloop
  endfacet
  facet normal 1 0 0
    outer loop
      vertex 53.600000000 45.091056024 3.000000000
      vertex 53.600000000 56.638061408 3.000000000
      vertex 53.600000000 56.638061408 4.600000000
    endloop
  endfacet
  facet normal 1 0 0
    outer loop
      vertex 53.600000000 45.091056024 3.000000000
      vertex 53.600000000 56.638061408 4.600000000
      vertex 53.600000000 45.091056024 4.600000000
    endloop
  endfacet
  facet normal 0.495722431 0.858616436 0.130526192
    outer loop
      vertex 53.600000000 56.638061408 4.600000000
      vertex 43.600000000 62.411564099 4.600000000
      vertex 43.600000000 62.380087726 4.807055236
    endloop
  endfacet
  facet normal 0.495722431 0.858616436 0.130526192
    outer loop
      vertex 53.600000000 56.638061408 4.600000000
      vertex 43.600000000 62.380087726 4.807055236
      vertex 53.572740661 56.622323221 4.807055236
    endloop
  endfacet
  facet normal -0.495722431 0.858616436 0.130526192
    outer loop
      vertex 43.600000000 62.411564099 4.600000000
      vertex 33.600000000 56.638061408 4.600000000
      vertex 33.627259339 56.622323221 4.807055236
    endloop
  endfacet
  facet normal -0.495722431 0.858616436 0.130526192
    outer loop
      vertex 43.600000000 62.411564099 4.600000000
      vertex 33.627259339 56.622323221 4.807055236
      vertex 43.600000000 62.380087726 4.807055236
    endloop
  endfacet
  facet normal -0.991444861 0 0.130526192
    outer loop
      vertex 33.600000000 56.638061408 4.600000000
      vertex 33.600000000 45.091056024 4.600000000
      vertex 33.627259339 45.106794210 4.807055236
    endloop
  endfacet
  facet normal -0.991444861 0 0.130526192
    outer loop
      vertex 33.600000000 56.638061408 4.600000000
      vertex 33.627259339 45.106794210 4.807055236
      vertex 33.627259339 56.622323221 4.807055236
    endloop
  endfacet
  facet normal -0.495722431 -0.858616436 0.130526192
    outer loop
      vertex 33.600000000 45.091056024 4.600000000
      vertex 43.600000000 39.317553332 4.600000000
      vertex 43.600000000 39.349029705 4.807055236
    endloop
  endfacet
  facet normal -0.495722431 -0.858616436 0.130526192
    outer loop
      vertex 33.600000000 45.091056024 4.600000000
      vertex 43.600000000 39.349029705 4.807055236
      vertex 33.627259339 45.106794210 4.807055236
    endloop
  endfacet
  facet normal 0.495722431 -0.858616436 0.130526192
    outer loop
      vertex 43.600000000 39.317553332 4.600000000
      vertex 53.600000000 45.091056024 4.600000000
      vertex 53.572740661 45.106794210 4.807055236
    endloop
  endfacet
  facet normal 0.495722431 -0.858616436 0.130526192
    outer loop
      vertex 43.600000000 39.317553332 4.600000000
      vertex 53.572740661 45.106794210 4.807055236
      vertex 43.600000000 39.349029705 4.807055236
    endloop
  endfacet
  facet normal 0.991444861 -0 0.130526192
    outer loop
      vertex 53.600000000 45.091056024 4.600000000
      vertex 53.600000000 56.638061408 4.600000000
      vertex 53.572740661 56.622323221 4.807055236
    endloop
  endfacet
  facet normal 0.991444861 0 0.130526192
    outer loop
      vertex 53.600000000 45.091056024 4.600000000
      vertex 53.572740661 56.622323221 4.807055236
      vertex 53.572740661 45.106794210 4.807055236
    endloop
  endfacet
  facet normal 0.461939766 0.800103145 0.382683432
    outer loop
      vertex 53.572740661 56.622323221 4.807055236
      vertex 43.600000000 62.380087726 4.807055236
      vertex 43.600000000 62.287803669 5.000000000
    endloop
  endfacet
  facet normal 0.461939766 0.800103145 0.382683432
    outer loop
      vertex 53.572740661 56.622323221 4.807055236
      vertex 43.600000000 62.287803669 5.000000000
      vertex 53.492820323 56.576181192 5.000000000
    endloop
  endfacet
  facet normal -0.461939766 0.800103145 0.382683432
    outer loop
      vertex 43.600000000 62.380087726 4.807055236
      vertex 33.627259339 56.622323221 4.807055236
      vertex 33.707179677 56.576181192 5.000000000
    endloop
  endfacet
  facet normal -0.461939766 0.800103145 0.382683432
    outer loop
      vertex 43.600000000 62.380087726 4.807055236
      vertex 33.707179677 56.576181192 5.000000000
      vertex 43.600000000 62.287803669 5.000000000
    endloop
  endfacet
  facet normal -0.923879533 0 0.382683432
    outer loop
      vertex 33.627259339 56.622323221 4.807055236
      vertex 33.627259339 45.106794210 4.807055236
      vertex 33.707179677 45.152936239 5.000000000
    endloop
  endfacet
  facet normal -0.923879533 0 0.382683432
    outer loop
      vertex 33.627259339 56.622323221 4.807055236
      vertex 33.707179677 45.152936239 5.000000000
      vertex 33.707179677 56.576181192 5.000000000
    endloop
  endfacet
  facet normal -0.461939766 -0.800103145 0.382683432
    outer loop
      vertex 33.627259339 45.106794210 4.807055236
      vertex 43.600000000 39.349029705 4.807055236
      vertex 43.600000000 39.441313763 5.000000000
    endloop
  endfacet
  facet normal -0.461939766 -0.800103145 0.382683432
    outer loop
      vertex 33.627259339 45.106794210 4.807055236
      vertex 43.600000000 39.441313763 5.000000000
      vertex 33.707179677 45.152936239 5.000000000
    endloop
  endfacet
  facet normal 0.461939766 -0.800103145 0.382683432
    outer loop
      vertex 43.600000000 39.349029705 4.807055236
      vertex 53.572740661 45.106794210 4.807055236
      vertex 53.492820323 45.152936239 5.000000000
    endloop
  endfacet
  facet normal 0.461939766 -0.800103145 0.382683432
    outer loop
      vertex 43.600000000 39.349029705 4.807055236
      vertex 53.492820323 45.152936239 5.000000000
      vertex 43.600000000 39.441313763 5.000000000
    endloop
  endfacet
  facet normal 0.923879533 -0 0.382683432
    outer loop
      vertex 53.572740661 45.106794210 4.807055236
      vertex 53.572740661 56.622323221 4.807055236
      vertex 53.492820323 56.576181192 5.000000000
    endloop
  endfacet
  facet normal 0.923879533 0 0.382683432
    outer loop
      vertex 53.572740661 45.106794210 4.807055236
      vertex 53.492820323 56.576181192 5.000000000
      vertex 53.492820323 45.152936239 5.000000000
    endloop
  endfacet
  facet normal 0.39667667 0.687064147 0.608761429
    outer loop
      vertex 53.492820323 56.576181192 5.000000000
      vertex 43.600000000 62.287803669 5.000000000
      vertex 43.600000000 62.141000933 5.165685425
    endloop
  endfacet
  facet normal 0.39667667 0.687064147 0.608761429
    outer loop
      vertex 53.492820323 56.576181192 5.000000000
      vertex 43.600000000 62.141000933 5.165685425
      vertex 53.365685425 56.502779825 5.165685425
    endloop
  endfacet
  facet normal -0.39667667 0.687064147 0.608761429
    outer loop
      vertex 43.600000000 62.287803669 5.000000000
      vertex 33.707179677 56.576181192 5.000000000
      vertex 33.834314575 56.502779825 5.165685425
    endloop
  endfacet
  facet normal -0.39667667 0.687064147 0.608761429
    outer loop
      vertex 43.600000000 62.287803669 5.000000000
      vertex 33.834314575 56.502779825 5.165685425
      vertex 43.600000000 62.141000933 5.165685425
    endloop
  endfacet
  facet normal -0.79335334 0 0.608761429
    outer loop
      vertex 33.707179677 56.576181192 5.000000000
      vertex 33.707179677 45.152936239 5.000000000
      vertex 33.834314575 45.226337607 5.165685425
    endloop
  endfacet
  facet normal -0.79335334 0 0.608761429
    outer loop
      vertex 33.707179677 56.576181192 5.000000000
      vertex 33.834314575 45.226337607 5.165685425
      vertex 33.834314575 56.502779825 5.165685425
    endloop
  endfacet
  facet normal -0.39667667 -0.687064147 0.608761429
    outer loop
      vertex 33.707179677 45.152936239 5.000000000
      vertex 43.600000000 39.441313763 5.000000000
      vertex 43.600000000 39.588116498 5.165685425
    endloop
  endfacet
  facet normal -0.39667667 -0.687064147 0.608761429
    outer loop
      vertex 33.707179677 45.152936239 5.000000000
      vertex 43.600000000 39.588116498 5.165685425
      vertex 33.834314575 45.226337607 5.165685425
    endloop
  endfacet
  facet normal 0.39667667 -0.687064147 0.608761429
    outer loop
      vertex 43.600000000 39.441313763 5.000000000
      vertex 53.492820323 45.152936239 5.000000000
      vertex 53.365685425 45.226337607 5.165685425
    endloop
  endfacet
  facet normal 0.39667667 -0.687064147 0.608761429
    outer loop
      vertex 43.600000000 39.441313763 5.000000000
      vertex 53.365685425 45.226337607 5.165685425
      vertex 43.600000000 39.588116498 5.165685425
    endloop
  endfacet
  facet normal 0.79335334 -0 0.608761429
    outer loop
      vertex 53.492820323 45.152936239 5.000000000
      vertex 53.492820323 56.576181192 5.000000000
      vertex 53.365685425 56.502779825 5.165685425
    endloop
  endfacet
  facet normal 0.79335334 0 0.608761429
    outer loop
      vertex 53.492820323 45.152936239 5.000000000
      vertex 53.365685425 56.502779825 5.165685425
      vertex 53.365685425 45.226337607 5.165685425
    endloop
  endfacet
  facet normal 0.304380714 0.527202862 0.79335334
    outer loop
      vertex 53.365685425 56.502779825 5.165685425
      vertex 43.600000000 62.141000933 5.165685425
      vertex 43.600000000 61.949683884 5.292820323
    endloop
  endfacet
  facet normal 0.304380714 0.527202862 0.79335334
    outer loop
      vertex 53.365685425 56.502779825 5.165685425
      vertex 43.600000000 61.949683884 5.292820323
      vertex 53.200000000 56.407121300 5.292820323
    endloop
  endfacet
  facet normal -0.304380714 0.527202862 0.79335334
    outer loop
      vertex 43.600000000 62.141000933 5.165685425
      vertex 33.834314575 56.502779825 5.165685425
      vertex 34.000000000 56.407121300 5.292820323
    endloop
  endfacet
  facet normal -0.304380714 0.527202862 0.79335334
    outer loop
      vertex 43.600000000 62.141000933 5.165685425
      vertex 34.000000000 56.407121300 5.292820323
      vertex 43.600000000 61.949683884 5.292820323
    endloop
  endfacet
  facet normal -0.608761429 0 0.79335334
    outer loop
      vertex 33.834314575 56.502779825 5.165685425
      vertex 33.834314575 45.226337607 5.165685425
      vertex 34.000000000 45.321996131 5.292820323
    endloop
  endfacet
  facet normal -0.608761429 0 0.79335334
    outer loop
      vertex 33.834314575 56.502779825 5.165685425
      vertex 34.000000000 45.321996131 5.292820323
      vertex 34.000000000 56.407121300 5.292820323
    endloop
  endfacet
  facet normal -0.304380714 -0.527202862 0.79335334
    outer loop
      vertex 33.834314575 45.226337607 5.165685425
      vertex 43.600000000 39.588116498 5.165685425
      vertex 43.600000000 39.779433547 5.292820323
    endloop
  endfacet
  facet normal -0.304380714 -0.527202862 0.79335334
    outer loop
      vertex 33.834314575 45.226337607 5.165685425
      vertex 43.600000000 39.779433547 5.292820323
      vertex 34.000000000 45.321996131 5.292820323
    endloop
  endfacet
  facet normal 0.304380714 -0.527202862 0.79335334
    outer loop
      vertex 43.600000000 39.588116498 5.165685425
      vertex 53.365685425 45.226337607 5.165685425
      vertex 53.200000000 45.321996131 5.292820323
    endloop
  endfacet
  facet normal 0.304380714 -0.527202862 0.79335334
    outer loop
      vertex 43.600000000 39.588116498 5.165685425
      vertex 53.200000000 45.321996131 5.292820323
      vertex 43.600000000 39.779433547 5.292820323
    endloop
  endfacet
  facet normal 0.608761429 -0 0.79335334
    outer loop
      vertex 53.365685425 45.226337607 5.165685425
      vertex 53.365685425 56.502779825 5.165685425
      vertex 53.200000000 56.407121300 5.292820323
    endloop
  endfacet
  facet normal 0.608761429 0 0.79335334
    outer loop
      vertex 53.365685425 45.226337607 5.165685425
      vertex 53.200000000 56.407121300 5.292820323
      vertex 53.200000000 45.321996131 5.292820323
    endloop
  endfacet
  facet normal 0.191341716 0.331413574 0.923879533
    outer loop
      vertex 53.200000000 56.407121300 5.292820323
      vertex 43.600000000 61.949683884 5.292820323
      vertex 43.600000000 61.726890461 5.372740661
    endloop
  endfacet
  facet normal 0.191341716 0.331413574 0.923879533
    outer loop
      vertex 53.200000000 56.407121300 5.292820323
      vertex 43.600000000 61.726890461 5.372740661
      vertex 53.007055236 56.295724588 5.372740661
    endloop
  endfacet
  facet normal -0.191341716 0.331413574 0.923879533
    outer loop
      vertex 43.600000000 61.949683884 5.292820323
      vertex 34.000000000 56.407121300 5.292820323
      vertex 34.192944764 56.295724588 5.372740661
    endloop
  endfacet
  facet normal -0.191341716 0.331413574 0.923879533
    outer loop
      vertex 43.600000000 61.949683884 5.292820323
      vertex 34.192944764 56.295724588 5.372740661
      vertex 43.600000000 61.726890461 5.372740661
    endloop
  endfacet
  facet normal -0.382683432 0 0.923879533
    outer loop
      vertex 34.000000000 56.407121300 5.292820323
      vertex 34.000000000 45.321996131 5.292820323
      vertex 34.192944764 45.433392843 5.372740661
    endloop
  endfacet
  facet normal -0.382683432 0 0.923879533
    outer loop
      vertex 34.000000000 56.407121300 5.292820323
      vertex 34.192944764 45.433392843 5.372740661
      vertex 34.192944764 56.295724588 5.372740661
    endloop
  endfacet
  facet normal -0.191341716 -0.331413574 0.923879533
    outer loop
      vertex 34.000000000 45.321996131 5.292820323
      vertex 43.600000000 39.779433547 5.292820323
      vertex 43.600000000 40.002226970 5.372740661
    endloop
  endfacet
  facet normal -0.191341716 -0.331413574 0.923879533
    outer loop
      vertex 34.000000000 45.321996131 5.292820323
      vertex 43.600000000 40.002226970 5.372740661
      vertex 34.192944764 45.433392843 5.372740661
    endloop
  endfacet
  facet normal 0.191341716 -0.331413574 0.923879533
    outer loop
      vertex 43.600000000 39.779433547 5.292820323
      vertex 53.200000000 45.321996131 5.292820323
      vertex 53.007055236 45.433392843 5.372740661
    endloop
  endfacet
  facet normal 0.191341716 -0.331413574 0.923879533
    outer loop
      vertex 43.600000000 39.779433547 5.292820323
      vertex 53.007055236 45.433392843 5.372740661
      vertex 43.600000000 40.002226970 5.372740661
    endloop
  endfacet
  facet normal 0.382683432 -0 0.923879533
    outer loop
      vertex 53.200000000 45.321996131 5.292820323
      vertex 53.200000000 56.407121300 5.292820323
      vertex 53.007055236 56.295724588 5.372740661
    endloop
  endfacet
  facet normal 0.382683432 0 0.923879533
    outer loop
      vertex 53.200000000 45.321996131 5.292820323
      vertex 53.007055236 56.295724588 5.372740661
      vertex 53.007055236 45.433392843 5.372740661
    endloop
  endfacet
  facet normal 0.0652630962 0.113038998 0.991444861
    outer loop
      vertex 53.007055236 56.295724588 5.372740661
      vertex 43.600000000 61.726890461 5.372740661
      vertex 43.600000000 61.487803669 5.400000000
    endloop
  endfacet
  facet normal 0.0652630962 0.113038998 0.991444861
    outer loop
      vertex 53.007055236 56.295724588 5.372740661
      vertex 43.600000000 61.487803669 5.400000000
      vertex 52.800000000 56.176181192 5.400000000
    endloop
  endfacet
  facet normal -0.0652630962 0.113038998 0.991444861
    outer loop
      vertex 43.600000000 61.726890461 5.372740661
      vertex 34.192944764 56.295724588 5.372740661
      vertex 34.400000000 56.176181192 5.400000000
    endloop
  endfacet
  facet normal -0.0652630962 0.113038998 0.991444861
    outer loop
      vertex 43.600000000 61.726890461 5.372740661
      vertex 34.400000000 56.176181192 5.400000000
      vertex 43.600000000 61.487803669 5.400000000
    endloop
  endfacet
  facet normal -0.130526192 0 0.991444861
    outer loop
      vertex 34.192944764 56.295724588 5.372740661
      vertex 34.192944764 45.433392843 5.372740661
      vertex 34.400000000 45.552936239 5.400000000
    endloop
  endfacet
  facet normal -0.130526192 0 0.991444861
    outer loop
      vertex 34.192944764 56.295724588 5.372740661
      vertex 34.400000000 45.552936239 5.400000000
      vertex 34.400000000 56.176181192 5.400000000
    endloop
  endfacet
  facet normal -0.0652630962 -0.113038998 0.991444861
    outer loop
      vertex 34.192944764 45.433392843 5.372740661
      vertex 43.600000000 40.002226970 5.372740661
      vertex 43.600000000 40.241313763 5.400000000
    endloop
  endfacet
  facet normal -0.0652630962 -0.113038998 0.991444861
    outer loop
      vertex 34.192944764 45.433392843 5.372740661
      vertex 43.600000000 40.241313763 5.400000000
      vertex 34.400000000 45.552936239 5.400000000
    endloop
  endfacet
  facet normal 0.0652630962 -0.113038998 0.991444861
    outer loop
      vertex 43.600000000 40.002226970 5.372740661
      vertex 53.007055236 45.433392843 5.372740661
      vertex 52.800000000 45.552936239 5.400000000
    endloop
  endfacet
  facet normal 0.0652630962 -0.113038998 0.991444861
    outer loop
      vertex 43.600000000 40.002226970 5.372740661
      vertex 52.800000000 45.552936239 5.400000000
      vertex 43.600000000 40.241313763 5.400000000
    endloop
  endfacet
  facet normal 0.130526192 -0 0.991444861
    outer loop
      vertex 53.007055236 45.433392843 5.372740661
      vertex 53.007055236 56.295724588 5.372740661
      vertex 52.800000000 56.176181192 5.400000000
    endloop
  endfacet
  facet normal 0.130526192 0 0.991444861
    outer loop
      vertex 53.007055236 45.433392843 5.372740661
      vertex 52.800000000 56.176181192 5.400000000
      vertex 52.800000000 45.552936239 5.400000000
    endloop
  endfacet
  facet normal 0 0 1
    outer loop
      vertex 52.800000000 56.176181192 5.400000000
      vertex 43.600000000 61.487803669 5.400000000
      vertex 34.400000000 56.176181192 5.400000000
    endloop
  endfacet
  facet normal 0 0 1
    outer loop
      vertex 52.800000000 56.176181192 5.400000000
      vertex 34.400000000 56.176181192 5.400000000
      vertex 34.400000000 45.552936239 5.400000000
    endloop
  endfacet
  facet normal 0 0 1
    outer loop
      vertex 52.800000000 56.176181192 5.400000000
      vertex 34.400000000 45.552936239 5.400000000
      vertex 43.600000000 40.241313763 5.400000000
    endloop
  endfacet
  facet normal 0 0 1
    outer loop
      vertex 52.800000000 56.176181192 5.400000000
      vertex 43.600000000 40.241313763 5.400000000
      vertex 52.800000000 45.552936239 5.400000000
    endloop
  endfacet
  facet normal 0 0 -1
    outer loop
      vertex 97.200000000 56.638061408 3.000000000
      vertex 77.200000000 56.638061408 3.000000000
      vertex 87.200000000 62.411564099 3.000000000
    endloop
  endfacet
  facet normal -0 0 -1
    outer loop
      vertex 97.200000000 56.638061408 3.000000000
      vertex 77.200000000 45.091056024 3.000000000
      vertex 77.200000000 56.638061408 3.000000000
    endloop
  endfacet
  facet normal 0 0 -1
    outer loop
      vertex 97.200000000 56.638061408 3.000000000
      vertex 87.200000000 39.317553332 3.000000000
      vertex 77.200000000 45.091056024 3.000000000
    endloop
  endfacet
  facet normal 0 0 -1
    outer loop
      vertex 97.200000000 56.638061408 3.000000000
      vertex 97.200000000 45.091056024 3.000000000
      vertex 87.200000000 39.317553332 3.000000000
    endloop
  endfacet
  facet normal 0.5 0.866025404 0
    outer loop
      vertex 97.200000000 56.638061408 3.000000000
      vertex 87.200000000 62.411564099 3.000000000
      vertex 87.200000000 62.411564099 4.600000000
    endloop
  endfacet
  facet normal 0.5 0.866025404 -0
    outer loop
      vertex 97.200000000 56.638061408 3.000000000
      vertex 87.200000000 62.411564099 4.600000000
      vertex 97.200000000 56.638061408 4.600000000
    endloop
  endfacet
  facet normal -0.5 0.866025404 0
    outer loop
      vertex 87.200000000 62.411564099 3.000000000
      vertex 77.200000000 56.638061408 3.000000000
      vertex 77.200000000 56.638061408 4.600000000
    endloop
  endfacet
  facet normal -0.5 0.866025404 0
    outer loop
      vertex 87.200000000 62.411564099 3.000000000
      vertex 77.200000000 56.638061408 4.600000000
      vertex 87.200000000 62.411564099 4.600000000
    endloop
  endfacet
  facet normal -1 0 0
    outer loop
      vertex 77.200000000 56.638061408 3.000000000
      vertex 77.200000000 45.091056024 3.000000000
      vertex 77.200000000 45.091056024 4.600000000
    endloop
  endfacet
  facet normal -1 0 0
    outer loop
      vertex 77.200000000 56.638061408 3.000000000
      vertex 77.200000000 45.091056024 4.600000000
      vertex 77.200000000 56.638061408 4.600000000
    endloop
  endfacet
  facet normal -0.5 -0.866025404 0
    outer loop
      vertex 77.200000000 45.091056024 3.000000000
      vertex 87.200000000 39.317553332 3.000000000
      vertex 87.200000000 39.317553332 4.600000000
    endloop
  endfacet
  facet normal -0.5 -0.866025404 0
    outer loop
      vertex 77.200000000 45.091056024 3.000000000
      vertex 87.200000000 39.317553332 4.600000000
      vertex 77.200000000 45.091056024 4.600000000
    endloop
  endfacet
  facet normal 0.5 -0.866025404 0
    outer loop
      vertex 87.200000000 39.317553332 3.000000000
      vertex 97.200000000 45.091056024 3.000000000
      vertex 97.200000000 45.091056024 4.600000000
    endloop
  endfacet
  facet normal 0.5 -0.866025404 0
    outer loop
      vertex 87.200000000 39.317553332 3.000000000
      vertex 97.200000000 45.091056024 4.600000000
      vertex 87.200000000 39.317553332 4.600000000
    endloop
  endfacet
  facet normal 1 -1.23069612e-15 0
    outer loop
      vertex 97.200000000 45.091056024 3.000000000
      vertex 97.200000000 56.638061408 3.000000000
      vertex 97.200000000 56.638061408 4.600000000
    endloop
  endfacet
  facet normal 1 -1.23069612e-15 0
    outer loop
      vertex 97.200000000 45.091056024 3.000000000
      vertex 97.200000000 56.638061408 4.600000000
      vertex 97.200000000 45.091056024 4.600000000
    endloop
  endfacet
  facet normal 0.495722431 0.858616436 0.130526192
    outer loop
      vertex 97.200000000 56.638061408 4.600000000
      vertex 87.200000000 62.411564099 4.600000000
      vertex 87.200000000 62.380087726 4.807055236
    endloop
  endfacet
  facet normal 0.495722431 0.858616436 0.130526192
    outer loop
      vertex 97.200000000 56.638061408 4.600000000
      vertex 87.200000000 62.380087726 4.807055236
      vertex 97.172740661 56.622323221 4.807055236
    endloop
  endfacet
  facet normal -0.495722431 0.858616436 0.130526192
    outer loop
      vertex 87.200000000 62.411564099 4.600000000
      vertex 77.200000000 56.638061408 4.600000000
      vertex 77.227259339 56.622323221 4.807055236
    endloop
  endfacet
  facet normal -0.495722431 0.858616436 0.130526192
    outer loop
      vertex 87.200000000 62.411564099 4.600000000
      vertex 77.227259339 56.622323221 4.807055236
      vertex 87.200000000 62.380087726 4.807055236
    endloop
  endfacet
  facet normal -0.991444861 0 0.130526192
    outer loop
      vertex 77.200000000 56.638061408 4.600000000
      vertex 77.200000000 45.091056024 4.600000000
      vertex 77.227259339 45.106794210 4.807055236
    endloop
  endfacet
  facet normal -0.991444861 0 0.130526192
    outer loop
      vertex 77.200000000 56.638061408 4.600000000
      vertex 77.227259339 45.106794210 4.807055236
      vertex 77.227259339 56.622323221 4.807055236
    endloop
  endfacet
  facet normal -0.495722431 -0.858616436 0.130526192
    outer loop
      vertex 77.200000000 45.091056024 4.600000000
      vertex 87.200000000 39.317553332 4.600000000
      vertex 87.200000000 39.349029705 4.807055236
    endloop
  endfacet
  facet normal -0.495722431 -0.858616436 0.130526192
    outer loop
      vertex 77.200000000 45.091056024 4.600000000
      vertex 87.200000000 39.349029705 4.807055236
      vertex 77.227259339 45.106794210 4.807055236
    endloop
  endfacet
  facet normal 0.495722431 -0.858616436 0.130526192
    outer loop
      vertex 87.200000000 39.317553332 4.600000000
      vertex 97.200000000 45.091056024 4.600000000
      vertex 97.172740661 45.106794210 4.807055236
    endloop
  endfacet
  facet normal 0.495722431 -0.858616436 0.130526192
    outer loop
      vertex 87.200000000 39.317553332 4.600000000
      vertex 97.172740661 45.106794210 4.807055236
      vertex 87.200000000 39.349029705 4.807055236
    endloop
  endfacet
  facet normal 0.991444861 -1.22016734e-15 0.130526192
    outer loop
      vertex 97.200000000 45.091056024 4.600000000
      vertex 97.200000000 56.638061408 4.600000000
      vertex 97.172740661 56.622323221 4.807055236
    endloop
  endfacet
  facet normal 0.991444861 -1.2233608e-15 0.130526192
    outer loop
      vertex 97.200000000 45.091056024 4.600000000
      vertex 97.172740661 56.622323221 4.807055236
      vertex 97.172740661 45.106794210 4.807055236
    endloop
  endfacet
  facet normal 0.461939766 0.800103145 0.382683432
    outer loop
      vertex 97.172740661 56.622323221 4.807055236
      vertex 87.200000000 62.380087726 4.807055236
      vertex 87.200000000 62.287803669 5.000000000
    endloop
  endfacet
  facet normal 0.461939766 0.800103145 0.382683432
    outer loop
      vertex 97.172740661 56.622323221 4.807055236
      vertex 87.200000000 62.287803669 5.000000000
      vertex 97.092820323 56.576181192 5.000000000
    endloop
  endfacet
  facet normal -0.461939766 0.800103145 0.382683432
    outer loop
      vertex 87.200000000 62.380087726 4.807055236
      vertex 77.227259339 56.622323221 4.807055236
      vertex 77.307179677 56.576181192 5.000000000
    endloop
  endfacet
  facet normal -0.461939766 0.800103145 0.382683432
    outer loop
      vertex 87.200000000 62.380087726 4.807055236
      vertex 77.307179677 56.576181192 5.000000000
      vertex 87.200000000 62.287803669 5.000000000
    endloop
  endfacet
  facet normal -0.923879533 0 0.382683432
    outer loop
      vertex 77.227259339 56.622323221 4.807055236
      vertex 77.227259339 45.106794210 4.807055236
      vertex 77.307179677 45.152936239 5.000000000
    endloop
  endfacet
  facet normal -0.923879533 0 0.382683432
    outer loop
      vertex 77.227259339 56.622323221 4.807055236
      vertex 77.307179677 45.152936239 5.000000000
      vertex 77.307179677 56.576181192 5.000000000
    endloop
  endfacet
  facet normal -0.461939766 -0.800103145 0.382683432
    outer loop
      vertex 77.227259339 45.106794210 4.807055236
      vertex 87.200000000 39.349029705 4.807055236
      vertex 87.200000000 39.441313763 5.000000000
    endloop
  endfacet
  facet normal -0.461939766 -0.800103145 0.382683432
    outer loop
      vertex 77.227259339 45.106794210 4.807055236
      vertex 87.200000000 39.441313763 5.000000000
      vertex 77.307179677 45.152936239 5.000000000
    endloop
  endfacet
  facet normal 0.461939766 -0.800103145 0.382683432
    outer loop
      vertex 87.200000000 39.349029705 4.807055236
      vertex 97.172740661 45.106794210 4.807055236
      vertex 97.092820323 45.152936239 5.000000000
    endloop
  endfacet
  facet normal 0.461939766 -0.800103145 0.382683432
    outer loop
      vertex 87.200000000 39.349029705 4.807055236
      vertex 97.092820323 45.152936239 5.000000000
      vertex 87.200000000 39.441313763 5.000000000
    endloop
  endfacet
  facet normal 0.923879533 -1.14012285e-15 0.382683432
    outer loop
      vertex 97.172740661 45.106794210 4.807055236
      vertex 97.172740661 56.622323221 4.807055236
      vertex 97.092820323 56.576181192 5.000000000
    endloop
  endfacet
  facet normal 0.923879533 -1.14889464e-15 0.382683432
    outer loop
      vertex 97.172740661 45.106794210 4.807055236
      vertex 97.092820323 56.576181192 5.000000000
      vertex 97.092820323 45.152936239 5.000000000
    endloop
  endfacet
  facet normal 0.39667667 0.687064147 0.608761429
    outer loop
      vertex 97.092820323 56.576181192 5.000000000
      vertex 87.200000000 62.287803669 5.000000000
      vertex 87.200000000 62.141000933 5.165685425
    endloop
  endfacet
  facet normal 0.39667667 0.687064147 0.608761429
    outer loop
      vertex 97.092820323 56.576181192 5.000000000
      vertex 87.200000000 62.141000933 5.165685425
      vertex 96.965685425 56.502779825 5.165685425
    endloop
  endfacet
  facet normal -0.39667667 0.687064147 0.608761429
    outer loop
      vertex 87.200000000 62.287803669 5.000000000
      vertex 77.307179677 56.576181192 5.000000000
      vertex 77.434314575 56.502779825 5.165685425
    endloop
  endfacet
  facet normal -0.39667667 0.687064147 0.608761429
    outer loop
      vertex 87.200000000 62.287803669 5.000000000
      vertex 77.434314575 56.502779825 5.165685425
      vertex 87.200000000 62.141000933 5.165685425
    endloop
  endfacet
  facet normal -0.79335334 0 0.608761429
    outer loop
      vertex 77.307179677 56.576181192 5.000000000
      vertex 77.307179677 45.152936239 5.000000000
      vertex 77.434314575 45.226337607 5.165685425
    endloop
  endfacet
  facet normal -0.79335334 0 0.608761429
    outer loop
      vertex 77.307179677 56.576181192 5.000000000
      vertex 77.434314575 45.226337607 5.165685425
      vertex 77.434314575 56.502779825 5.165685425
    endloop
  endfacet
  facet normal -0.39667667 -0.687064147 0.608761429
    outer loop
      vertex 77.307179677 45.152936239 5.000000000
      vertex 87.200000000 39.441313763 5.000000000
      vertex 87.200000000 39.588116498 5.165685425
    endloop
  endfacet
  facet normal -0.39667667 -0.687064147 0.608761429
    outer loop
      vertex 77.307179677 45.152936239 5.000000000
      vertex 87.200000000 39.588116498 5.165685425
      vertex 77.434314575 45.226337607 5.165685425
    endloop
  endfacet
  facet normal 0.39667667 -0.687064147 0.608761429
    outer loop
      vertex 87.200000000 39.441313763 5.000000000
      vertex 97.092820323 45.152936239 5.000000000
      vertex 96.965685425 45.226337607 5.165685425
    endloop
  endfacet
  facet normal 0.39667667 -0.687064147 0.608761429
    outer loop
      vertex 87.200000000 39.441313763 5.000000000
      vertex 96.965685425 45.226337607 5.165685425
      vertex 87.200000000 39.588116498 5.165685425
    endloop
  endfacet
  facet normal 0.79335334 -9.86955029e-16 0.608761429
    outer loop
      vertex 97.092820323 45.152936239 5.000000000
      vertex 97.092820323 56.576181192 5.000000000
      vertex 96.965685425 56.502779825 5.165685425
    endloop
  endfacet
  facet normal 0.79335334 -9.98849818e-16 0.608761429
    outer loop
      vertex 97.092820323 45.152936239 5.000000000
      vertex 96.965685425 56.502779825 5.165685425
      vertex 96.965685425 45.226337607 5.165685425
    endloop
  endfacet
  facet normal 0.304380714 0.527202862 0.79335334
    outer loop
      vertex 96.965685425 56.502779825 5.165685425
      vertex 87.200000000 62.141000933 5.165685425
      vertex 87.200000000 61.949683884 5.292820323
    endloop
  endfacet
  facet normal 0.304380714 0.527202862 0.79335334
    outer loop
      vertex 96.965685425 56.502779825 5.165685425
      vertex 87.200000000 61.949683884 5.292820323
      vertex 96.800000000 56.407121300 5.292820323
    endloop
  endfacet
  facet normal -0.304380714 0.527202862 0.79335334
    outer loop
      vertex 87.200000000 62.141000933 5.165685425
      vertex 77.434314575 56.502779825 5.165685425
      vertex 77.600000000 56.407121300 5.292820323
    endloop
  endfacet
  facet normal -0.304380714 0.527202862 0.79335334
    outer loop
      vertex 87.200000000 62.141000933 5.165685425
      vertex 77.600000000 56.407121300 5.292820323
      vertex 87.200000000 61.949683884 5.292820323
    endloop
  endfacet
  facet normal -0.608761429 0 0.79335334
    outer loop
      vertex 77.434314575 56.502779825 5.165685425
      vertex 77.434314575 45.226337607 5.165685425
      vertex 77.600000000 45.321996131 5.292820323
    endloop
  endfacet
  facet normal -0.608761429 0 0.79335334
    outer loop
      vertex 77.434314575 56.502779825 5.165685425
      vertex 77.600000000 45.321996131 5.292820323
      vertex 77.600000000 56.407121300 5.292820323
    endloop
  endfacet
  facet normal -0.304380714 -0.527202862 0.79335334
    outer loop
      vertex 77.434314575 45.226337607 5.165685425
      vertex 87.200000000 39.588116498 5.165685425
      vertex 87.200000000 39.779433547 5.292820323
    endloop
  endfacet
  facet normal -0.304380714 -0.527202862 0.79335334
    outer loop
      vertex 77.434314575 45.226337607 5.165685425
      vertex 87.200000000 39.779433547 5.292820323
      vertex 77.600000000 45.321996131 5.292820323
    endloop
  endfacet
  facet normal 0.304380714 -0.527202862 0.79335334
    outer loop
      vertex 87.200000000 39.588116498 5.165685425
      vertex 96.965685425 45.226337607 5.165685425
      vertex 96.800000000 45.321996131 5.292820323
    endloop
  endfacet
  facet normal 0.304380714 -0.527202862 0.79335334
    outer loop
      vertex 87.200000000 39.588116498 5.165685425
      vertex 96.800000000 45.321996131 5.292820323
      vertex 87.200000000 39.779433547 5.292820323
    endloop
  endfacet
  facet normal 0.608761429 -7.67176389e-16 0.79335334
    outer loop
      vertex 96.965685425 45.226337607 5.165685425
      vertex 96.965685425 56.502779825 5.165685425
      vertex 96.800000000 56.407121300 5.292820323
    endloop
  endfacet
  facet normal 0.608761429 -7.80799852e-16 0.79335334
    outer loop
      vertex 96.965685425 45.226337607 5.165685425
      vertex 96.800000000 56.407121300 5.292820323
      vertex 96.800000000 45.321996131 5.292820323
    endloop
  endfacet
  facet normal 0.191341716 0.331413574 0.923879533
    outer loop
      vertex 96.800000000 56.407121300 5.292820323
      vertex 87.200000000 61.949683884 5.292820323
      vertex 87.200000000 61.726890461 5.372740661
    endloop
  endfacet
  facet normal 0.191341716 0.331413574 0.923879533
    outer loop
      vertex 96.800000000 56.407121300 5.292820323
      vertex 87.200000000 61.726890461 5.372740661
      vertex 96.607055236 56.295724588 5.372740661
    endloop
  endfacet
  facet normal -0.191341716 0.331413574 0.923879533
    outer loop
      vertex 87.200000000 61.949683884 5.292820323
      vertex 77.600000000 56.407121300 5.292820323
      vertex 77.792944764 56.295724588 5.372740661
    endloop
  endfacet
  facet normal -0.191341716 0.331413574 0.923879533
    outer loop
      vertex 87.200000000 61.949683884 5.292820323
      vertex 77.792944764 56.295724588 5.372740661
      vertex 87.200000000 61.726890461 5.372740661
    endloop
  endfacet
  facet normal -0.382683432 0 0.923879533
    outer loop
      vertex 77.600000000 56.407121300 5.292820323
      vertex 77.600000000 45.321996131 5.292820323
      vertex 77.792944764 45.433392843 5.372740661
    endloop
  endfacet
  facet normal -0.382683432 0 0.923879533
    outer loop
      vertex 77.600000000 56.407121300 5.292820323
      vertex 77.792944764 45.433392843 5.372740661
      vertex 77.792944764 56.295724588 5.372740661
    endloop
  endfacet
  facet normal -0.191341716 -0.331413574 0.923879533
    outer loop
      vertex 77.600000000 45.321996131 5.292820323
      vertex 87.200000000 39.779433547 5.292820323
      vertex 87.200000000 40.002226970 5.372740661
    endloop
  endfacet
  facet normal -0.191341716 -0.331413574 0.923879533
    outer loop
      vertex 77.600000000 45.321996131 5.292820323
      vertex 87.200000000 40.002226970 5.372740661
      vertex 77.792944764 45.433392843 5.372740661
    endloop
  endfacet
  facet normal 0.191341716 -0.331413574 0.923879533
    outer loop
      vertex 87.200000000 39.779433547 5.292820323
      vertex 96.800000000 45.321996131 5.292820323
      vertex 96.607055236 45.433392843 5.372740661
    endloop
  endfacet
  facet normal 0.191341716 -0.331413574 0.923879533
    outer loop
      vertex 87.200000000 39.779433547 5.292820323
      vertex 96.607055236 45.433392843 5.372740661
      vertex 87.200000000 40.002226970 5.372740661
    endloop
  endfacet
  facet normal 0.382683432 -4.90590641e-16 0.923879533
    outer loop
      vertex 96.800000000 45.321996131 5.292820323
      vertex 96.800000000 56.407121300 5.292820323
      vertex 96.607055236 56.295724588 5.372740661
    endloop
  endfacet
  facet normal 0.382683432 -5.00876714e-16 0.923879533
    outer loop
      vertex 96.800000000 45.321996131 5.292820323
      vertex 96.607055236 56.295724588 5.372740661
      vertex 96.607055236 45.433392843 5.372740661
    endloop
  endfacet
  facet normal 0.0652630962 0.113038998 0.991444861
    outer loop
      vertex 96.607055236 56.295724588 5.372740661
      vertex 87.200000000 61.726890461 5.372740661
      vertex 87.200000000 61.487803669 5.400000000
    endloop
  endfacet
  facet normal 0.0652630962 0.113038998 0.991444861
    outer loop
      vertex 96.607055236 56.295724588 5.372740661
      vertex 87.200000000 61.487803669 5.400000000
      vertex 96.400000000 56.176181192 5.400000000
    endloop
  endfacet
  facet normal -0.0652630962 0.113038998 0.991444861
    outer loop
      vertex 87.200000000 61.726890461 5.372740661
      vertex 77.792944764 56.295724588 5.372740661
      vertex 78.000000000 56.176181192 5.400000000
    endloop
  endfacet
  facet normal -0.0652630962 0.113038998 0.991444861
    outer loop
      vertex 87.200000000 61.726890461 5.372740661
      vertex 78.000000000 56.176181192 5.400000000
      vertex 87.200000000 61.487803669 5.400000000
    endloop
  endfacet
  facet normal -0.130526192 0 0.991444861
    outer loop
      vertex 77.792944764 56.295724588 5.372740661
      vertex 77.792944764 45.433392843 5.372740661
      vertex 78.000000000 45.552936239 5.400000000
    endloop
  endfacet
  facet normal -0.130526192 0 0.991444861
    outer loop
      vertex 77.792944764 56.295724588 5.372740661
      vertex 78.000000000 45.552936239 5.400000000
      vertex 78.000000000 56.176181192 5.400000000
    endloop
  endfacet
  facet normal -0.0652630962 -0.113038998 0.991444861
    outer loop
      vertex 77.792944764 45.433392843 5.372740661
      vertex 87.200000000 40.002226970 5.372740661
      vertex 87.200000000 40.241313763 5.400000000
    endloop
  endfacet
  facet normal -0.0652630962 -0.113038998 0.991444861
    outer loop
      vertex 77.792944764 45.433392843 5.372740661
      vertex 87.200000000 40.241313763 5.400000000
      vertex 78.000000000 45.552936239 5.400000000
    endloop
  endfacet
  facet normal 0.0652630962 -0.113038998 0.991444861
    outer loop
      vertex 87.200000000 40.002226970 5.372740661
      vertex 96.607055236 45.433392843 5.372740661
      vertex 96.400000000 45.552936239 5.400000000
    endloop
  endfacet
  facet normal 0.0652630962 -0.113038998 0.991444861
    outer loop
      vertex 87.200000000 40.002226970 5.372740661
      vertex 96.400000000 45.552936239 5.400000000
      vertex 87.200000000 40.241313763 5.400000000
    endloop
  endfacet
  facet normal 0.130526192 -1.70763405e-16 0.991444861
    outer loop
      vertex 96.607055236 45.433392843 5.372740661
      vertex 96.607055236 56.295724588 5.372740661
      vertex 96.400000000 56.176181192 5.400000000
    endloop
  endfacet
  facet normal 0.130526192 -1.74365385e-16 0.991444861
    outer loop
      vertex 96.607055236 45.433392843 5.372740661
      vertex 96.400000000 56.176181192 5.400000000
      vertex 96.400000000 45.552936239 5.400000000
    endloop
  endfacet
  facet normal 0 0 1
    outer loop
      vertex 96.400000000 56.176181192 5.400000000
      vertex 87.200000000 61.487803669 5.400000000
      vertex 78.000000000 56.176181192 5.400000000
    endloop
  endfacet
  facet normal 0 0 1
    outer loop
      vertex 96.400000000 56.176181192 5.400000000
      vertex 78.000000000 56.176181192 5.400000000
      vertex 78.000000000 45.552936239 5.400000000
    endloop
  endfacet
  facet normal 0 0 1
    outer loop
      vertex 96.400000000 56.176181192 5.400000000
      vertex 78.000000000 45.552936239 5.400000000
      vertex 87.200000000 40.241313763 5.400000000
    endloop
  endfacet
  facet normal 0 0 1
    outer loop
      vertex 96.400000000 56.176181192 5.400000000
      vertex 87.200000000 40.241313763 5.400000000
      vertex 96.400000000 45.552936239 5.400000000
    endloop
  endfacet
  facet normal 0 0 -1
    outer loop
      vertex 64.500000000 75.517415210 3.000000000
      vertex 44.500000000 75.517415210 3.000000000
      vertex 54.500000000 81.290917902 3.000000000
    endloop
  endfacet
  facet normal -0 0 -1
    outer loop
      vertex 64.500000000 75.517415210 3.000000000
      vertex 44.500000000 63.970409826 3.000000000
      vertex 44.500000000 75.517415210 3.000000000
    endloop
  endfacet
  facet normal 0 0 -1
    outer loop
      vertex 64.500000000 75.517415210 3.000000000
      vertex 54.500000000 58.196907134 3.000000000
      vertex 44.500000000 63.970409826 3.000000000
    endloop
  endfacet
  facet normal 0 -0 -1
    outer loop
      vertex 64.500000000 75.517415210 3.000000000
      vertex 64.500000000 63.970409826 3.000000000
      vertex 54.500000000 58.196907134 3.000000000
    endloop
  endfacet
  facet normal 0.5 0.866025404 0
    outer loop
      vertex 64.500000000 75.517415210 3.000000000
      vertex 54.500000000 81.290917902 3.000000000
      vertex 54.500000000 81.290917902 4.600000000
    endloop
  endfacet
  facet normal 0.5 0.866025404 -0
    outer loop
      vertex 64.500000000 75.517415210 3.000000000
      vertex 54.500000000 81.290917902 4.600000000
      vertex 64.500000000 75.517415210 4.600000000
    endloop
  endfacet
  facet normal -0.5 0.866025404 0
    outer loop
      vertex 54.500000000 81.290917902 3.000000000
      vertex 44.500000000 75.517415210 3.000000000
      vertex 44.500000000 75.517415210 4.600000000
    endloop
  endfacet
  facet normal -0.5 0.866025404 0
    outer loop
      vertex 54.500000000 81.290917902 3.000000000
      vertex 44.500000000 75.517415210 4.600000000
      vertex 54.500000000 81.290917902 4.600000000
    endloop
  endfacet
  facet normal -1 0 0
    outer loop
      vertex 44.500000000 75.517415210 3.000000000
      vertex 44.500000000 63.970409826 3.000000000
      vertex 44.500000000 63.970409826 4.600000000
    endloop
  endfacet
  facet normal -1 0 0
    outer loop
      vertex 44.500000000 75.517415210 3.000000000
      vertex 44.500000000 63.970409826 4.600000000
      vertex 44.500000000 75.517415210 4.600000000
    endloop
  endfacet
  facet normal -0.5 -0.866025404 0
    outer loop
      vertex 44.500000000 63.970409826 3.000000000
      vertex 54.500000000 58.196907134 3.000000000
      vertex 54.500000000 58.196907134 4.600000000
    endloop
  endfacet
  facet normal -0.5 -0.866025404 0
    outer loop
      vertex 44.500000000 63.970409826 3.000000000
      vertex 54.500000000 58.196907134 4.600000000
      vertex 44.500000000 63.970409826 4.600000000
    endloop
  endfacet
  facet normal 0.5 -0.866025404 0
    outer loop
      vertex 54.500000000 58.196907134 3.000000000
      vertex 64.500000000 63.970409826 3.000000000
      vertex 64.500000000 63.970409826 4.600000000
    endloop
  endfacet
  facet normal 0.5 -0.866025404 0
    outer loop
      vertex 54.500000000 58.196907134 3.000000000
      vertex 64.500000000 63.970409826 4.600000000
      vertex 54.500000000 58.196907134 4.600000000
    endloop
  endfacet
  facet normal 1 0 0
    outer loop
      vertex 64.500000000 63.970409826 3.000000000
      vertex 64.500000000 75.517415210 3.000000000
      vertex 64.500000000 75.517415210 4.600000000
    endloop
  endfacet
  facet normal 1 0 0
    outer loop
      vertex 64.500000000 63.970409826 3.000000000
      vertex 64.500000000 75.517415210 4.600000000
      vertex 64.500000000 63.970409826 4.600000000
    endloop
  endfacet
  facet normal 0.495722431 0.858616436 0.130526192
    outer loop
      vertex 64.500000000 75.517415210 4.600000000
      vertex 54.500000000 81.290917902 4.600000000
      vertex 54.500000000 81.259441529 4.807055236
    endloop
  endfacet
  facet normal 0.495722431 0.858616436 0.130526192
    outer loop
      vertex 64.500000000 75.517415210 4.600000000
      vertex 54.500000000 81.259441529 4.807055236
      vertex 64.472740661 75.501677023 4.807055236
    endloop
  endfacet
  facet normal -0.495722431 0.858616436 0.130526192
    outer loop
      vertex 54.500000000 81.290917902 4.600000000
      vertex 44.500000000 75.517415210 4.600000000
      vertex 44.527259339 75.501677023 4.807055236
    endloop
  endfacet
  facet normal -0.495722431 0.858616436 0.130526192
    outer loop
      vertex 54.500000000 81.290917902 4.600000000
      vertex 44.527259339 75.501677023 4.807055236
      vertex 54.500000000 81.259441529 4.807055236
    endloop
  endfacet
  facet normal -0.991444861 0 0.130526192
    outer loop
      vertex 44.500000000 75.517415210 4.600000000
      vertex 44.500000000 63.970409826 4.600000000
      vertex 44.527259339 63.986148013 4.807055236
    endloop
  endfacet
  facet normal -0.991444861 0 0.130526192
    outer loop
      vertex 44.500000000 75.517415210 4.600000000
      vertex 44.527259339 63.986148013 4.807055236
      vertex 44.527259339 75.501677023 4.807055236
    endloop
  endfacet
  facet normal -0.495722431 -0.858616436 0.130526192
    outer loop
      vertex 44.500000000 63.970409826 4.600000000
      vertex 54.500000000 58.196907134 4.600000000
      vertex 54.500000000 58.228383508 4.807055236
    endloop
  endfacet
  facet normal -0.495722431 -0.858616436 0.130526192
    outer loop
      vertex 44.500000000 63.970409826 4.600000000
      vertex 54.500000000 58.228383508 4.807055236
      vertex 44.527259339 63.986148013 4.807055236
    endloop
  endfacet
  facet normal 0.495722431 -0.858616436 0.130526192
    outer loop
      vertex 54.500000000 58.196907134 4.600000000
      vertex 64.500000000 63.970409826 4.600000000
      vertex 64.472740661 63.986148013 4.807055236
    endloop
  endfacet
  facet normal 0.495722431 -0.858616436 0.130526192
    outer loop
      vertex 54.500000000 58.196907134 4.600000000
      vertex 64.472740661 63.986148013 4.807055236
      vertex 54.500000000 58.228383508 4.807055236
    endloop
  endfacet
  facet normal 0.991444861 -0 0.130526192
    outer loop
      vertex 64.500000000 63.970409826 4.600000000
      vertex 64.500000000 75.517415210 4.600000000
      vertex 64.472740661 75.501677023 4.807055236
    endloop
  endfacet
  facet normal 0.991444861 0 0.130526192
    outer loop
      vertex 64.500000000 63.970409826 4.600000000
      vertex 64.472740661 75.501677023 4.807055236
      vertex 64.472740661 63.986148013 4.807055236
    endloop
  endfacet
  facet normal 0.461939766 0.800103145 0.382683432
    outer loop
      vertex 64.472740661 75.501677023 4.807055236
      vertex 54.500000000 81.259441529 4.807055236
      vertex 54.500000000 81.167157471 5.000000000
    endloop
  endfacet
  facet normal 0.461939766 0.800103145 0.382683432
    outer loop
      vertex 64.472740661 75.501677023 4.807055236
      vertex 54.500000000 81.167157471 5.000000000
      vertex 64.392820323 75.455534995 5.000000000
    endloop
  endfacet
  facet normal -0.461939766 0.800103145 0.382683432
    outer loop
      vertex 54.500000000 81.259441529 4.807055236
      vertex 44.527259339 75.501677023 4.807055236
      vertex 44.607179677 75.455534995 5.000000000
    endloop
  endfacet
  facet normal -0.461939766 0.800103145 0.382683432
    outer loop
      vertex 54.500000000 81.259441529 4.807055236
      vertex 44.607179677 75.455534995 5.000000000
      vertex 54.500000000 81.167157471 5.000000000
    endloop
  endfacet
  facet normal -0.923879533 0 0.382683432
    outer loop
      vertex 44.527259339 75.501677023 4.807055236
      vertex 44.527259339 63.986148013 4.807055236
      vertex 44.607179677 64.032290042 5.000000000
    endloop
  endfacet
  facet normal -0.923879533 0 0.382683432
    outer loop
      vertex 44.527259339 75.501677023 4.807055236
      vertex 44.607179677 64.032290042 5.000000000
      vertex 44.607179677 75.455534995 5.000000000
    endloop
  endfacet
  facet normal -0.461939766 -0.800103145 0.382683432
    outer loop
      vertex 44.527259339 63.986148013 4.807055236
      vertex 54.500000000 58.228383508 4.807055236
      vertex 54.500000000 58.320667565 5.000000000
    endloop
  endfacet
  facet normal -0.461939766 -0.800103145 0.382683432
    outer loop
      vertex 44.527259339 63.986148013 4.807055236
      vertex 54.500000000 58.320667565 5.000000000
      vertex 44.607179677 64.032290042 5.000000000
    endloop
  endfacet
  facet normal 0.461939766 -0.800103145 0.382683432
    outer loop
      vertex 54.500000000 58.228383508 4.807055236
      vertex 64.472740661 63.986148013 4.807055236
      vertex 64.392820323 64.032290042 5.000000000
    endloop
  endfacet
  facet normal 0.461939766 -0.800103145 0.382683432
    outer loop
      vertex 54.500000000 58.228383508 4.807055236
      vertex 64.392820323 64.032290042 5.000000000
      vertex 54.500000000 58.320667565 5.000000000
    endloop
  endfacet
  facet normal 0.923879533 -0 0.382683432
    outer loop
      vertex 64.472740661 63.986148013 4.807055236
      vertex 64.472740661 75.501677023 4.807055236
      vertex 64.392820323 75.455534995 5.000000000
    endloop
  endfacet
  facet normal 0.923879533 0 0.382683432
    outer loop
      vertex 64.472740661 63.986148013 4.807055236
      vertex 64.392820323 75.455534995 5.000000000
      vertex 64.392820323 64.032290042 5.000000000
    endloop
  endfacet
  facet normal 0.39667667 0.687064147 0.608761429
    outer loop
      vertex 64.392820323 75.455534995 5.000000000
      vertex 54.500000000 81.167157471 5.000000000
      vertex 54.500000000 81.020354736 5.165685425
    endloop
  endfacet
  facet normal 0.39667667 0.687064147 0.608761429
    outer loop
      vertex 64.392820323 75.455534995 5.000000000
      vertex 54.500000000 81.020354736 5.165685425
      vertex 64.265685425 75.382133627 5.165685425
    endloop
  endfacet
  facet normal -0.39667667 0.687064147 0.608761429
    outer loop
      vertex 54.500000000 81.167157471 5.000000000
      vertex 44.607179677 75.455534995 5.000000000
      vertex 44.734314575 75.382133627 5.165685425
    endloop
  endfacet
  facet normal -0.39667667 0.687064147 0.608761429
    outer loop
      vertex 54.500000000 81.167157471 5.000000000
      vertex 44.734314575 75.382133627 5.165685425
      vertex 54.500000000 81.020354736 5.165685425
    endloop
  endfacet
  facet normal -0.79335334 0 0.608761429
    outer loop
      vertex 44.607179677 75.455534995 5.000000000
      vertex 44.607179677 64.032290042 5.000000000
      vertex 44.734314575 64.105691409 5.165685425
    endloop
  endfacet
  facet normal -0.79335334 0 0.608761429
    outer loop
      vertex 44.607179677 75.455534995 5.000000000
      vertex 44.734314575 64.105691409 5.165685425
      vertex 44.734314575 75.382133627 5.165685425
    endloop
  endfacet
  facet normal -0.39667667 -0.687064147 0.608761429
    outer loop
      vertex 44.607179677 64.032290042 5.000000000
      vertex 54.500000000 58.320667565 5.000000000
      vertex 54.500000000 58.467470300 5.165685425
    endloop
  endfacet
  facet normal -0.39667667 -0.687064147 0.608761429
    outer loop
      vertex 44.607179677 64.032290042 5.000000000
      vertex 54.500000000 58.467470300 5.165685425
      vertex 44.734314575 64.105691409 5.165685425
    endloop
  endfacet
  facet normal 0.39667667 -0.687064147 0.608761429
    outer loop
      vertex 54.500000000 58.320667565 5.000000000
      vertex 64.392820323 64.032290042 5.000000000
      vertex 64.265685425 64.105691409 5.165685425
    endloop
  endfacet
  facet normal 0.39667667 -0.687064147 0.608761429
    outer loop
      vertex 54.500000000 58.320667565 5.000000000
      vertex 64.265685425 64.105691409 5.165685425
      vertex 54.500000000 58.467470300 5.165685425
    endloop
  endfacet
  facet normal 0.79335334 -0 0.608761429
    outer loop
      vertex 64.392820323 64.032290042 5.000000000
      vertex 64.392820323 75.455534995 5.000000000
      vertex 64.265685425 75.382133627 5.165685425
    endloop
  endfacet
  facet normal 0.79335334 0 0.608761429
    outer loop
      vertex 64.392820323 64.032290042 5.000000000
      vertex 64.265685425 75.382133627 5.165685425
      vertex 64.265685425 64.105691409 5.165685425
    endloop
  endfacet
  facet normal 0.304380714 0.527202862 0.79335334
    outer loop
      vertex 64.265685425 75.382133627 5.165685425
      vertex 54.500000000 81.020354736 5.165685425
      vertex 54.500000000 80.829037687 5.292820323
    endloop
  endfacet
  facet normal 0.304380714 0.527202862 0.79335334
    outer loop
      vertex 64.265685425 75.382133627 5.165685425
      vertex 54.500000000 80.829037687 5.292820323
      vertex 64.100000000 75.286475102 5.292820323
    endloop
  endfacet
  facet normal -0.304380714 0.527202862 0.79335334
    outer loop
      vertex 54.500000000 81.020354736 5.165685425
      vertex 44.734314575 75.382133627 5.165685425
      vertex 44.900000000 75.286475102 5.292820323
    endloop
  endfacet
  facet normal -0.304380714 0.527202862 0.79335334
    outer loop
      vertex 54.500000000 81.020354736 5.165685425
      vertex 44.900000000 75.286475102 5.292820323
      vertex 54.500000000 80.829037687 5.292820323
    endloop
  endfacet
  facet normal -0.608761429 0 0.79335334
    outer loop
      vertex 44.734314575 75.382133627 5.165685425
      vertex 44.734314575 64.105691409 5.165685425
      vertex 44.900000000 64.201349934 5.292820323
    endloop
  endfacet
  facet normal -0.608761429 0 0.79335334
    outer loop
      vertex 44.734314575 75.382133627 5.165685425
      vertex 44.900000000 64.201349934 5.292820323
      vertex 44.900000000 75.286475102 5.292820323
    endloop
  endfacet
  facet normal -0.304380714 -0.527202862 0.79335334
    outer loop
      vertex 44.734314575 64.105691409 5.165685425
      vertex 54.500000000 58.467470300 5.165685425
      vertex 54.500000000 58.658787350 5.292820323
    endloop
  endfacet
  facet normal -0.304380714 -0.527202862 0.79335334
    outer loop
      vertex 44.734314575 64.105691409 5.165685425
      vertex 54.500000000 58.658787350 5.292820323
      vertex 44.900000000 64.201349934 5.292820323
    endloop
  endfacet
  facet normal 0.304380714 -0.527202862 0.79335334
    outer loop
      vertex 54.500000000 58.467470300 5.165685425
      vertex 64.265685425 64.105691409 5.165685425
      vertex 64.100000000 64.201349934 5.292820323
    endloop
  endfacet
  facet normal 0.304380714 -0.527202862 0.79335334
    outer loop
      vertex 54.500000000 58.467470300 5.165685425
      vertex 64.100000000 64.201349934 5.292820323
      vertex 54.500000000 58.658787350 5.292820323
    endloop
  endfacet
  facet normal 0.608761429 -0 0.79335334
    outer loop
      vertex 64.265685425 64.105691409 5.165685425
      vertex 64.265685425 75.382133627 5.165685425
      vertex 64.100000000 75.286475102 5.292820323
    endloop
  endfacet
  facet normal 0.608761429 0 0.79335334
    outer loop
      vertex 64.265685425 64.105691409 5.165685425
      vertex 64.100000000 75.286475102 5.292820323
      vertex 64.100000000 64.201349934 5.292820323
    endloop
  endfacet
  facet normal 0.191341716 0.331413574 0.923879533
    outer loop
      vertex 64.100000000 75.286475102 5.292820323
      vertex 54.500000000 80.829037687 5.292820323
      vertex 54.500000000 80.606244264 5.372740661
    endloop
  endfacet
  facet normal 0.191341716 0.331413574 0.923879533
    outer loop
      vertex 64.100000000 75.286475102 5.292820323
      vertex 54.500000000 80.606244264 5.372740661
      vertex 63.907055236 75.175078391 5.372740661
    endloop
  endfacet
  facet normal -0.191341716 0.331413574 0.923879533
    outer loop
      vertex 54.500000000 80.829037687 5.292820323
      vertex 44.900000000 75.286475102 5.292820323
      vertex 45.092944764 75.175078391 5.372740661
    endloop
  endfacet
  facet normal -0.191341716 0.331413574 0.923879533
    outer loop
      vertex 54.500000000 80.829037687 5.292820323
      vertex 45.092944764 75.175078391 5.372740661
      vertex 54.500000000 80.606244264 5.372740661
    endloop
  endfacet
  facet normal -0.382683432 0 0.923879533
    outer loop
      vertex 44.900000000 75.286475102 5.292820323
      vertex 44.900000000 64.201349934 5.292820323
      vertex 45.092944764 64.312746645 5.372740661
    endloop
  endfacet
  facet normal -0.382683432 0 0.923879533
    outer loop
      vertex 44.900000000 75.286475102 5.292820323
      vertex 45.092944764 64.312746645 5.372740661
      vertex 45.092944764 75.175078391 5.372740661
    endloop
  endfacet
  facet normal -0.191341716 -0.331413574 0.923879533
    outer loop
      vertex 44.900000000 64.201349934 5.292820323
      vertex 54.500000000 58.658787350 5.292820323
      vertex 54.500000000 58.881580772 5.372740661
    endloop
  endfacet
  facet normal -0.191341716 -0.331413574 0.923879533
    outer loop
      vertex 44.900000000 64.201349934 5.292820323
      vertex 54.500000000 58.881580772 5.372740661
      vertex 45.092944764 64.312746645 5.372740661
    endloop
  endfacet
  facet normal 0.191341716 -0.331413574 0.923879533
    outer loop
      vertex 54.500000000 58.658787350 5.292820323
      vertex 64.100000000 64.201349934 5.292820323
      vertex 63.907055236 64.312746645 5.372740661
    endloop
  endfacet
  facet normal 0.191341716 -0.331413574 0.923879533
    outer loop
      vertex 54.500000000 58.658787350 5.292820323
      vertex 63.907055236 64.312746645 5.372740661
      vertex 54.500000000 58.881580772 5.372740661
    endloop
  endfacet
  facet normal 0.382683432 -0 0.923879533
    outer loop
      vertex 64.100000000 64.201349934 5.292820323
      vertex 64.100000000 75.286475102 5.292820323
      vertex 63.907055236 75.175078391 5.372740661
    endloop
  endfacet
  facet normal 0.382683432 0 0.923879533
    outer loop
      vertex 64.100000000 64.201349934 5.292820323
      vertex 63.907055236 75.175078391 5.372740661
      vertex 63.907055236 64.312746645 5.372740661
    endloop
  endfacet
  facet normal 0.0652630962 0.113038998 0.991444861
    outer loop
      vertex 63.907055236 75.175078391 5.372740661
      vertex 54.500000000 80.606244264 5.372740661
      vertex 54.500000000 80.367157471 5.400000000
    endloop
  endfacet
  facet normal 0.0652630962 0.113038998 0.991444861
    outer loop
      vertex 63.907055236 75.175078391 5.372740661
      vertex 54.500000000 80.367157471 5.400000000
      vertex 63.700000000 75.055534995 5.400000000
    endloop
  endfacet
  facet normal -0.0652630962 0.113038998 0.991444861
    outer loop
      vertex 54.500000000 80.606244264 5.372740661
      vertex 45.092944764 75.175078391 5.372740661
      vertex 45.300000000 75.055534995 5.400000000
    endloop
  endfacet
  facet normal -0.0652630962 0.113038998 0.991444861
    outer loop
      vertex 54.500000000 80.606244264 5.372740661
      vertex 45.300000000 75.055534995 5.400000000
      vertex 54.500000000 80.367157471 5.400000000
    endloop
  endfacet
  facet normal -0.130526192 0 0.991444861
    outer loop
      vertex 45.092944764 75.175078391 5.372740661
      vertex 45.092944764 64.312746645 5.372740661
      vertex 45.300000000 64.432290042 5.400000000
    endloop
  endfacet
  facet normal -0.130526192 0 0.991444861
    outer loop
      vertex 45.092944764 75.175078391 5.372740661
      vertex 45.300000000 64.432290042 5.400000000
      vertex 45.300000000 75.055534995 5.400000000
    endloop
  endfacet
  facet normal -0.0652630962 -0.113038998 0.991444861
    outer loop
      vertex 45.092944764 64.312746645 5.372740661
      vertex 54.500000000 58.881580772 5.372740661
      vertex 54.500000000 59.120667565 5.400000000
    endloop
  endfacet
  facet normal -0.0652630962 -0.113038998 0.991444861
    outer loop
      vertex 45.092944764 64.312746645 5.372740661
      vertex 54.500000000 59.120667565 5.400000000
      vertex 45.300000000 64.432290042 5.400000000
    endloop
  endfacet
  facet normal 0.0652630962 -0.113038998 0.991444861
    outer loop
      vertex 54.500000000 58.881580772 5.372740661
      vertex 63.907055236 64.312746645 5.372740661
      vertex 63.700000000 64.432290042 5.400000000
    endloop
  endfacet
  facet normal 0.0652630962 -0.113038998 0.991444861
    outer loop
      vertex 54.500000000 58.881580772 5.372740661
      vertex 63.700000000 64.432290042 5.400000000
      vertex 54.500000000 59.120667565 5.400000000
    endloop
  endfacet
  facet normal 0.130526192 -0 0.991444861
    outer loop
      vertex 63.907055236 64.312746645 5.372740661
      vertex 63.907055236 75.175078391 5.372740661
      vertex 63.700000000 75.055534995 5.400000000
    endloop
  endfacet
  facet normal 0.130526192 0 0.991444861
    outer loop
      vertex 63.907055236 64.312746645 5.372740661
      vertex 63.700000000 75.055534995 5.400000000
      vertex 63.700000000 64.432290042 5.400000000
    endloop
  endfacet
  facet normal 0 0 1
    outer loop
      vertex 63.700000000 75.055534995 5.400000000
      vertex 54.500000000 80.367157471 5.400000000
      vertex 45.300000000 75.055534995 5.400000000
    endloop
  endfacet
  facet normal 0 0 1
    outer loop
      vertex 63.700000000 75.055534995 5.400000000
      vertex 45.300000000 75.055534995 5.400000000
      vertex 45.300000000 64.432290042 5.400000000
    endloop
  endfacet
  facet normal 0 0 1
    outer loop
      vertex 63.700000000 75.055534995 5.400000000
      vertex 45.300000000 64.432290042 5.400000000
      vertex 54.500000000 59.120667565 5.400000000
    endloop
  endfacet
  facet normal 0 0 1
    outer loop
      vertex 63.700000000 75.055534995 5.400000000
      vertex 54.500000000 59.120667565 5.400000000
      vertex 63.700000000 64.432290042 5.400000000
    endloop
  endfacet
  facet normal 0 0 -1
    outer loop
      vertex 108.100000000 75.517415210 3.000000000
      vertex 88.100000000 75.517415210 3.000000000
      vertex 98.100000000 81.290917902 3.000000000
    endloop
  endfacet
  facet normal -0 0 -1
    outer loop
      vertex 108.100000000 75.517415210 3.000000000
      vertex 88.100000000 63.970409826 3.000000000
      vertex 88.100000000 75.517415210 3.000000000
    endloop
  endfacet
  facet normal 0 0 -1
    outer loop
      vertex 108.100000000 75.517415210 3.000000000
      vertex 98.100000000 58.196907134 3.000000000
      vertex 88.100000000 63.970409826 3.000000000
    endloop
  endfacet
  facet normal 0 0 -1
    outer loop
      vertex 108.100000000 75.517415210 3.000000000
      vertex 108.100000000 63.970409826 3.000000000
      vertex 98.100000000 58.196907134 3.000000000
    endloop
  endfacet
  facet normal 0.5 0.866025404 0
    outer loop
      vertex 108.100000000 75.517415210 3.000000000
      vertex 98.100000000 81.290917902 3.000000000
      vertex 98.100000000 81.290917902 4.600000000
    endloop
  endfacet
  facet normal 0.5 0.866025404 -0
    outer loop
      vertex 108.100000000 75.517415210 3.000000000
      vertex 98.100000000 81.290917902 4.600000000
      vertex 108.100000000 75.517415210 4.600000000
    endloop
  endfacet
  facet normal -0.5 0.866025404 0
    outer loop
      vertex 98.100000000 81.290917902 3.000000000
      vertex 88.100000000 75.517415210 3.000000000
      vertex 88.100000000 75.517415210 4.600000000
    endloop
  endfacet
  facet normal -0.5 0.866025404 0
    outer loop
      vertex 98.100000000 81.290917902 3.000000000
      vertex 88.100000000 75.517415210 4.600000000
      vertex 98.100000000 81.290917902 4.600000000
    endloop
  endfacet
  facet normal -1 0 0
    outer loop
      vertex 88.100000000 75.517415210 3.000000000
      vertex 88.100000000 63.970409826 3.000000000
      vertex 88.100000000 63.970409826 4.600000000
    endloop
  endfacet
  facet normal -1 0 0
    outer loop
      vertex 88.100000000 75.517415210 3.000000000
      vertex 88.100000000 63.970409826 4.600000000
      vertex 88.100000000 75.517415210 4.600000000
    endloop
  endfacet
  facet normal -0.5 -0.866025404 0
    outer loop
      vertex 88.100000000 63.970409826 3.000000000
      vertex 98.100000000 58.196907134 3.000000000
      vertex 98.100000000 58.196907134 4.600000000
    endloop
  endfacet
  facet normal -0.5 -0.866025404 0
    outer loop
      vertex 88.100000000 63.970409826 3.000000000
      vertex 98.100000000 58.196907134 4.600000000
      vertex 88.100000000 63.970409826 4.600000000
    endloop
  endfacet
  facet normal 0.5 -0.866025404 0
    outer loop
      vertex 98.100000000 58.196907134 3.000000000
      vertex 108.100000000 63.970409826 3.000000000
      vertex 108.100000000 63.970409826 4.600000000
    endloop
  endfacet
  facet normal 0.5 -0.866025404 0
    outer loop
      vertex 98.100000000 58.196907134 3.000000000
      vertex 108.100000000 63.970409826 4.600000000
      vertex 98.100000000 58.196907134 4.600000000
    endloop
  endfacet
  facet normal 1 -2.46139224e-15 0
    outer loop
      vertex 108.100000000 63.970409826 3.000000000
      vertex 108.100000000 75.517415210 3.000000000
      vertex 108.100000000 75.517415210 4.600000000
    endloop
  endfacet
  facet normal 1 -2.46139224e-15 0
    outer loop
      vertex 108.100000000 63.970409826 3.000000000
      vertex 108.100000000 75.517415210 4.600000000
      vertex 108.100000000 63.970409826 4.600000000
    endloop
  endfacet
  facet normal 0.495722431 0.858616436 0.130526192
    outer loop
      vertex 108.100000000 75.517415210 4.600000000
      vertex 98.100000000 81.290917902 4.600000000
      vertex 98.100000000 81.259441529 4.807055236
    endloop
  endfacet
  facet normal 0.495722431 0.858616436 0.130526192
    outer loop
      vertex 108.100000000 75.517415210 4.600000000
      vertex 98.100000000 81.259441529 4.807055236
      vertex 108.072740661 75.501677023 4.807055236
    endloop
  endfacet
  facet normal -0.495722431 0.858616436 0.130526192
    outer loop
      vertex 98.100000000 81.290917902 4.600000000
      vertex 88.100000000 75.517415210 4.600000000
      vertex 88.127259339 75.501677023 4.807055236
    endloop
  endfacet
  facet normal -0.495722431 0.858616436 0.130526192
    outer loop
      vertex 98.100000000 81.290917902 4.600000000
      vertex 88.127259339 75.501677023 4.807055236
      vertex 98.100000000 81.259441529 4.807055236
    endloop
  endfacet
  facet normal -0.991444861 0 0.130526192
    outer loop
      vertex 88.100000000 75.517415210 4.600000000
      vertex 88.100000000 63.970409826 4.600000000
      vertex 88.127259339 63.986148013 4.807055236
    endloop
  endfacet
  facet normal -0.991444861 0 0.130526192
    outer loop
      vertex 88.100000000 75.517415210 4.600000000
      vertex 88.127259339 63.986148013 4.807055236
      vertex 88.127259339 75.501677023 4.807055236
    endloop
  endfacet
  facet normal -0.495722431 -0.858616436 0.130526192
    outer loop
      vertex 88.100000000 63.970409826 4.600000000
      vertex 98.100000000 58.196907134 4.600000000
      vertex 98.100000000 58.228383508 4.807055236
    endloop
  endfacet
  facet normal -0.495722431 -0.858616436 0.130526192
    outer loop
      vertex 88.100000000 63.970409826 4.600000000
      vertex 98.100000000 58.228383508 4.807055236
      vertex 88.127259339 63.986148013 4.807055236
    endloop
  endfacet
  facet normal 0.495722431 -0.858616436 0.130526192
    outer loop
      vertex 98.100000000 58.196907134 4.600000000
      vertex 108.100000000 63.970409826 4.600000000
      vertex 108.072740661 63.986148013 4.807055236
    endloop
  endfacet
  facet normal 0.495722431 -0.858616436 0.130526192
    outer loop
      vertex 98.100000000 58.196907134 4.600000000
      vertex 108.072740661 63.986148013 4.807055236
      vertex 98.100000000 58.228383508 4.807055236
    endloop
  endfacet
  facet normal 0.991444861 -2.44033469e-15 0.130526192
    outer loop
      vertex 108.100000000 63.970409826 4.600000000
      vertex 108.100000000 75.517415210 4.600000000
      vertex 108.072740661 75.501677023 4.807055236
    endloop
  endfacet
  facet normal 0.991444861 -2.44672159e-15 0.130526192
    outer loop
      vertex 108.100000000 63.970409826 4.600000000
      vertex 108.072740661 75.501677023 4.807055236
      vertex 108.072740661 63.986148013 4.807055236
    endloop
  endfacet
  facet normal 0.461939766 0.800103145 0.382683432
    outer loop
      vertex 108.072740661 75.501677023 4.807055236
      vertex 98.100000000 81.259441529 4.807055236
      vertex 98.100000000 81.167157471 5.000000000
    endloop
  endfacet
  facet normal 0.461939766 0.800103145 0.382683432
    outer loop
      vertex 108.072740661 75.501677023 4.807055236
      vertex 98.100000000 81.167157471 5.000000000
      vertex 107.992820323 75.455534995 5.000000000
    endloop
  endfacet
  facet normal -0.461939766 0.800103145 0.382683432
    outer loop
      vertex 98.100000000 81.259441529 4.807055236
      vertex 88.127259339 75.501677023 4.807055236
      vertex 88.207179677 75.455534995 5.000000000
    endloop
  endfacet
  facet normal -0.461939766 0.800103145 0.382683432
    outer loop
      vertex 98.100000000 81.259441529 4.807055236
      vertex 88.207179677 75.455534995 5.000000000
      vertex 98.100000000 81.167157471 5.000000000
    endloop
  endfacet
  facet normal -0.923879533 0 0.382683432
    outer loop
      vertex 88.127259339 75.501677023 4.807055236
      vertex 88.127259339 63.986148013 4.807055236
      vertex 88.207179677 64.032290042 5.000000000
    endloop
  endfacet
  facet normal -0.923879533 0 0.382683432
    outer loop
      vertex 88.127259339 75.501677023 4.807055236
      vertex 88.207179677 64.032290042 5.000000000
      vertex 88.207179677 75.455534995 5.000000000
    endloop
  endfacet
  facet normal -0.461939766 -0.800103145 0.382683432
    outer loop
      vertex 88.127259339 63.986148013 4.807055236
      vertex 98.100000000 58.228383508 4.807055236
      vertex 98.100000000 58.320667565 5.000000000
    endloop
  endfacet
  facet normal -0.461939766 -0.800103145 0.382683432
    outer loop
      vertex 88.127259339 63.986148013 4.807055236
      vertex 98.100000000 58.320667565 5.000000000
      vertex 88.207179677 64.032290042 5.000000000
    endloop
  endfacet
  facet normal 0.461939766 -0.800103145 0.382683432
    outer loop
      vertex 98.100000000 58.228383508 4.807055236
      vertex 108.072740661 63.986148013 4.807055236
      vertex 107.992820323 64.032290042 5.000000000
    endloop
  endfacet
  facet normal 0.461939766 -0.800103145 0.382683432
    outer loop
      vertex 98.100000000 58.228383508 4.807055236
      vertex 107.992820323 64.032290042 5.000000000
      vertex 98.100000000 58.320667565 5.000000000
    endloop
  endfacet
  facet normal 0.923879533 -2.28024571e-15 0.382683432
    outer loop
      vertex 108.072740661 63.986148013 4.807055236
      vertex 108.072740661 75.501677023 4.807055236
      vertex 107.992820323 75.455534995 5.000000000
    endloop
  endfacet
  facet normal 0.923879533 -2.29851642e-15 0.382683432
    outer loop
      vertex 108.072740661 63.986148013 4.807055236
      vertex 107.992820323 75.455534995 5.000000000
      vertex 107.992820323 64.032290042 5.000000000
    endloop
  endfacet
  facet normal 0.39667667 0.687064147 0.608761429
    outer loop
      vertex 107.992820323 75.455534995 5.000000000
      vertex 98.100000000 81.167157471 5.000000000
      vertex 98.100000000 81.020354736 5.165685425
    endloop
  endfacet
  facet normal 0.39667667 0.687064147 0.608761429
    outer loop
      vertex 107.992820323 75.455534995 5.000000000
      vertex 98.100000000 81.020354736 5.165685425
      vertex 107.865685425 75.382133627 5.165685425
    endloop
  endfacet
  facet normal -0.39667667 0.687064147 0.608761429
    outer loop
      vertex 98.100000000 81.167157471 5.000000000
      vertex 88.207179677 75.455534995 5.000000000
      vertex 88.334314575 75.382133627 5.165685425
    endloop
  endfacet
  facet normal -0.39667667 0.687064147 0.608761429
    outer loop
      vertex 98.100000000 81.167157471 5.000000000
      vertex 88.334314575 75.382133627 5.165685425
      vertex 98.100000000 81.020354736 5.165685425
    endloop
  endfacet
  facet normal -0.79335334 0 0.608761429
    outer loop
      vertex 88.207179677 75.455534995 5.000000000
      vertex 88.207179677 64.032290042 5.000000000
      vertex 88.334314575 64.105691409 5.165685425
    endloop
  endfacet
  facet normal -0.79335334 0 0.608761429
    outer loop
      vertex 88.207179677 75.455534995 5.000000000
      vertex 88.334314575 64.105691409 5.165685425
      vertex 88.334314575 75.382133627 5.165685425
    endloop
  endfacet
  facet normal -0.39667667 -0.687064147 0.608761429
    outer loop
      vertex 88.207179677 64.032290042 5.000000000
      vertex 98.100000000 58.320667565 5.000000000
      vertex 98.100000000 58.467470300 5.165685425
    endloop
  endfacet
  facet normal -0.39667667 -0.687064147 0.608761429
    outer loop
      vertex 88.207179677 64.032290042 5.000000000
      vertex 98.100000000 58.467470300 5.165685425
      vertex 88.334314575 64.105691409 5.165685425
    endloop
  endfacet
  facet normal 0.39667667 -0.687064147 0.608761429
    outer loop
      vertex 98.100000000 58.320667565 5.000000000
      vertex 107.992820323 64.032290042 5.000000000
      vertex 107.865685425 64.105691409 5.165685425
    endloop
  endfacet
  facet normal 0.39667667 -0.687064147 0.608761429
    outer loop
      vertex 98.100000000 58.320667565 5.000000000
      vertex 107.865685425 64.105691409 5.165685425
      vertex 98.100000000 58.467470300 5.165685425
    endloop
  endfacet
  facet normal 0.79335334 -1.97391006e-15 0.608761429
    outer loop
      vertex 107.992820323 64.032290042 5.000000000
      vertex 107.992820323 75.455534995 5.000000000
      vertex 107.865685425 75.382133627 5.165685425
    endloop
  endfacet
  facet normal 0.79335334 -1.99917287e-15 0.608761429
    outer loop
      vertex 107.992820323 64.032290042 5.000000000
      vertex 107.865685425 75.382133627 5.165685425
      vertex 107.865685425 64.105691409 5.165685425
    endloop
  endfacet
  facet normal 0.304380714 0.527202862 0.79335334
    outer loop
      vertex 107.865685425 75.382133627 5.165685425
      vertex 98.100000000 81.020354736 5.165685425
      vertex 98.100000000 80.829037687 5.292820323
    endloop
  endfacet
  facet normal 0.304380714 0.527202862 0.79335334
    outer loop
      vertex 107.865685425 75.382133627 5.165685425
      vertex 98.100000000 80.829037687 5.292820323
      vertex 107.700000000 75.286475102 5.292820323
    endloop
  endfacet
  facet normal -0.304380714 0.527202862 0.79335334
    outer loop
      vertex 98.100000000 81.020354736 5.165685425
      vertex 88.334314575 75.382133627 5.165685425
      vertex 88.500000000 75.286475102 5.292820323
    endloop
  endfacet
  facet normal -0.304380714 0.527202862 0.79335334
    outer loop
      vertex 98.100000000 81.020354736 5.165685425
      vertex 88.500000000 75.286475102 5.292820323
      vertex 98.100000000 80.829037687 5.292820323
    endloop
  endfacet
  facet normal -0.608761429 0 0.79335334
    outer loop
      vertex 88.334314575 75.382133627 5.165685425
      vertex 88.334314575 64.105691409 5.165685425
      vertex 88.500000000 64.201349934 5.292820323
    endloop
  endfacet
  facet normal -0.608761429 0 0.79335334
    outer loop
      vertex 88.334314575 75.382133627 5.165685425
      vertex 88.500000000 64.201349934 5.292820323
      vertex 88.500000000 75.286475102 5.292820323
    endloop
  endfacet
  facet normal -0.304380714 -0.527202862 0.79335334
    outer loop
      vertex 88.334314575 64.105691409 5.165685425
      vertex 98.100000000 58.467470300 5.165685425
      vertex 98.100000000 58.658787350 5.292820323
    endloop
  endfacet
  facet normal -0.304380714 -0.527202862 0.79335334
    outer loop
      vertex 88.334314575 64.105691409 5.165685425
      vertex 98.100000000 58.658787350 5.292820323
      vertex 88.500000000 64.201349934 5.292820323
    endloop
  endfacet
  facet normal 0.304380714 -0.527202862 0.79335334
    outer loop
      vertex 98.100000000 58.467470300 5.165685425
      vertex 107.865685425 64.105691409 5.165685425
      vertex 107.700000000 64.201349934 5.292820323
    endloop
  endfacet
  facet normal 0.304380714 -0.527202862 0.79335334
    outer loop
      vertex 98.100000000 58.467470300 5.165685425
      vertex 107.700000000 64.201349934 5.292820323
      vertex 98.100000000 58.658787350 5.292820323
    endloop
  endfacet
  facet normal 0.608761429 -1.53435278e-15 0.79335334
    outer loop
      vertex 107.865685425 64.105691409 5.165685425
      vertex 107.865685425 75.382133627 5.165685425
      vertex 107.700000000 75.286475102 5.292820323
    endloop
  endfacet
  facet normal 0.608761429 -1.5615997e-15 0.79335334
    outer loop
      vertex 107.865685425 64.105691409 5.165685425
      vertex 107.700000000 75.286475102 5.292820323
      vertex 107.700000000 64.201349934 5.292820323
    endloop
  endfacet
  facet normal 0.191341716 0.331413574 0.923879533
    outer loop
      vertex 107.700000000 75.286475102 5.292820323
      vertex 98.100000000 80.829037687 5.292820323
      vertex 98.100000000 80.606244264 5.372740661
    endloop
  endfacet
  facet normal 0.191341716 0.331413574 0.923879533
    outer loop
      vertex 107.700000000 75.286475102 5.292820323
      vertex 98.100000000 80.606244264 5.372740661
      vertex 107.507055236 75.175078391 5.372740661
    endloop
  endfacet
  facet normal -0.191341716 0.331413574 0.923879533
    outer loop
      vertex 98.100000000 80.829037687 5.292820323
      vertex 88.500000000 75.286475102 5.292820323
      vertex 88.692944764 75.175078391 5.372740661
    endloop
  endfacet
  facet normal -0.191341716 0.331413574 0.923879533
    outer loop
      vertex 98.100000000 80.829037687 5.292820323
      vertex 88.692944764 75.175078391 5.372740661
      vertex 98.100000000 80.606244264 5.372740661
    endloop
  endfacet
  facet normal -0.382683432 0 0.923879533
    outer loop
      vertex 88.500000000 75.286475102 5.292820323
      vertex 88.500000000 64.201349934 5.292820323
      vertex 88.692944764 64.312746645 5.372740661
    endloop
  endfacet
  facet normal -0.382683432 0 0.923879533
    outer loop
      vertex 88.500000000 75.286475102 5.292820323
      vertex 88.692944764 64.312746645 5.372740661
      vertex 88.692944764 75.175078391 5.372740661
    endloop
  endfacet
  facet normal -0.191341716 -0.331413574 0.923879533
    outer loop
      vertex 88.500000000 64.201349934 5.292820323
      vertex 98.100000000 58.658787350 5.292820323
      vertex 98.100000000 58.881580772 5.372740661
    endloop
  endfacet
  facet normal -0.191341716 -0.331413574 0.923879533
    outer loop
      vertex 88.500000000 64.201349934 5.292820323
      vertex 98.100000000 58.881580772 5.372740661
      vertex 88.692944764 64.312746645 5.372740661
    endloop
  endfacet
  facet normal 0.191341716 -0.331413574 0.923879533
    outer loop
      vertex 98.100000000 58.658787350 5.292820323
      vertex 107.700000000 64.201349934 5.292820323
      vertex 107.507055236 64.312746645 5.372740661
    endloop
  endfacet
  facet normal 0.191341716 -0.331413574 0.923879533
    outer loop
      vertex 98.100000000 58.658787350 5.292820323
      vertex 107.507055236 64.312746645 5.372740661
      vertex 98.100000000 58.881580772 5.372740661
    endloop
  endfacet
  facet normal 0.382683432 -9.81181281e-16 0.923879533
    outer loop
      vertex 107.700000000 64.201349934 5.292820323
      vertex 107.700000000 75.286475102 5.292820323
      vertex 107.507055236 75.175078391 5.372740661
    endloop
  endfacet
  facet normal 0.382683432 -1.00175343e-15 0.923879533
    outer loop
      vertex 107.700000000 64.201349934 5.292820323
      vertex 107.507055236 75.175078391 5.372740661
      vertex 107.507055236 64.312746645 5.372740661
    endloop
  endfacet
  facet normal 0.0652630962 0.113038998 0.991444861
    outer loop
      vertex 107.507055236 75.175078391 5.372740661
      vertex 98.100000000 80.606244264 5.372740661
      vertex 98.100000000 80.367157471 5.400000000
    endloop
  endfacet
  facet normal 0.0652630962 0.113038998 0.991444861
    outer loop
      vertex 107.507055236 75.175078391 5.372740661
      vertex 98.100000000 80.367157471 5.400000000
      vertex 107.300000000 75.055534995 5.400000000
    endloop
  endfacet
  facet normal -0.0652630962 0.113038998 0.991444861
    outer loop
      vertex 98.100000000 80.606244264 5.372740661
      vertex 88.692944764 75.175078391 5.372740661
      vertex 88.900000000 75.055534995 5.400000000
    endloop
  endfacet
  facet normal -0.0652630962 0.113038998 0.991444861
    outer loop
      vertex 98.100000000 80.606244264 5.372740661
      vertex 88.900000000 75.055534995 5.400000000
      vertex 98.100000000 80.367157471 5.400000000
    endloop
  endfacet
  facet normal -0.130526192 0 0.991444861
    outer loop
      vertex 88.692944764 75.175078391 5.372740661
      vertex 88.692944764 64.312746645 5.372740661
      vertex 88.900000000 64.432290042 5.400000000
    endloop
  endfacet
  facet normal -0.130526192 0 0.991444861
    outer loop
      vertex 88.692944764 75.175078391 5.372740661
      vertex 88.900000000 64.432290042 5.400000000
      vertex 88.900000000 75.055534995 5.400000000
    endloop
  endfacet
  facet normal -0.0652630962 -0.113038998 0.991444861
    outer loop
      vertex 88.692944764 64.312746645 5.372740661
      vertex 98.100000000 58.881580772 5.372740661
      vertex 98.100000000 59.120667565 5.400000000
    endloop
  endfacet
  facet normal -0.0652630962 -0.113038998 0.991444861
    outer loop
      vertex 88.692944764 64.312746645 5.372740661
      vertex 98.100000000 59.120667565 5.400000000
      vertex 88.900000000 64.432290042 5.400000000
    endloop
  endfacet
  facet normal 0.0652630962 -0.113038998 0.991444861
    outer loop
      vertex 98.100000000 58.881580772 5.372740661
      vertex 107.507055236 64.312746645 5.372740661
      vertex 107.300000000 64.432290042 5.400000000
    endloop
  endfacet
  facet normal 0.0652630962 -0.113038998 0.991444861
    outer loop
      vertex 98.100000000 58.881580772 5.372740661
      vertex 107.300000000 64.432290042 5.400000000
      vertex 98.100000000 59.120667565 5.400000000
    endloop
  endfacet
  facet normal 0.130526192 -3.4152681e-16 0.991444861
    outer loop
      vertex 107.507055236 64.312746645 5.372740661
      vertex 107.507055236 75.175078391 5.372740661
      vertex 107.300000000 75.055534995 5.400000000
    endloop
  endfacet
  facet normal 0.130526192 -3.49121723e-16 0.991444861
    outer loop
      vertex 107.507055236 64.312746645 5.372740661
      vertex 107.300000000 75.055534995 5.400000000
      vertex 107.300000000 64.432290042 5.400000000
    endloop
  endfacet
  facet normal 0 0 1
    outer loop
      vertex 107.300000000 75.055534995 5.400000000
      vertex 98.100000000 80.367157471 5.400000000
      vertex 88.900000000 75.055534995 5.400000000
    endloop
  endfacet
  facet normal 0 0 1
    outer loop
      vertex 107.300000000 75.055534995 5.400000000
      vertex 88.900000000 75.055534995 5.400000000
      vertex 88.900000000 64.432290042 5.400000000
    endloop
  endfacet
  facet normal 0 0 1
    outer loop
      vertex 107.300000000 75.055534995 5.400000000
      vertex 88.900000000 64.432290042 5.400000000
      vertex 98.100000000 59.120667565 5.400000000
    endloop
  endfacet
  facet normal 0 0 1
    outer loop
      vertex 107.300000000 75.055534995 5.400000000
      vertex 98.100000000 59.120667565 5.400000000
      vertex 107.300000000 64.432290042 5.400000000
    endloop
  endfacet
  facet normal 0 0 -1
    outer loop
      vertex 75.400000000 94.396769013 3.000000000
      vertex 55.400000000 94.396769013 3.000000000
      vertex 65.400000000 100.170271704 3.000000000
    endloop
  endfacet
  facet normal -0 0 -1
    outer loop
      vertex 75.400000000 94.396769013 3.000000000
      vertex 55.400000000 82.849763629 3.000000000
      vertex 55.400000000 94.396769013 3.000000000
    endloop
  endfacet
  facet normal 0 0 -1
    outer loop
      vertex 75.400000000 94.396769013 3.000000000
      vertex 65.400000000 77.076260937 3.000000000
      vertex 55.400000000 82.849763629 3.000000000
    endloop
  endfacet
  facet normal 0 0 -1
    outer loop
      vertex 75.400000000 94.396769013 3.000000000
      vertex 75.400000000 82.849763629 3.000000000
      vertex 65.400000000 77.076260937 3.000000000
    endloop
  endfacet
  facet normal 0.5 0.866025404 0
    outer loop
      vertex 75.400000000 94.396769013 3.000000000
      vertex 65.400000000 100.170271704 3.000000000
      vertex 65.400000000 100.170271704 4.600000000
    endloop
  endfacet
  facet normal 0.5 0.866025404 -0
    outer loop
      vertex 75.400000000 94.396769013 3.000000000
      vertex 65.400000000 100.170271704 4.600000000
      vertex 75.400000000 94.396769013 4.600000000
    endloop
  endfacet
  facet normal -0.5 0.866025404 0
    outer loop
      vertex 65.400000000 100.170271704 3.000000000
      vertex 55.400000000 94.396769013 3.000000000
      vertex 55.400000000 94.396769013 4.600000000
    endloop
  endfacet
  facet normal -0.5 0.866025404 0
    outer loop
      vertex 65.400000000 100.170271704 3.000000000
      vertex 55.400000000 94.396769013 4.600000000
      vertex 65.400000000 100.170271704 4.600000000
    endloop
  endfacet
  facet normal -1 0 0
    outer loop
      vertex 55.400000000 94.396769013 3.000000000
      vertex 55.400000000 82.849763629 3.000000000
      vertex 55.400000000 82.849763629 4.600000000
    endloop
  endfacet
  facet normal -1 0 0
    outer loop
      vertex 55.400000000 94.396769013 3.000000000
      vertex 55.400000000 82.849763629 4.600000000
      vertex 55.400000000 94.396769013 4.600000000
    endloop
  endfacet
  facet normal -0.5 -0.866025404 0
    outer loop
      vertex 55.400000000 82.849763629 3.000000000
      vertex 65.400000000 77.076260937 3.000000000
      vertex 65.400000000 77.076260937 4.600000000
    endloop
  endfacet
  facet normal -0.5 -0.866025404 0
    outer loop
      vertex 55.400000000 82.849763629 3.000000000
      vertex 65.400000000 77.076260937 4.600000000
      vertex 55.400000000 82.849763629 4.600000000
    endloop
  endfacet
  facet normal 0.5 -0.866025404 0
    outer loop
      vertex 65.400000000 77.076260937 3.000000000
      vertex 75.400000000 82.849763629 3.000000000
      vertex 75.400000000 82.849763629 4.600000000
    endloop
  endfacet
  facet normal 0.5 -0.866025404 0
    outer loop
      vertex 65.400000000 77.076260937 3.000000000
      vertex 75.400000000 82.849763629 4.600000000
      vertex 65.400000000 77.076260937 4.600000000
    endloop
  endfacet
  facet normal 1 -1.23069612e-15 0
    outer loop
      vertex 75.400000000 82.849763629 3.000000000
      vertex 75.400000000 94.396769013 3.000000000
      vertex 75.400000000 94.396769013 4.600000000
    endloop
  endfacet
  facet normal 1 -1.23069612e-15 0
    outer loop
      vertex 75.400000000 82.849763629 3.000000000
      vertex 75.400000000 94.396769013 4.600000000
      vertex 75.400000000 82.849763629 4.600000000
    endloop
  endfacet
  facet normal 0.495722431 0.858616436 0.130526192
    outer loop
      vertex 75.400000000 94.396769013 4.600000000
      vertex 65.400000000 100.170271704 4.600000000
      vertex 65.400000000 100.138795331 4.807055236
    endloop
  endfacet
  facet normal 0.495722431 0.858616436 0.130526192
    outer loop
      vertex 75.400000000 94.396769013 4.600000000
      vertex 65.400000000 100.138795331 4.807055236
      vertex 75.372740661 94.381030826 4.807055236
    endloop
  endfacet
  facet normal -0.495722431 0.858616436 0.130526192
    outer loop
      vertex 65.400000000 100.170271704 4.600000000
      vertex 55.400000000 94.396769013 4.600000000
      vertex 55.427259339 94.381030826 4.807055236
    endloop
  endfacet
  facet normal -0.495722431 0.858616436 0.130526192
    outer loop
      vertex 65.400000000 100.170271704 4.600000000
      vertex 55.427259339 94.381030826 4.807055236
      vertex 65.400000000 100.138795331 4.807055236
    endloop
  endfacet
  facet normal -0.991444861 0 0.130526192
    outer loop
      vertex 55.400000000 94.396769013 4.600000000
      vertex 55.400000000 82.849763629 4.600000000
      vertex 55.427259339 82.865501815 4.807055236
    endloop
  endfacet
  facet normal -0.991444861 0 0.130526192
    outer loop
      vertex 55.400000000 94.396769013 4.600000000
      vertex 55.427259339 82.865501815 4.807055236
      vertex 55.427259339 94.381030826 4.807055236
    endloop
  endfacet
  facet normal -0.495722431 -0.858616436 0.130526192
    outer loop
      vertex 55.400000000 82.849763629 4.600000000
      vertex 65.400000000 77.076260937 4.600000000
      vertex 65.400000000 77.107737310 4.807055236
    endloop
  endfacet
  facet normal -0.495722431 -0.858616436 0.130526192
    outer loop
      vertex 55.400000000 82.849763629 4.600000000
      vertex 65.400000000 77.107737310 4.807055236
      vertex 55.427259339 82.865501815 4.807055236
    endloop
  endfacet
  facet normal 0.495722431 -0.858616436 0.130526192
    outer loop
      vertex 65.400000000 77.076260937 4.600000000
      vertex 75.400000000 82.849763629 4.600000000
      vertex 75.372740661 82.865501815 4.807055236
    endloop
  endfacet
  facet normal 0.495722431 -0.858616436 0.130526192
    outer loop
      vertex 65.400000000 77.076260937 4.600000000
      vertex 75.372740661 82.865501815 4.807055236
      vertex 65.400000000 77.107737310 4.807055236
    endloop
  endfacet
  facet normal 0.991444861 -1.22016734e-15 0.130526192
    outer loop
      vertex 75.400000000 82.849763629 4.600000000
      vertex 75.400000000 94.396769013 4.600000000
      vertex 75.372740661 94.381030826 4.807055236
    endloop
  endfacet
  facet normal 0.991444861 -1.2233608e-15 0.130526192
    outer loop
      vertex 75.400000000 82.849763629 4.600000000
      vertex 75.372740661 94.381030826 4.807055236
      vertex 75.372740661 82.865501815 4.807055236
    endloop
  endfacet
  facet normal 0.461939766 0.800103145 0.382683432
    outer loop
      vertex 75.372740661 94.381030826 4.807055236
      vertex 65.400000000 100.138795331 4.807055236
      vertex 65.400000000 100.046511274 5.000000000
    endloop
  endfacet
  facet normal 0.461939766 0.800103145 0.382683432
    outer loop
      vertex 75.372740661 94.381030826 4.807055236
      vertex 65.400000000 100.046511274 5.000000000
      vertex 75.292820323 94.334888797 5.000000000
    endloop
  endfacet
  facet normal -0.461939766 0.800103145 0.382683432
    outer loop
      vertex 65.400000000 100.138795331 4.807055236
      vertex 55.427259339 94.381030826 4.807055236
      vertex 55.507179677 94.334888797 5.000000000
    endloop
  endfacet
  facet normal -0.461939766 0.800103145 0.382683432
    outer loop
      vertex 65.400000000 100.138795331 4.807055236
      vertex 55.507179677 94.334888797 5.000000000
      vertex 65.400000000 100.046511274 5.000000000
    endloop
  endfacet
  facet normal -0.923879533 0 0.382683432
    outer loop
      vertex 55.427259339 94.381030826 4.807055236
      vertex 55.427259339 82.865501815 4.807055236
      vertex 55.507179677 82.911643844 5.000000000
    endloop
  endfacet
  facet normal -0.923879533 0 0.382683432
    outer loop
      vertex 55.427259339 94.381030826 4.807055236
      vertex 55.507179677 82.911643844 5.000000000
      vertex 55.507179677 94.334888797 5.000000000
    endloop
  endfacet
  facet normal -0.461939766 -0.800103145 0.382683432
    outer loop
      vertex 55.427259339 82.865501815 4.807055236
      vertex 65.400000000 77.107737310 4.807055236
      vertex 65.400000000 77.200021368 5.000000000
    endloop
  endfacet
  facet normal -0.461939766 -0.800103145 0.382683432
    outer loop
      vertex 55.427259339 82.865501815 4.807055236
      vertex 65.400000000 77.200021368 5.000000000
      vertex 55.507179677 82.911643844 5.000000000
    endloop
  endfacet
  facet normal 0.461939766 -0.800103145 0.382683432
    outer loop
      vertex 65.400000000 77.107737310 4.807055236
      vertex 75.372740661 82.865501815 4.807055236
      vertex 75.292820323 82.911643844 5.000000000
    endloop
  endfacet
  facet normal 0.461939766 -0.800103145 0.382683432
    outer loop
      vertex 65.400000000 77.107737310 4.807055236
      vertex 75.292820323 82.911643844 5.000000000
      vertex 65.400000000 77.200021368 5.000000000
    endloop
  endfacet
  facet normal 0.923879533 -1.14012285e-15 0.382683432
    outer loop
      vertex 75.372740661 82.865501815 4.807055236
      vertex 75.372740661 94.381030826 4.807055236
      vertex 75.292820323 94.334888797 5.000000000
    endloop
  endfacet
  facet normal 0.923879533 -1.14889464e-15 0.382683432
    outer loop
      vertex 75.372740661 82.865501815 4.807055236
      vertex 75.292820323 94.334888797 5.000000000
      vertex 75.292820323 82.911643844 5.000000000
    endloop
  endfacet
  facet normal 0.39667667 0.687064147 0.608761429
    outer loop
      vertex 75.292820323 94.334888797 5.000000000
      vertex 65.400000000 100.046511274 5.000000000
      vertex 65.400000000 99.899708538 5.165685425
    endloop
  endfacet
  facet normal 0.39667667 0.687064147 0.608761429
    outer loop
      vertex 75.292820323 94.334888797 5.000000000
      vertex 65.400000000 99.899708538 5.165685425
      vertex 75.165685425 94.261487430 5.165685425
    endloop
  endfacet
  facet normal -0.39667667 0.687064147 0.608761429
    outer loop
      vertex 65.400000000 100.046511274 5.000000000
      vertex 55.507179677 94.334888797 5.000000000
      vertex 55.634314575 94.261487430 5.165685425
    endloop
  endfacet
  facet normal -0.39667667 0.687064147 0.608761429
    outer loop
      vertex 65.400000000 100.046511274 5.000000000
      vertex 55.634314575 94.261487430 5.165685425
      vertex 65.400000000 99.899708538 5.165685425
    endloop
  endfacet
  facet normal -0.79335334 0 0.608761429
    outer loop
      vertex 55.507179677 94.334888797 5.000000000
      vertex 55.507179677 82.911643844 5.000000000
      vertex 55.634314575 82.985045212 5.165685425
    endloop
  endfacet
  facet normal -0.79335334 0 0.608761429
    outer loop
      vertex 55.507179677 94.334888797 5.000000000
      vertex 55.634314575 82.985045212 5.165685425
      vertex 55.634314575 94.261487430 5.165685425
    endloop
  endfacet
  facet normal -0.39667667 -0.687064147 0.608761429
    outer loop
      vertex 55.507179677 82.911643844 5.000000000
      vertex 65.400000000 77.200021368 5.000000000
      vertex 65.400000000 77.346824103 5.165685425
    endloop
  endfacet
  facet normal -0.39667667 -0.687064147 0.608761429
    outer loop
      vertex 55.507179677 82.911643844 5.000000000
      vertex 65.400000000 77.346824103 5.165685425
      vertex 55.634314575 82.985045212 5.165685425
    endloop
  endfacet
  facet normal 0.39667667 -0.687064147 0.608761429
    outer loop
      vertex 65.400000000 77.200021368 5.000000000
      vertex 75.292820323 82.911643844 5.000000000
      vertex 75.165685425 82.985045212 5.165685425
    endloop
  endfacet
  facet normal 0.39667667 -0.687064147 0.608761429
    outer loop
      vertex 65.400000000 77.200021368 5.000000000
      vertex 75.165685425 82.985045212 5.165685425
      vertex 65.400000000 77.346824103 5.165685425
    endloop
  endfacet
  facet normal 0.79335334 -9.86955029e-16 0.608761429
    outer loop
      vertex 75.292820323 82.911643844 5.000000000
      vertex 75.292820323 94.334888797 5.000000000
      vertex 75.165685425 94.261487430 5.165685425
    endloop
  endfacet
  facet normal 0.79335334 -9.98849818e-16 0.608761429
    outer loop
      vertex 75.292820323 82.911643844 5.000000000
      vertex 75.165685425 94.261487430 5.165685425
      vertex 75.165685425 82.985045212 5.165685425
    endloop
  endfacet
  facet normal 0.304380714 0.527202862 0.79335334
    outer loop
      vertex 75.165685425 94.261487430 5.165685425
      vertex 65.400000000 99.899708538 5.165685425
      vertex 65.400000000 99.708391489 5.292820323
    endloop
  endfacet
  facet normal 0.304380714 0.527202862 0.79335334
    outer loop
      vertex 75.165685425 94.261487430 5.165685425
      vertex 65.400000000 99.708391489 5.292820323
      vertex 75.000000000 94.165828905 5.292820323
    endloop
  endfacet
  facet normal -0.304380714 0.527202862 0.79335334
    outer loop
      vertex 65.400000000 99.899708538 5.165685425
      vertex 55.634314575 94.261487430 5.165685425
      vertex 55.800000000 94.165828905 5.292820323
    endloop
  endfacet
  facet normal -0.304380714 0.527202862 0.79335334
    outer loop
      vertex 65.400000000 99.899708538 5.165685425
      vertex 55.800000000 94.165828905 5.292820323
      vertex 65.400000000 99.708391489 5.292820323
    endloop
  endfacet
  facet normal -0.608761429 0 0.79335334
    outer loop
      vertex 55.634314575 94.261487430 5.165685425
      vertex 55.634314575 82.985045212 5.165685425
      vertex 55.800000000 83.080703736 5.292820323
    endloop
  endfacet
  facet normal -0.608761429 0 0.79335334
    outer loop
      vertex 55.634314575 94.261487430 5.165685425
      vertex 55.800000000 83.080703736 5.292820323
      vertex 55.800000000 94.165828905 5.292820323
    endloop
  endfacet
  facet normal -0.304380714 -0.527202862 0.79335334
    outer loop
      vertex 55.634314575 82.985045212 5.165685425
      vertex 65.400000000 77.346824103 5.165685425
      vertex 65.400000000 77.538141152 5.292820323
    endloop
  endfacet
  facet normal -0.304380714 -0.527202862 0.79335334
    outer loop
      vertex 55.634314575 82.985045212 5.165685425
      vertex 65.400000000 77.538141152 5.292820323
      vertex 55.800000000 83.080703736 5.292820323
    endloop
  endfacet
  facet normal 0.304380714 -0.527202862 0.79335334
    outer loop
      vertex 65.400000000 77.346824103 5.165685425
      vertex 75.165685425 82.985045212 5.165685425
      vertex 75.000000000 83.080703736 5.292820323
    endloop
  endfacet
  facet normal 0.304380714 -0.527202862 0.79335334
    outer loop
      vertex 65.400000000 77.346824103 5.165685425
      vertex 75.000000000 83.080703736 5.292820323
      vertex 65.400000000 77.538141152 5.292820323
    endloop
  endfacet
  facet normal 0.608761429 -7.67176389e-16 0.79335334
    outer loop
      vertex 75.165685425 82.985045212 5.165685425
      vertex 75.165685425 94.261487430 5.165685425
      vertex 75.000000000 94.165828905 5.292820323
    endloop
  endfacet
  facet normal 0.608761429 -7.80799852e-16 0.79335334
    outer loop
      vertex 75.165685425 82.985045212 5.165685425
      vertex 75.000000000 94.165828905 5.292820323
      vertex 75.000000000 83.080703736 5.292820323
    endloop
  endfacet
  facet normal 0.191341716 0.331413574 0.923879533
    outer loop
      vertex 75.000000000 94.165828905 5.292820323
      vertex 65.400000000 99.708391489 5.292820323
      vertex 65.400000000 99.485598066 5.372740661
    endloop
  endfacet
  facet normal 0.191341716 0.331413574 0.923879533
    outer loop
      vertex 75.000000000 94.165828905 5.292820323
      vertex 65.400000000 99.485598066 5.372740661
      vertex 74.807055236 94.054432193 5.372740661
    endloop
  endfacet
  facet normal -0.191341716 0.331413574 0.923879533
    outer loop
      vertex 65.400000000 99.708391489 5.292820323
      vertex 55.800000000 94.165828905 5.292820323
      vertex 55.992944764 94.054432193 5.372740661
    endloop
  endfacet
  facet normal -0.191341716 0.331413574 0.923879533
    outer loop
      vertex 65.400000000 99.708391489 5.292820323
      vertex 55.992944764 94.054432193 5.372740661
      vertex 65.400000000 99.485598066 5.372740661
    endloop
  endfacet
  facet normal -0.382683432 0 0.923879533
    outer loop
      vertex 55.800000000 94.165828905 5.292820323
      vertex 55.800000000 83.080703736 5.292820323
      vertex 55.992944764 83.192100448 5.372740661
    endloop
  endfacet
  facet normal -0.382683432 0 0.923879533
    outer loop
      vertex 55.800000000 94.165828905 5.292820323
      vertex 55.992944764 83.192100448 5.372740661
      vertex 55.992944764 94.054432193 5.372740661
    endloop
  endfacet
  facet normal -0.191341716 -0.331413574 0.923879533
    outer loop
      vertex 55.800000000 83.080703736 5.292820323
      vertex 65.400000000 77.538141152 5.292820323
      vertex 65.400000000 77.760934575 5.372740661
    endloop
  endfacet
  facet normal -0.191341716 -0.331413574 0.923879533
    outer loop
      vertex 55.800000000 83.080703736 5.292820323
      vertex 65.400000000 77.760934575 5.372740661
      vertex 55.992944764 83.192100448 5.372740661
    endloop
  endfacet
  facet normal 0.191341716 -0.331413574 0.923879533
    outer loop
      vertex 65.400000000 77.538141152 5.292820323
      vertex 75.000000000 83.080703736 5.292820323
      vertex 74.807055236 83.192100448 5.372740661
    endloop
  endfacet
  facet normal 0.191341716 -0.331413574 0.923879533
    outer loop
      vertex 65.400000000 77.538141152 5.292820323
      vertex 74.807055236 83.192100448 5.372740661
      vertex 65.400000000 77.760934575 5.372740661
    endloop
  endfacet
  facet normal 0.382683432 -4.90590641e-16 0.923879533
    outer loop
      vertex 75.000000000 83.080703736 5.292820323
      vertex 75.000000000 94.165828905 5.292820323
      vertex 74.807055236 94.054432193 5.372740661
    endloop
  endfacet
  facet normal 0.382683432 -5.00876714e-16 0.923879533
    outer loop
      vertex 75.000000000 83.080703736 5.292820323
      vertex 74.807055236 94.054432193 5.372740661
      vertex 74.807055236 83.192100448 5.372740661
    endloop
  endfacet
  facet normal 0.0652630962 0.113038998 0.991444861
    outer loop
      vertex 74.807055236 94.054432193 5.372740661
      vertex 65.400000000 99.485598066 5.372740661
      vertex 65.400000000 99.246511274 5.400000000
    endloop
  endfacet
  facet normal 0.0652630962 0.113038998 0.991444861
    outer loop
      vertex 74.807055236 94.054432193 5.372740661
      vertex 65.400000000 99.246511274 5.400000000
      vertex 74.600000000 93.934888797 5.400000000
    endloop
  endfacet
  facet normal -0.0652630962 0.113038998 0.991444861
    outer loop
      vertex 65.400000000 99.485598066 5.372740661
      vertex 55.992944764 94.054432193 5.372740661
      vertex 56.200000000 93.934888797 5.400000000
    endloop
  endfacet
  facet normal -0.0652630962 0.113038998 0.991444861
    outer loop
      vertex 65.400000000 99.485598066 5.372740661
      vertex 56.200000000 93.934888797 5.400000000
      vertex 65.400000000 99.246511274 5.400000000
    endloop
  endfacet
  facet normal -0.130526192 0 0.991444861
    outer loop
      vertex 55.992944764 94.054432193 5.372740661
      vertex 55.992944764 83.192100448 5.372740661
      vertex 56.200000000 83.311643844 5.400000000
    endloop
  endfacet
  facet normal -0.130526192 0 0.991444861
    outer loop
      vertex 55.992944764 94.054432193 5.372740661
      vertex 56.200000000 83.311643844 5.400000000
      vertex 56.200000000 93.934888797 5.400000000
    endloop
  endfacet
  facet normal -0.0652630962 -0.113038998 0.991444861
    outer loop
      vertex 55.992944764 83.192100448 5.372740661
      vertex 65.400000000 77.760934575 5.372740661
      vertex 65.400000000 78.000021368 5.400000000
    endloop
  endfacet
  facet normal -0.0652630962 -0.113038998 0.991444861
    outer loop
      vertex 55.992944764 83.192100448 5.372740661
      vertex 65.400000000 78.000021368 5.400000000
      vertex 56.200000000 83.311643844 5.400000000
    endloop
  endfacet
  facet normal 0.0652630962 -0.113038998 0.991444861
    outer loop
      vertex 65.400000000 77.760934575 5.372740661
      vertex 74.807055236 83.192100448 5.372740661
      vertex 74.600000000 83.311643844 5.400000000
    endloop
  endfacet
  facet normal 0.0652630962 -0.113038998 0.991444861
    outer loop
      vertex 65.400000000 77.760934575 5.372740661
      vertex 74.600000000 83.311643844 5.400000000
      vertex 65.400000000 78.000021368 5.400000000
    endloop
  endfacet
  facet normal 0.130526192 -1.70763405e-16 0.991444861
    outer loop
      vertex 74.807055236 83.192100448 5.372740661
      vertex 74.807055236 94.054432193 5.372740661
      vertex 74.600000000 93.934888797 5.400000000
    endloop
  endfacet
  facet normal 0.130526192 -1.74365385e-16 0.991444861
    outer loop
      vertex 74.807055236 83.192100448 5.372740661
      vertex 74.600000000 93.934888797 5.400000000
      vertex 74.600000000 83.311643844 5.400000000
    endloop
  endfacet
  facet normal 0 0 1
    outer loop
      vertex 74.600000000 93.934888797 5.400000000
      vertex 65.400000000 99.246511274 5.400000000
      vertex 56.200000000 93.934888797 5.400000000
    endloop
  endfacet
  facet normal 0 0 1
    outer loop
      vertex 74.600000000 93.934888797 5.400000000
      vertex 56.200000000 93.934888797 5.400000000
      vertex 56.200000000 83.311643844 5.400000000
    endloop
  endfacet
  facet normal 0 0 1
    outer loop
      vertex 74.600000000 93.934888797 5.400000000
      vertex 56.200000000 83.311643844 5.400000000
      vertex 65.400000000 78.000021368 5.400000000
    endloop
  endfacet
  facet normal 0 0 1
    outer loop
      vertex 74.600000000 93.934888797 5.400000000
      vertex 65.400000000 78.000021368 5.400000000
      vertex 74.600000000 83.311643844 5.400000000
    endloop
  endfacet
endsolid panel-a1-tile-color-2
