tile_id,row,column,part_filename,geometry_hash,palette_index,palette_id,palette_name,sku,piece_type
placement-000000,1,1,cut_ca5883b6348abde2.stl,ca5883b6348abde2136e2e67173488bd13433e47e9de6a683f52a4e700625584,1,P02,White,,edge_cut
placement-000001,1,2,cut_7c75c61b64a34abb.stl,7c75c61b64a34abbeab2121d998db7bf929c4b7ca722c051a3671076a7dc020b,1,P02,White,,edge_cut
placement-000002,1,3,cut_7c75c61b64a34abb.stl,7c75c61b64a34abbeab2121d998db7bf929c4b7ca722c051a3671076a7dc020b,1,P02,White,,edge_cut
placement-000003,1,4,cut_7c75c61b64a34abb.stl,7c75c61b64a34abbeab2121d998db7bf929c4b7ca722c051a3671076a7dc020b,1,P02,White,,edge_cut
placement-000004,1,5,cut_7c75c61b64a34abb.stl,7c75c61b64a34abbeab2121d998db7bf929c4b7ca722c051a3671076a7dc020b,1,P02,White,,edge_cut
placement-000005,1,6,cut_7c75c61b64a34abb.stl,7c75c61b64a34abbeab2121d998db7bf929c4b7ca722c051a3671076a7dc020b,1,P02,White,,edge_cut
placement-000006,1,7,cut_7c75c61b64a34abb.stl,7c75c61b64a34abbeab2121d998db7bf929c4b7ca722c051a3671076a7dc020b,1,P02,White,,edge_cut
placement-000007,1,8,cut_7c75c61b64a34abb.stl,7c75c61b64a34abbeab2121d998db7bf929c4b7ca722c051a3671076a7dc020b,1,P02,White,,edge_cut
placement-000008,1,9,cut_7c75c61b64a34abb.stl,7c75c61b64a34abbeab2121d998db7bf929c4b7ca722c051a3671076a7dc020b,1,P02,White,,edge_cut
placement-000009,1,10,cut_7c75c61b64a34abb.stl,7c75c61b64a34abbeab2121d998db7bf929c4b7ca722c051a3671076a7dc020b,1,P02,White,,edge_cut
placement-000010,1,11,cut_7c75c61b64a34abb.stl,7c75c61b64a34abbeab2121d998db7bf929c4b7ca722c051a3671076a7dc020b,1,P02,White,,edge_cut
placement-000011,1,12,cut_7c75c61b64a34abb.stl,7c75c61b64a34abbeab2121d998db7bf929c4b7ca722c051a3671076a7dc020b,1,P02,White,,edge_cut
placement-000012,1,13,cut_7c75c61b64a34abb.stl,7c75c61b64a34abbeab2121d998db7bf929c4b7ca722c051a3671076a7dc020b,1,P02,White,,edge_cut
placement-000013,1,14,cut_7c75c61b64a34abb.stl,7c75c61b64a34abbeab2121d998db7bf929c4b7ca722c051a3671076a7dc020b,1,P02,White,,edge_cut
placement-000014,1,15,cut_7c75c61b64a34abb.stl,7c75c61b64a34abbeab2121d998db7bf929c4b7ca722c051a3671076a7dc020b,1,P02,White,,edge_cut
placement-000015,1,16,cut_7c75c61b64a34abb.stl,7c75c61b64a34abbeab2121d998db7bf929c4b7ca722c051a3671076a7dc020b,1,P02,White,,edge_cut
placement-000016,1,17,cut_7c75c61b64a34abb.stl,7c75c61b64a34abbeab2121d998db7bf929c4b7ca722c051a3671076a7dc020b,1,P02,White,,edge_cut
placement-000017,1,18,cut_7c75c61b64a34abb.stl,7c75c61b64a34abbeab2121d998db7bf929c4b7ca722c051a3671076a7dc020b,1,P02,White,,edge_cut
placement-000018,1,19,cut_7c75c61b64a34abb.stl,7c75c61b64a34abbeab2121d998db7bf929c4b7ca722c051a3671076a7dc020b,1,P02,White,,edge_cut
placement-000019,1,20,cut_7c75c61b64a34abb.stl,7c75c61b64a34abbeab2121d998db7bf929c4b7ca722c051a3671076a7dc020b,1,P02,White,,edge_cut
placement-000020,1,21,cut_7c75c61b64a34abb.stl,7c75c61b64a34abbeab2121d998db7bf929c4b7ca722c051a3671076a7dc020b,1,P02,White,,edge_cut
placement-000021,1,22,cut_7c75c61b64a34abb.stl,7c75c61b64a34abbeab2121d998db7bf929c4b7ca722c051a3671076a7dc020b,1,P02,White,,edge_cut
placement-000022,1,23,cut_7c75c61b64a34abb.stl,7c75c61b64a34abbeab2121d998db7bf929c4b7ca722c051a3671076a7dc020b,1,P02,White,,edge_cut
placement-000023,1,24,cut_7c75c61b64a34abb.stl,7c75c61b64a34abbeab2121d998db7bf929c4b7ca722c051a3671076a7dc020b,1,P02,White,,edge_cut
placement-000024,1,25,cut_7c75c61b64a34abb.stl,7c75c61b64a34abbeab2121d998db7bf929c4b7ca722c051a3671076a7dc020b,1,P02,White,,edge_cut
placement-000025,1,26,cut_7c75c61b64a34abb.stl,7c75c61b64a34abbeab2121d998db7bf929c4b7ca722c051a3671076a7dc020b,1,P02,White,,edge_cut
placement-000026,1,27,cut_7c75c61b64a34abb.stl,7c75c61b64a34abbeab2121d998db7bf929c4b7ca722c051a3671076a7dc020b,1,P02,White,,edge_cut
placement-000027,1,28,cut_7c75c61b64a34abb.stl,7c75c61b64a34abbeab2121d998db7bf929c4b7ca722c051a3671076a7dc020b,1,P02,White,,edge_cut
placement-000028,1,29,cut_7c75c61b64a34abb.stl,7c75c61b64a34abbeab2121d998db7bf929c4b7ca722c051a3671076a7dc020b,1,P02,White,,edge_cut
placement-000029,1,30,cut_7c75c61b64a34abb.stl,7c75c61b64a34abbeab2121d998db7bf929c4b7ca722c051a3671076a7dc020b,1,P02,White,,edge_cut
placement-000030,1,31,cut_7c75c61b64a34abb.stl,7c75c61b64a34abbeab2121d998db7bf929c4b7ca722c051a3671076a7dc020b,1,P02,White,,edge_cut
placement-000031,1,32,cut_7c75c61b64a34abb.stl,7c75c61b64a34abbeab2121d998db7bf929c4b7ca722c051a3671076a7dc020b,1,P02,White,,edge_cut
placement-000032,1,33,cut_7c75c61b64a34abb.stl,7c75c61b64a34abbeab2121d998db7bf929c4b7ca722c051a3671076a7dc020b,1,P02,White,,edge_cut
placement-000033,1,34,cut_7c75c61b64a34abb.stl,7c75c61b64a34abbeab2121d998db7bf929c4b7ca722c051a3671076a7dc020b,1,P02,White,,edge_cut
placement-000034,1,35,cut_7c75c61b64a34abb.stl,7c75c61b64a34abbeab2121d998db7bf929c4b7ca722c051a3671076a7dc020b,1,P02,White,,edge_cut
placement-000035,1,36,cut_7c75c61b64a34abb.stl,7c75c61b64a34abbeab2121d998db7bf929c4b7ca722c051a3671076a7dc020b,1,P02,White,,edge_cut
placement-000036,1,37,cut_7c75c61b64a34abb.stl,7c75c61b64a34abbeab2121d998db7bf929c4b7ca722c051a3671076a7dc020b,1,P02,White,,edge_cut
placement-000037,1,38,cut_7c75c61b64a34abb.stl,7c75c61b64a34abbeab2121d998db7bf929c4b7ca722c051a3671076a7dc020b,1,P02,White,,edge_cut
placement-000038,1,39,cut_7c75c61b64a34abb.stl,7c75c61b64a34abbeab2121d998db7bf929c4b7ca722c051a3671076a7dc020b,1,P02,White,,edge_cut
placement-000039,1,40,cut_7c75c61b64a34abb.stl,7c75c61b64a34abbeab2121d998db7bf929c4b7ca722c051a3671076a7dc020b,1,P02,White,,edge_cut
placement-000040,1,41,cut_7c75c61b64a34abb.stl,7c75c61b64a34abbeab2121d998db7bf929c4b7ca722c051a3671076a7dc020b,1,P02,White,,edge_cut
placement-000041,1,42,cut_7c75c61b64a34abb.stl,7c75c61b64a34abbeab2121d998db7bf929c4b7ca722c051a3671076a7dc020b,1,P02,White,,edge_cut
placement-000042,1,43,cut_7c75c61b64a34abb.stl,7c75c61b64a34abbeab2121d998db7bf929c4b7ca722c051a3671076a7dc020b,1,P02,White,,edge_cut
placement-000043,1,44,cut_83f0f2cd6cd54dc4.stl,83f0f2cd6cd54dc440d0c0ffd6235ef339d97d8609287c2057b95ff3ae4ea573,1,P02,White,,edge_cut
placement-000044,2,1,cut_49677025bd830ab6.stl,49677025bd830ab6f6e204ff344e3e36350c91d280e55fb4ddc3a423c60b97e6,1,P02,White,,edge_cut
placement-000045,2,2,full_56743987d41a3d3c.stl,56743987d41a3d3c82f6cfd93ed235541ada6d6eb51f0d39684348f3288be619,1,P02,White,,full
placement-000046,2,3,full_56743987d41a3d3c.stl,56743987d41a3d3c82f6cfd93ed235541ada6d6eb51f0d39684348f3288be619,1,P02,White,,full
placement-000047,2,4,full_56743987d41a3d3c.stl,56743987d41a3d3c82f6cfd93ed235541ada6d6eb51f0d39684348f3288be619,1,P02,White,,full
placement-000048,2,5,full_56743987d41a3d3c.stl,56743987d41a3d3c82f6cfd93ed235541ada6d6eb51f0d39684348f3288be619,1,P02,White,,full
placement-000049,2,6,full_56743987d41a3d3c.stl,56743987d41a3d3c82f6cfd93ed235541ada6d6eb51f0d39684348f3288be619,1,P02,White,,full
placement-000050,2,7,full_56743987d41a3d3c.stl,56743987d41a3d3c82f6cfd93ed235541ada6d6eb51f0d39684348f3288be619,1,P02,White,,full
placement-000051,2,8,full_56743987d41a3d3c.stl,56743987d41a3d3c82f6cfd93ed235541ada6d6eb51f0d39684348f3288be619,1,P02,White,,full
placement-000052,2,9,full_56743987d41a3d3c.stl,56743987d41a3d3c82f6cfd93ed235541ada6d6eb51f0d39684348f3288be619,1,P02,White,,full
placement-000053,2,10,full_56743987d41a3d3c.stl,56743987d41a3d3c82f6cfd93ed235541ada6d6eb51f0d39684348f3288be619,1,P02,White,,full
placement-000054,2,11,full_56743987d41a3d3c.stl,56743987d41a3d3c82f6cfd93ed235541ada6d6eb51f0d39684348f3288be619,0,P01,Black,,full
placement-000055,2,12,full_56743987d41a3d3c.stl,56743987d41a3d3c82f6cfd93ed235541ada6d6eb51f0d39684348f3288be619,0,P01,Black,,full
placement-000056,2,13,full_56743987d41a3d3c.stl,56743987d41a3d3c82f6cfd93ed235541ada6d6eb51f0d39684348f3288be619,0,P01,Black,,full
placement-000057,2,14,full_56743987d41a3d3c.stl,56743987d41a3d3c82f6cfd93ed235541ada6d6eb51f0d39684348f3288be619,0,P01,Black,,full
placement-000058,2,15,full_56743987d41a3d3c.stl,56743987d41a3d3c82f6cfd93ed235541ada6d6eb51f0d39684348f3288be619,0,P01,Black,,full
placement-000059,2,16,full_56743987d41a3d3c.stl,56743987d41a3d3c82f6cfd93ed235541ada6d6eb51f0d39684348f3288be619,0,P01,Black,,full
placement-000060,2,17,full_56743987d41a3d3c.stl,56743987d41a3d3c82f6cfd93ed235541ada6d6eb51f0d39684348f3288be619,0,P01,Black,,full
placement-000061,2,18,full_56743987d41a3d3c.stl,56743987d41a3d3c82f6cfd93ed235541ada6d6eb51f0d39684348f3288be619,0,P01,Black,,full
placement-000062,2,19,full_56743987d41a3d3c.stl,56743987d41a3d3c82f6cfd93ed235541ada6d6eb51f0d39684348f3288be619,0,P01,Black,,full
placement-000063,2,20,full_56743987d41a3d3c.stl,56743987d41a3d3c82f6cfd93ed235541ada6d6eb51f0d39684348f3288be619,0,P01,Black,,full
placement-000064,2,21,full_56743987d41a3d3c.stl,56743987d41a3d3c82f6cfd93ed235541ada6d6eb51f0d39684348f3288be619,0,P01,Black,,full
placement-000065,2,22,full_56743987d41a3d3c.stl,56743987d41a3d3c82f6cfd93ed235541ada6d6eb51f0d39684348f3288be619,1,P02,White,,full
placement-000066,2,23,full_56743987d41a3d3c.stl,56743987d41a3d3c82f6cfd93ed235541ada6d6eb51f0d39684348f3288be619,1,P02,White,,full
placement-000067,2,24,full_56743987d41a3d3c.stl,56743987d41a3d3c82f6cfd93ed235541ada6d6eb51f0d39684348f3288be619,1,P02,White,,full
placement-000068,2,25,full_56743987d41a3d3c.stl,56743987d41a3d3c82f6cfd93ed235541ada6d6eb51f0d39684348f3288be619,1,P02,White,,full
placement-000069,2,26,full_56743987d41a3d3c.stl,56743987d41a3d3c82f6cfd93ed235541ada6d6eb51f0d39684348f3288be619,1,P02,White,,full
placement-000070,2,27,full_56743987d41a3d3c.stl,56743987d41a3d3c82f6cfd93ed235541ada6d6eb51f0d39684348f3288be619,1,P02,White,,full
placement-000071,2,28,full_56743987d41a3d3c.stl,56743987d41a3d3c82f6cfd93ed235541ada6d6eb51f0d39684348f3288be619,1,P02,White,,full
placement-000072,2,29,full_56743987d41a3d3c.stl,56743987d41a3d3c82f6cfd93ed235541ada6d6eb51f0d39684348f3288be619,1,P02,White,,full
placement-000073,2,30,full_56743987d41a3d3c.stl,56743987d41a3d3c82f6cfd93ed235541ada6d6eb51f0d39684348f3288be619,1,P02,White,,full
placement-000074,2,31,full_56743987d41a3d3c.stl,56743987d41a3d3c82f6cfd93ed235541ada6d6eb51f0d39684348f3288be619,1,P02,White,,full
placement-000075,2,32,full_56743987d41a3d3c.stl,56743987d41a3d3c82f6cfd93ed235541ada6d6eb51f0d39684348f3288be619,1,P02,White,,full
placement-000076,2,33,full_56743987d41a3d3c.stl,56743987d41a3d3c82f6cfd93ed235541ada6d6eb51f0d39684348f3288be619,1,P02,White,,full
placement-000077,2,34,full_56743987d41a3d3c.stl,56743987d41a3d3c82f6cfd93ed235541ada6d6eb51f0d39684348f3288be619,1,P02,White,,full
placement-000078,2,35,full_56743987d41a3d3c.stl,56743987d41a3d3c82f6cfd93ed235541ada6d6eb51f0d39684348f3288be619,1,P02,White,,full
placement-000079,2,36,full_56743987d41a3d3c.stl,56743987d41a3d3c82f6cfd93ed235541ada6d6eb51f0d39684348f3288be619,1,P02,White,,full
placement-000080,2,37,full_56743987d41a3d3c.stl,56743987d41a3d3c82f6cfd93ed235541ada6d6eb51f0d39684348f3288be619,1,P02,White,,full
placement-000081,2,38,full_56743987d41a3d3c.stl,56743987d41a3d3c82f6cfd93ed235541ada6d6eb51f0d39684348f3288be619,1,P02,White,,full
placement-000082,2,39,full_56743987d41a3d3c.stl,56743987d41a3d3c82f6cfd93ed235541ada6d6eb51f0d39684348f3288be619,1,P02,White,,full
placement-000083,2,40,full_56743987d41a3d3c.stl,56743987d41a3d3c82f6cfd93ed235541ada6d6eb51f0d39684348f3288be619,1,P02,White,,full
placement-000084,2,41,full_56743987d41a3d3c.stl,56743987d41a3d3c82f6cfd93ed235541ada6d6eb51f0d39684348f3288be619,1,P02,White,,full
placement-000085,2,42,full_56743987d41a3d3c.stl,56743987d41a3d3c82f6cfd93ed235541ada6d6eb51f0d39684348f3288be619,1,P02,White,,full
placement-000086,2,43,full_56743987d41a3d3c.stl,56743987d41a3d3c82f6cfd93ed235541ada6d6eb51f0d39684348f3288be619,1,P02,White,,full
placement-000087,2,44,cut_26dca3decc4b2104.stl,26dca3decc4b2104ab9ccca286936e25000f0ba36bed10ad58cac6bbe20422a7,1,P02,White,,edge_cut
placement-000088,3,1,cut_0d570a86719fc30c.stl,0d570a86719fc30c6600e155bb0c9f8fdca6824fe01667fca41ef4787f43da23,1,P02,White,,edge_cut
placement-000089,3,2,full_56743987d41a3d3c.stl,56743987d41a3d3c82f6cfd93ed235541ada6d6eb51f0d39684348f3288be619,1,P02,White,,full
placement-000090,3,3,full_56743987d41a3d3c.stl,56743987d41a3d3c82f6cfd93ed235541ada6d6eb51f0d39684348f3288be619,1,P02,White,,full
placement-000091,3,4,full_56743987d41a3d3c.stl,56743987d41a3d3c82f6cfd93ed235541ada6d6eb51f0d39684348f3288be619,1,P02,White,,full
placement-000092,3,5,full_56743987d41a3d3c.stl,56743987d41a3d3c82f6cfd93ed235541ada6d6eb51f0d39684348f3288be619,1,P02,White,,full
placement-000093,3,6,full_56743987d41a3d3c.stl,56743987d41a3d3c82f6cfd93ed235541ada6d6eb51f0d39684348f3288be619,1,P02,White,,full
placement-000094,3,7,full_56743987d41a3d3c.stl,56743987d41a3d3c82f6cfd93ed235541ada6d6eb51f0d39684348f3288be619,1,P02,White,,full
placement-000095,3,8,full_56743987d41a3d3c.stl,56743987d41a3d3c82f6cfd93ed235541ada6d6eb51f0d39684348f3288be619,1,P02,White,,full
placement-000096,3,9,full_56743987d41a3d3c.stl,56743987d41a3d3c82f6cfd93ed235541ada6d6eb51f0d39684348f3288be619,1,P02,White,,full
placement-000097,3,10,full_56743987d41a3d3c.stl,56743987d41a3d3c82f6cfd93ed235541ada6d6eb51f0d39684348f3288be619,1,P02,White,,full
placement-000098,3,11,full_56743987d41a3d3c.stl,56743987d41a3d3c82f6cfd93ed235541ada6d6eb51f0d39684348f3288be619,0,P01,Black,,full
placement-000099,3,12,full_56743987d41a3d3c.stl,56743987d41a3d3c82f6cfd93ed235541ada6d6eb51f0d39684348f3288be619,0,P01,Black,,full
placement-000100,3,13,full_56743987d41a3d3c.stl,56743987d41a3d3c82f6cfd93ed235541ada6d6eb51f0d39684348f3288be619,0,P01,Black,,full
placement-000101,3,14,full_56743987d41a3d3c.stl,56743987d41a3d3c82f6cfd93ed235541ada6d6eb51f0d39684348f3288be619,0,P01,Black,,full
placement-000102,3,15,full_56743987d41a3d3c.stl,56743987d41a3d3c82f6cfd93ed235541ada6d6eb51f0d39684348f3288be619,0,P01,Black,,full
placement-000103,3,16,full_56743987d41a3d3c.stl,56743987d41a3d3c82f6cfd93ed235541ada6d6eb51f0d39684348f3288be619,0,P01,Black,,full
placement-000104,3,17,full_56743987d41a3d3c.stl,56743987d41a3d3c82f6cfd93ed235541ada6d6eb51f0d39684348f3288be619,0,P01,Black,,full
placement-000105,3,18,full_56743987d41a3d3c.stl,56743987d41a3d3c82f6cfd93ed235541ada6d6eb51f0d39684348f3288be619,0,P01,Black,,full
placement-000106,3,19,full_56743987d41a3d3c.stl,56743987d41a3d3c82f6cfd93ed235541ada6d6eb51f0d39684348f3288be619,0,P01,Black,,full
placement-000107,3,20,full_56743987d41a3d3c.stl,56743987d41a3d3c82f6cfd93ed235541ada6d6eb51f0d39684348f3288be619,0,P01,Black,,full
placement-000108,3,21,full_56743987d41a3d3c.stl,56743987d41a3d3c82f6cfd93ed235541ada6d6eb51f0d39684348f3288be619,0,P01,Black,,full
placement-000109,3,22,full_56743987d41a3d3c.stl,56743987d41a3d3c82f6cfd93ed235541ada6d6eb51f0d39684348f3288be619,0,P01,Black,,full
placement-000110,3,23,full_56743987d41a3d3c.stl,56743987d41a3d3c82f6cfd93ed235541ada6d6eb51f0d39684348f3288be619,1,P02,White,,full
placement-000111,3,24,full_56743987d41a3d3c.stl,56743987d41a3d3c82f6cfd93ed235541ada6d6eb51f0d39684348f3288be619,1,P02,White,,full
placement-000112,3,25,full_56743987d41a3d3c.stl,56743987d41a3d3c82f6cfd93ed235541ada6d6eb51f0d39684348f3288be619,1,P02,White,,full
placement-000113,3,26,full_56743987d41a3d3c.stl,56743987d41a3d3c82f6cfd93ed235541ada6d6eb51f0d39684348f3288be619,1,P02,White,,full
placement-000114,3,27,full_56743987d41a3d3c.stl,56743987d41a3d3c82f6cfd93ed235541ada6d6eb51f0d39684348f3288be619,1,P02,White,,full
placement-000115,3,28,full_56743987d41a3d3c.stl,56743987d41a3d3c82f6cfd93ed235541ada6d6eb51f0d39684348f3288be619,1,P02,White,,full
placement-000116,3,29,full_56743987d41a3d3c.stl,56743987d41a3d3c82f6cfd93ed235541ada6d6eb51f0d39684348f3288be619,1,P02,White,,full
placement-000117,3,30,full_56743987d41a3d3c.stl,56743987d41a3d3c82f6cfd93ed235541ada6d6eb51f0d39684348f3288be619,1,P02,White,,full
placement-000118,3,31,full_56743987d41a3d3c.stl,56743987d41a3d3c82f6cfd93ed235541ada6d6eb51f0d39684348f3288be619,1,P02,White,,full
placement-000119,3,32,full_56743987d41a3d3c.stl,56743987d41a3d3c82f6cfd93ed235541ada6d6eb51f0d39684348f3288be619,1,P02,White,,full
placement-000120,3,33,full_56743987d41a3d3c.stl,56743987d41a3d3c82f6cfd93ed235541ada6d6eb51f0d39684348f3288be619,1,P02,White,,full
placement-000121,3,34,full_56743987d41a3d3c.stl,56743987d41a3d3c82f6cfd93ed235541ada6d6eb51f0d39684348f3288be619,1,P02,White,,full
placement-000122,3,35,full_56743987d41a3d3c.stl,56743987d41a3d3c82f6cfd93ed235541ada6d6eb51f0d39684348f3288be619,1,P02,White,,full
placement-000123,3,36,full_56743987d41a3d3c.stl,56743987d41a3d3c82f6cfd93ed235541ada6d6eb51f0d39684348f3288be619,1,P02,White,,full
placement-000124,3,37,full_56743987d41a3d3c.stl,56743987d41a3d3c82f6cfd93ed235541ada6d6eb51f0d39684348f3288be619,1,P02,White,,full
placement-000125,3,38,full_56743987d41a3d3c.stl,56743987d41a3d3c82f6cfd93ed235541ada6d6eb51f0d39684348f3288be619,1,P02,White,,full
placement-000126,3,39,full_56743987d41a3d3c.stl,56743987d41a3d3c82f6cfd93ed235541ada6d6eb51f0d39684348f3288be619,1,P02,White,,full
placement-000127,3,40,full_56743987d41a3d3c.stl,56743987d41a3d3c82f6cfd93ed235541ada6d6eb51f0d39684348f3288be619,1,P02,White,,full
placement-000128,3,41,full_56743987d41a3d3c.stl,56743987d41a3d3c82f6cfd93ed235541ada6d6eb51f0d39684348f3288be619,1,P02,White,,full
placement-000129,3,42,full_56743987d41a3d3c.stl,56743987d41a3d3c82f6cfd93ed235541ada6d6eb51f0d39684348f3288be619,1,P02,White,,full
placement-000130,3,43,full_56743987d41a3d3c.stl,56743987d41a3d3c82f6cfd93ed235541ada6d6eb51f0d39684348f3288be619,1,P02,White,,full
placement-000131,3,44,cut_3a4ceaf4f5962851.stl,3a4ceaf4f596285109244b7bfa8862ff4d965cbc47916b575b96ea38ed6008bd,1,P02,White,,edge_cut
placement-000132,4,1,cut_49677025bd830ab6.stl,49677025bd830ab6f6e204ff344e3e36350c91d280e55fb4ddc3a423c60b97e6,1,P02,White,,edge_cut
placement-000133,4,2,full_56743987d41a3d3c.stl,56743987d41a3d3c82f6cfd93ed235541ada6d6eb51f0d39684348f3288be619,1,P02,White,,full
placement-000134,4,3,full_56743987d41a3d3c.stl,56743987d41a3d3c82f6cfd93ed235541ada6d6eb51f0d39684348f3288be619,1,P02,White,,full
placement-000135,4,4,full_56743987d41a3d3c.stl,56743987d41a3d3c82f6cfd93ed235541ada6d6eb51f0d39684348f3288be619,1,P02,White,,full
placement-000136,4,5,full_56743987d41a3d3c.stl,56743987d41a3d3c82f6cfd93ed235541ada6d6eb51f0d39684348f3288be619,1,P02,White,,full
placement-000137,4,6,full_56743987d41a3d3c.stl,56743987d41a3d3c82f6cfd93ed235541ada6d6eb51f0d39684348f3288be619,1,P02,White,,full
placement-000138,4,7,full_56743987d41a3d3c.stl,56743987d41a3d3c82f6cfd93ed235541ada6d6eb51f0d39684348f3288be619,1,P02,White,,full
placement-000139,4,8,full_56743987d41a3d3c.stl,56743987d41a3d3c82f6cfd93ed235541ada6d6eb51f0d39684348f3288be619,1,P02,White,,full
placement-000140,4,9,full_56743987d41a3d3c.stl,56743987d41a3d3c82f6cfd93ed235541ada6d6eb51f0d39684348f3288be619,1,P02,White,,full
placement-000141,4,10,full_56743987d41a3d3c.stl,56743987d41a3d3c82f6cfd93ed235541ada6d6eb51f0d39684348f3288be619,0,P01,Black,,full
placement-000142,4,11,full_56743987d41a3d3c.stl,56743987d41a3d3c82f6cfd93ed235541ada6d6eb51f0d39684348f3288be619,0,P01,Black,,full
placement-000143,4,12,full_56743987d41a3d3c.stl,56743987d41a3d3c82f6cfd93ed235541ada6d6eb51f0d39684348f3288be619,0,P01,Black,,full
placement-000144,4,13,full_56743987d41a3d3c.stl,56743987d41a3d3c82f6cfd93ed235541ada6d6eb51f0d39684348f3288be619,0,P01,Black,,full
placement-000145,4,14,full_56743987d41a3d3c.stl,56743987d41a3d3c82f6cfd93ed235541ada6d6eb51f0d39684348f3288be619,0,P01,Black,,full
placement-000146,4,15,full_56743987d41a3d3c.stl,56743987d41a3d3c82f6cfd93ed235541ada6d6eb51f0d39684348f3288be619,0,P01,Black,,full
placement-000147,4,16,full_56743987d41a3d3c.stl,56743987d41a3d3c82f6cfd93ed235541ada6d6eb51f0d39684348f3288be619,0,P01,Black,,full
placement-000148,4,17,full_56743987d41a3d3c.stl,56743987d41a3d3c82f6cfd93ed235541ada6d6eb51f0d39684348f3288be619,0,P01,Black,,full
placement-000149,4,18,full_56743987d41a3d3c.stl,56743987d41a3d3c82f6cfd93ed235541ada6d6eb51f0d39684348f3288be619,0,P01,Black,,full
placement-000150,4,19,full_56743987d41a3d3c.stl,56743987d41a3d3c82f6cfd93ed235541ada6d6eb51f0d39684348f3288be619,0,P01,Black,,full
placement-000151,4,20,full_56743987d41a3d3c.stl,56743987d41a3d3c82f6cfd93ed235541ada6d6eb51f0d39684348f3288be619,0,P01,Black,,full
placement-000152,4,21,full_56743987d41a3d3c.stl,56743987d41a3d3c82f6cfd93ed235541ada6d6eb51f0d39684348f3288be619,0,P01,Black,,full
placement-000153,4,22,full_56743987d41a3d3c.stl,56743987d41a3d3c82f6cfd93ed235541ada6d6eb51f0d39684348f3288be619,0,P01,Black,,full
placement-000154,4,23,full_56743987d41a3d3c.stl,56743987d41a3d3c82f6cfd93ed235541ada6d6eb51f0d39684348f3288be619,1,P02,White,,full
placement-000155,4,24,full_56743987d41a3d3c.stl,56743987d41a3d3c82f6cfd93ed235541ada6d6eb51f0d39684348f3288be619,1,P02,White,,full
placement-000156,4,25,full_56743987d41a3d3c.stl,56743987d41a3d3c82f6cfd93ed235541ada6d6eb51f0d39684348f3288be619,1,P02,White,,full
placement-000157,4,26,full_56743987d41a3d3c.stl,56743987d41a3d3c82f6cfd93ed235541ada6d6eb51f0d39684348f3288be619,1,P02,White,,full
placement-000158,4,27,full_56743987d41a3d3c.stl,56743987d41a3d3c82f6cfd93ed235541ada6d6eb51f0d39684348f3288be619,1,P02,White,,full
placement-000159,4,28,full_56743987d41a3d3c.stl,56743987d41a3d3c82f6cfd93ed235541ada6d6eb51f0d39684348f3288be619,0,P01,Black,,full
placement-000160,4,29,full_56743987d41a3d3c.stl,56743987d41a3d3c82f6cfd93ed235541ada6d6eb51f0d39684348f3288be619,0,P01,Black,,full
placement-000161,4,30,full_56743987d41a3d3c.stl,56743987d41a3d3c82f6cfd93ed235541ada6d6eb51f0d39684348f3288be619,0,P01,Black,,full
placement-000162,4,31,full_56743987d41a3d3c.stl,56743987d41a3d3c82f6cfd93ed235541ada6d6eb51f0d39684348f3288be619,0,P01,Black,,full
placement-000163,4,32,full_56743987d41a3d3c.stl,56743987d41a3d3c82f6cfd93ed235541ada6d6eb51f0d39684348f3288be619,0,P01,Black,,full
placement-000164,4,33,full_56743987d41a3d3c.stl,56743987d41a3d3c82f6cfd93ed235541ada6d6eb51f0d39684348f3288be619,0,P01,Black,,full
placement-000165,4,34,full_56743987d41a3d3c.stl,56743987d41a3d3c82f6cfd93ed235541ada6d6eb51f0d39684348f3288be619,0,P01,Black,,full
placement-000166,4,35,full_56743987d41a3d3c.stl,56743987d41a3d3c82f6cfd93ed235541ada6d6eb51f0d39684348f3288be619,0,P01,Black,,full
placement-000167,4,36,full_56743987d41a3d3c.stl,56743987d41a3d3c82f6cfd93ed235541ada6d6eb51f0d39684348f3288be619,1,P02,White,,full
placement-000168,4,37,full_56743987d41a3d3c.stl,56743987d41a3d3c82f6cfd93ed235541ada6d6eb51f0d39684348f3288be619,1,P02,White,,full
placement-000169,4,38,full_56743987d41a3d3c.stl,56743987d41a3d3c82f6cfd93ed235541ada6d6eb51f0d39684348f3288be619,1,P02,White,,full
placement-000170,4,39,full_56743987d41a3d3c.stl,56743987d41a3d3c82f6cfd93ed235541ada6d6eb51f0d39684348f3288be619,1,P02,White,,full
placement-000171,4,40,full_56743987d41a3d3c.stl,56743987d41a3d3c82f6cfd93ed235541ada6d6eb51f0d39684348f3288be619,1,P02,White,,full
placement-000172,4,41,full_56743987d41a3d3c.stl,56743987d41a3d3c82f6cfd93ed235541ada6d6eb51f0d39684348f3288be619,1,P02,White,,full
placement-000173,4,42,full_56743987d41a3d3c.stl,56743987d41a3d3c82f6cfd93ed235541ada6d6eb51f0d39684348f3288be619,1,P02,White,,full
placement-000174,4,43,full_56743987d41a3d3c.stl,56743987d41a3d3c82f6cfd93ed235541ada6d6eb51f0d39684348f3288be619,1,P02,White,,full
placement-000175,4,44,cut_26dca3decc4b2104.stl,26dca3decc4b2104ab9ccca286936e25000f0ba36bed10ad58cac6bbe20422a7,1,P02,White,,edge_cut
placement-000176,5,1,cut_0d570a86719fc30c.stl,0d570a86719fc30c6600e155bb0c9f8fdca6824fe01667fca41ef4787f43da23,1,P02,White,,edge_cut
placement-000177,5,2,full_56743987d41a3d3c.stl,56743987d41a3d3c82f6cfd93ed235541ada6d6eb51f0d39684348f3288be619,1,P02,White,,full
placement-000178,5,3,full_56743987d41a3d3c.stl,56743987d41a3d3c82f6cfd93ed235541ada6d6eb51f0d39684348f3288be619,1,P02,White,,full
placement-000179,5,4,full_56743987d41a3d3c.stl,56743987d41a3d3c82f6cfd93ed235541ada6d6eb51f0d39684348f3288be619,1,P02,White,,full
placement-000180,5,5,full_56743987d41a3d3c.stl,56743987d41a3d3c82f6cfd93ed235541ada6d6eb51f0d39684348f3288be619,1,P02,White,,full
placement-000181,5,6,full_56743987d41a3d3c.stl,56743987d41a3d3c82f6cfd93ed235541ada6d6eb51f0d39684348f3288be619,1,P02,White,,full
placement-000182,5,7,full_56743987d41a3d3c.stl,56743987d41a3d3c82f6cfd93ed235541ada6d6eb51f0d39684348f3288be619,1,P02,White,,full
placement-000183,5,8,full_56743987d41a3d3c.stl,56743987d41a3d3c82f6cfd93ed235541ada6d6eb51f0d39684348f3288be619,1,P02,White,,full
placement-000184,5,9,full_56743987d41a3d3c.stl,56743987d41a3d3c82f6cfd93ed235541ada6d6eb51f0d39684348f3288be619,1,P02,White,,full
placement-000185,5,10,full_56743987d41a3d3c.stl,56743987d41a3d3c82f6cfd93ed235541ada6d6eb51f0d39684348f3288be619,0,P01,Black,,full
placement-000186,5,11,full_56743987d41a3d3c.stl,56743987d41a3d3c82f6cfd93ed235541ada6d6eb51f0d39684348f3288be619,0,P01,Black,,full
placement-000187,5,12,full_56743987d41a3d3c.stl,56743987d41a3d3c82f6cfd93ed235541ada6d6eb51f0d39684348f3288be619,0,P01,Black,,full
placement-000188,5,13,full_56743987d41a3d3c.stl,56743987d41a3d3c82f6cfd93ed235541ada6d6eb51f0d39684348f3288be619,0,P01,Black,,full
placement-000189,5,14,full_56743987d41a3d3c.stl,56743987d41a3d3c82f6cfd93ed235541ada6d6eb51f0d39684348f3288be619,1,P02,White,,full
placement-000190,5,15,full_56743987d41a3d3c.stl,56743987d41a3d3c82f6cfd93ed235541ada6d6eb51f0d39684348f3288be619,1,P02,White,,full
placement-000191,5,16,full_56743987d41a3d3c.stl,56743987d41a3d3c82f6cfd93ed235541ada6d6eb51f0d39684348f3288be619,0,P01,Black,,full
placement-000192,5,17,full_56743987d41a3d3c.stl,56743987d41a3d3c82f6cfd93ed235541ada6d6eb51f0d39684348f3288be619,0,P01,Black,,full
placement-000193,5,18,full_56743987d41a3d3c.stl,56743987d41a3d3c82f6cfd93ed235541ada6d6eb51f0d39684348f3288be619,0,P01,Black,,full
placement-000194,5,19,full_56743987d41a3d3c.stl,56743987d41a3d3c82f6cfd93ed235541ada6d6eb51f0d39684348f3288be619,0,P01,Black,,full
placement-000195,5,20,full_56743987d41a3d3c.stl,56743987d41a3d3c82f6cfd93ed235541ada6d6eb51f0d39684348f3288be619,0,P01,Black,,full
placement-000196,5,21,full_56743987d41a3d3c.stl,56743987d41a3d3c82f6cfd93ed235541ada6d6eb51f0d39684348f3288be619,0,P01,Black,,full
placement-000197,5,22,full_56743987d41a3d3c.stl,56743987d41a3d3c82f6cfd93ed235541ada6d6eb51f0d39684348f3288be619,0,P01,Black,,full
placement-000198,5,23,full_56743987d41a3d3c.stl,56743987d41a3d3c82f6cfd93ed235541ada6d6eb51f0d39684348f3288be619,0,P01,Black,,full
placement-000199,5,24,full_56743987d41a3d3c.stl,56743987d41a3d3c82f6cfd93ed235541ada6d6eb51f0d39684348f3288be619,1,P02,White,,full
placement-000200,5,25,full_56743987d41a3d3c.stl,56743987d41a3d3c82f6cfd93ed235541ada6d6eb51f0d39684348f3288be619,1,P02,White,,full
placement-000201,5,26,full_56743987d41a3d3c.stl,56743987d41a3d3c82f6cfd93ed235541ada6d6eb51f0d39684348f3288be619,1,P02,White,,full
placement-000202,5,27,full_56743987d41a3d3c.stl,56743987d41a3d3c82f6cfd93ed235541ada6d6eb51f0d39684348f3288be619,1,P02,White,,full
placement-000203,5,28,full_56743987d41a3d3c.stl,56743987d41a3d3c82f6cfd93ed235541ada6d6eb51f0d39684348f3288be619,0,P01,Black,,full
placement-000204,5,29,full_56743987d41a3d3c.stl,56743987d41a3d3c82f6cfd93ed235541ada6d6eb51f0d39684348f3288be619,0,P01,Black,,full
placement-000205,5,30,full_56743987d41a3d3c.stl,56743987d41a3d3c82f6cfd93ed235541ada6d6eb51f0d39684348f3288be619,0,P01,Black,,full
placement-000206,5,31,full_56743987d41a3d3c.stl,56743987d41a3d3c82f6cfd93ed235541ada6d6eb51f0d39684348f3288be619,0,P01,Black,,full
placement-000207,5,32,full_56743987d41a3d3c.stl,56743987d41a3d3c82f6cfd93ed235541ada6d6eb51f0d39684348f3288be619,0,P01,Black,,full
placement-000208,5,33,full_56743987d41a3d3c.stl,56743987d41a3d3c82f6cfd93ed235541ada6d6eb51f0d39684348f3288be619,0,P01,Black,,full
placement-000209,5,34,full_56743987d41a3d3c.stl,56743987d41a3d3c82f6cfd93ed235541ada6d6eb51f0d39684348f3288be619,0,P01,Black,,full
placement-000210,5,35,full_56743987d41a3d3c.stl,56743987d41a3d3c82f6cfd93ed235541ada6d6eb51f0d39684348f3288be619,0,P01,Black,,full
placement-000211,5,36,full_56743987d41a3d3c.stl,56743987d41a3d3c82f6cfd93ed235541ada6d6eb51f0d39684348f3288be619,0,P01,Black,,full
placement-000212,5,37,full_56743987d41a3d3c.stl,56743987d41a3d3c82f6cfd93ed235541ada6d6eb51f0d39684348f3288be619,1,P02,White,,full
placement-000213,5,38,full_56743987d41a3d3c.stl,56743987d41a3d3c82f6cfd93ed235541ada6d6eb51f0d39684348f3288be619,1,P02,White,,full
placement-000214,5,39,full_56743987d41a3d3c.stl,56743987d41a3d3c82f6cfd93ed235541ada6d6eb51f0d39684348f3288be619,1,P02,White,,full
placement-000215,5,40,full_56743987d41a3d3c.stl,56743987d41a3d3c82f6cfd93ed235541ada6d6eb51f0d39684348f3288be619,1,P02,White,,full
placement-000216,5,41,full_56743987d41a3d3c.stl,56743987d41a3d3c82f6cfd93ed235541ada6d6eb51f0d39684348f3288be619,1,P02,White,,full
placement-000217,5,42,full_56743987d41a3d3c.stl,56743987d41a3d3c82f6cfd93ed235541ada6d6eb51f0d39684348f3288be619,1,P02,White,,full
placement-000218,5,43,full_56743987d41a3d3c.stl,56743987d41a3d3c82f6cfd93ed235541ada6d6eb51f0d39684348f3288be619,1,P02,White,,full
placement-000219,5,44,cut_3a4ceaf4f5962851.stl,3a4ceaf4f596285109244b7bfa8862ff4d965cbc47916b575b96ea38ed6008bd,1,P02,White,,edge_cut
placement-000220,6,1,cut_49677025bd830ab6.stl,49677025bd830ab6f6e204ff344e3e36350c91d280e55fb4ddc3a423c60b97e6,1,P02,White,,edge_cut
placement-000221,6,2,full_56743987d41a3d3c.stl,56743987d41a3d3c82f6cfd93ed235541ada6d6eb51f0d39684348f3288be619,1,P02,White,,full
placement-000222,6,3,full_56743987d41a3d3c.stl,56743987d41a3d3c82f6cfd93ed235541ada6d6eb51f0d39684348f3288be619,1,P02,White,,full
placement-000223,6,4,full_56743987d41a3d3c.stl,56743987d41a3d3c82f6cfd93ed235541ada6d6eb51f0d39684348f3288be619,1,P02,White,,full
placement-000224,6,5,full_56743987d41a3d3c.stl,56743987d41a3d3c82f6cfd93ed235541ada6d6eb51f0d39684348f3288be619,1,P02,White,,full
placement-000225,6,6,full_56743987d41a3d3c.stl,56743987d41a3d3c82f6cfd93ed235541ada6d6eb51f0d39684348f3288be619,1,P02,White,,full
placement-000226,6,7,full_56743987d41a3d3c.stl,56743987d41a3d3c82f6cfd93ed235541ada6d6eb51f0d39684348f3288be619,1,P02,White,,full
placement-000227,6,8,full_56743987d41a3d3c.stl,56743987d41a3d3c82f6cfd93ed235541ada6d6eb51f0d39684348f3288be619,1,P02,White,,full
placement-000228,6,9,full_56743987d41a3d3c.stl,56743987d41a3d3c82f6cfd93ed235541ada6d6eb51f0d39684348f3288be619,0,P01,Black,,full
placement-000229,6,10,full_56743987d41a3d3c.stl,56743987d41a3d3c82f6cfd93ed235541ada6d6eb51f0d39684348f3288be619,0,P01,Black,,full
placement-000230,6,11,full_56743987d41a3d3c.stl,56743987d41a3d3c82f6cfd93ed235541ada6d6eb51f0d39684348f3288be619,0,P01,Black,,full
placement-000231,6,12,full_56743987d41a3d3c.stl,56743987d41a3d3c82f6cfd93ed235541ada6d6eb51f0d39684348f3288be619,0,P01,Black,,full
placement-000232,6,13,full_56743987d41a3d3c.stl,56743987d41a3d3c82f6cfd93ed235541ada6d6eb51f0d39684348f3288be619,1,P02,White,,full
placement-000233,6,14,full_56743987d41a3d3c.stl,56743987d41a3d3c82f6cfd93ed235541ada6d6eb51f0d39684348f3288be619,1,P02,White,,full
placement-000234,6,15,full_56743987d41a3d3c.stl,56743987d41a3d3c82f6cfd93ed235541ada6d6eb51f0d39684348f3288be619,1,P02,White,,full
placement-000235,6,16,full_56743987d41a3d3c.stl,56743987d41a3d3c82f6cfd93ed235541ada6d6eb51f0d39684348f3288be619,0,P01,Black,,full
placement-000236,6,17,full_56743987d41a3d3c.stl,56743987d41a3d3c82f6cfd93ed235541ada6d6eb51f0d39684348f3288be619,0,P01,Black,,full
placement-000237,6,18,full_56743987d41a3d3c.stl,56743987d41a3d3c82f6cfd93ed235541ada6d6eb51f0d39684348f3288be619,0,P01,Black,,full
placement-000238,6,19,full_56743987d41a3d3c.stl,56743987d41a3d3c82f6cfd93ed235541ada6d6eb51f0d39684348f3288be619,0,P01,Black,,full
placement-000239,6,20,full_56743987d41a3d3c.stl,56743987d41a3d3c82f6cfd93ed235541ada6d6eb51f0d39684348f3288be619,0,P01,Black,,full
placement-000240,6,21,full_56743987d41a3d3c.stl,56743987d41a3d3c82f6cfd93ed235541ada6d6eb51f0d39684348f3288be619,0,P01,Black,,full
placement-000241,6,22,full_56743987d41a3d3c.stl,56743987d41a3d3c82f6cfd93ed235541ada6d6eb51f0d39684348f3288be619,0,P01,Black,,full
placement-000242,6,23,full_56743987d41a3d3c.stl,56743987d41a3d3c82f6cfd93ed235541ada6d6eb51f0d39684348f3288be619,0,P01,Black,,full
placement-000243,6,24,full_56743987d41a3d3c.stl,56743987d41a3d3c82f6cfd93ed235541ada6d6eb51f0d39684348f3288be619,1,P02,White,,full
placement-000244,6,25,full_56743987d41a3d3c.stl,56743987d41a3d3c82f6cfd93ed235541ada6d6eb51f0d39684348f3288be619,1,P02,White,,full
placement-000245,6,26,full_56743987d41a3d3c.stl,56743987d41a3d3c82f6cfd93ed235541ada6d6eb51f0d39684348f3288be619,1,P02,White,,full
placement-000246,6,27,full_56743987d41a3d3c.stl,56743987d41a3d3c82f6cfd93ed235541ada6d6eb51f0d39684348f3288be619,0,P01,Black,,full
placement-000247,6,28,full_56743987d41a3d3c.stl,56743987d41a3d3c82f6cfd93ed235541ada6d6eb51f0d39684348f3288be619,0,P01,Black,,full
placement-000248,6,29,full_56743987d41a3d3c.stl,56743987d41a3d3c82f6cfd93ed235541ada6d6eb51f0d39684348f3288be619,0,P01,Black,,full
placement-000249,6,30,full_56743987d41a3d3c.stl,56743987d41a3d3c82f6cfd93ed235541ada6d6eb51f0d39684348f3288be619,0,P01,Black,,full
placement-000250,6,31,full_56743987d41a3d3c.stl,56743987d41a3d3c82f6cfd93ed235541ada6d6eb51f0d39684348f3288be619,0,P01,Black,,full
placement-000251,6,32,full_56743987d41a3d3c.stl,56743987d41a3d3c82f6cfd93ed235541ada6d6eb51f0d39684348f3288be619,0,P01,Black,,full
placement-000252,6,33,full_56743987d41a3d3c.stl,56743987d41a3d3c82f6cfd93ed235541ada6d6eb51f0d39684348f3288be619,0,P01,Black,,full
placement-000253,6,34,full_56743987d41a3d3c.stl,56743987d41a3d3c82f6cfd93ed235541ada6d6eb51f0d39684348f3288be619,0,P01,Black,,full
placement-000254,6,35,full_56743987d41a3d3c.stl,56743987d41a3d3c82f6cfd93ed235541ada6d6eb51f0d39684348f3288be619,0,P01,Black,,full
placement-000255,6,36,full_56743987d41a3d3c.stl,56743987d41a3d3c82f6cfd93ed235541ada6d6eb51f0d39684348f3288be619,0,P01,Black,,full
placement-000256,6,37,full_56743987d41a3d3c.stl,56743987d41a3d3c82f6cfd93ed235541ada6d6eb51f0d39684348f3288be619,1,P02,White,,full
placement-000257,6,38,full_56743987d41a3d3c.stl,56743987d41a3d3c82f6cfd93ed235541ada6d6eb51f0d39684348f3288be619,1,P02,White,,full
placement-000258,6,39,full_56743987d41a3d3c.stl,56743987d41a3d3c82f6cfd93ed235541ada6d6eb51f0d39684348f3288be619,1,P02,White,,full
placement-000259,6,40,full_56743987d41a3d3c.stl,56743987d41a3d3c82f6cfd93ed235541ada6d6eb51f0d39684348f3288be619,1,P02,White,,full
placement-000260,6,41,full_56743987d41a3d3c.stl,56743987d41a3d3c82f6cfd93ed235541ada6d6eb51f0d39684348f3288be619,1,P02,White,,full
placement-000261,6,42,full_56743987d41a3d3c.stl,56743987d41a3d3c82f6cfd93ed235541ada6d6eb51f0d39684348f3288be619,1,P02,White,,full
placement-000262,6,43,full_56743987d41a3d3c.stl,56743987d41a3d3c82f6cfd93ed235541ada6d6eb51f0d39684348f3288be619,1,P02,White,,full
placement-000263,6,44,cut_26dca3decc4b2104.stl,26dca3decc4b2104ab9ccca286936e25000f0ba36bed10ad58cac6bbe20422a7,1,P02,White,,edge_cut
placement-000264,7,1,cut_0d570a86719fc30c.stl,0d570a86719fc30c6600e155bb0c9f8fdca6824fe01667fca41ef4787f43da23,1,P02,White,,edge_cut
placement-000265,7,2,full_56743987d41a3d3c.stl,56743987d41a3d3c82f6cfd93ed235541ada6d6eb51f0d39684348f3288be619,1,P02,White,,full
placement-000266,7,3,full_56743987d41a3d3c.stl,56743987d41a3d3c82f6cfd93ed235541ada6d6eb51f0d39684348f3288be619,1,P02,White,,full
placement-000267,7,4,full_56743987d41a3d3c.stl,56743987d41a3d3c82f6cfd93ed235541ada6d6eb51f0d39684348f3288be619,1,P02,White,,full
placement-000268,7,5,full_56743987d41a3d3c.stl,56743987d41a3d3c82f6cfd93ed235541ada6d6eb51f0d39684348f3288be619,1,P02,White,,full
placement-000269,7,6,full_56743987d41a3d3c.stl,56743987d41a3d3c82f6cfd93ed235541ada6d6eb51f0d39684348f3288be619,1,P02,White,,full
placement-000270,7,7,full_56743987d41a3d3c.stl,56743987d41a3d3c82f6cfd93ed235541ada6d6eb51f0d39684348f3288be619,1,P02,White,,full
placement-000271,7,8,full_56743987d41a3d3c.stl,56743987d41a3d3c82f6cfd93ed235541ada6d6eb51f0d39684348f3288be619,1,P02,White,,full
placement-000272,7,9,full_56743987d41a3d3c.stl,56743987d41a3d3c82f6cfd93ed235541ada6d6eb51f0d39684348f3288be619,0,P01,Black,,full
placement-000273,7,10,full_56743987d41a3d3c.stl,56743987d41a3d3c82f6cfd93ed235541ada6d6eb51f0d39684348f3288be619,0,P01,Black,,full
placement-000274,7,11,full_56743987d41a3d3c.stl,56743987d41a3d3c82f6cfd93ed235541ada6d6eb51f0d39684348f3288be619,0,P01,Black,,full
placement-000275,7,12,full_56743987d41a3d3c.stl,56743987d41a3d3c82f6cfd93ed235541ada6d6eb51f0d39684348f3288be619,0,P01,Black,,full
placement-000276,7,13,full_56743987d41a3d3c.stl,56743987d41a3d3c82f6cfd93ed235541ada6d6eb51f0d39684348f3288be619,1,P02,White,,full
placement-000277,7,14,full_56743987d41a3d3c.stl,56743987d41a3d3c82f6cfd93ed235541ada6d6eb51f0d39684348f3288be619,1,P02,White,,full
placement-000278,7,15,full_56743987d41a3d3c.stl,56743987d41a3d3c82f6cfd93ed235541ada6d6eb51f0d39684348f3288be619,1,P02,White,,full
placement-000279,7,16,full_56743987d41a3d3c.stl,56743987d41a3d3c82f6cfd93ed235541ada6d6eb51f0d39684348f3288be619,1,P02,White,,full
placement-000280,7,17,full_56743987d41a3d3c.stl,56743987d41a3d3c82f6cfd93ed235541ada6d6eb51f0d39684348f3288be619,0,P01,Black,,full
placement-000281,7,18,full_56743987d41a3d3c.stl,56743987d41a3d3c82f6cfd93ed235541ada6d6eb51f0d39684348f3288be619,0,P01,Black,,full
placement-000282,7,19,full_56743987d41a3d3c.stl,56743987d41a3d3c82f6cfd93ed235541ada6d6eb51f0d39684348f3288be619,0,P01,Black,,full
placement-000283,7,20,full_56743987d41a3d3c.stl,56743987d41a3d3c82f6cfd93ed235541ada6d6eb51f0d39684348f3288be619,0,P01,Black,,full
placement-000284,7,21,full_56743987d41a3d3c.stl,56743987d41a3d3c82f6cfd93ed235541ada6d6eb51f0d39684348f3288be619,0,P01,Black,,full
placement-000285,7,22,full_56743987d41a3d3c.stl,56743987d41a3d3c82f6cfd93ed235541ada6d6eb51f0d39684348f3288be619,0,P01,Black,,full
placement-000286,7,23,full_56743987d41a3d3c.stl,56743987d41a3d3c82f6cfd93ed235541ada6d6eb51f0d39684348f3288be619,0,P01,Black,,full
placement-000287,7,24,full_56743987d41a3d3c.stl,56743987d41a3d3c82f6cfd93ed235541ada6d6eb51f0d39684348f3288be619,0,P01,Black,,full
placement-000288,7,25,full_56743987d41a3d3c.stl,56743987d41a3d3c82f6cfd93ed235541ada6d6eb51f0d39684348f3288be619,1,P02,White,,full
placement-000289,7,26,full_56743987d41a3d3c.stl,56743987d41a3d3c82f6cfd93ed235541ada6d6eb51f0d39684348f3288be619,1,P02,White,,full
placement-000290,7,27,full_56743987d41a3d3c.stl,56743987d41a3d3c82f6cfd93ed235541ada6d6eb51f0d39684348f3288be619,0,P01,Black,,full
placement-000291,7,28,full_56743987d41a3d3c.stl,56743987d41a3d3c82f6cfd93ed235541ada6d6eb51f0d39684348f3288be619,0,P01,Black,,full
placement-000292,7,29,full_56743987d41a3d3c.stl,56743987d41a3d3c82f6cfd93ed235541ada6d6eb51f0d39684348f3288be619,0,P01,Black,,full
placement-000293,7,30,full_56743987d41a3d3c.stl,56743987d41a3d3c82f6cfd93ed235541ada6d6eb51f0d39684348f3288be619,1,P02,White,,full
placement-000294,7,31,full_56743987d41a3d3c.stl,56743987d41a3d3c82f6cfd93ed235541ada6d6eb51f0d39684348f3288be619,1,P02,White,,full
placement-000295,7,32,full_56743987d41a3d3c.stl,56743987d41a3d3c82f6cfd93ed235541ada6d6eb51f0d39684348f3288be619,0,P01,Black,,full
placement-000296,7,33,full_56743987d41a3d3c.stl,56743987d41a3d3c82f6cfd93ed235541ada6d6eb51f0d39684348f3288be619,0,P01,Black,,full
placement-000297,7,34,full_56743987d41a3d3c.stl,56743987d41a3d3c82f6cfd93ed235541ada6d6eb51f0d39684348f3288be619,0,P01,Black,,full
placement-000298,7,35,full_56743987d41a3d3c.stl,56743987d41a3d3c82f6cfd93ed235541ada6d6eb51f0d39684348f3288be619,0,P01,Black,,full
placement-000299,7,36,full_56743987d41a3d3c.stl,56743987d41a3d3c82f6cfd93ed235541ada6d6eb51f0d39684348f3288be619,0,P01,Black,,full
placement-000300,7,37,full_56743987d41a3d3c.stl,56743987d41a3d3c82f6cfd93ed235541ada6d6eb51f0d39684348f3288be619,0,P01,Black,,full
placement-000301,7,38,full_56743987d41a3d3c.stl,56743987d41a3d3c82f6cfd93ed235541ada6d6eb51f0d39684348f3288be619,1,P02,White,,full
placement-000302,7,39,full_56743987d41a3d3c.stl,56743987d41a3d3c82f6cfd93ed235541ada6d6eb51f0d39684348f3288be619,1,P02,White,,full
placement-000303,7,40,full_56743987d41a3d3c.stl,56743987d41a3d3c82f6cfd93ed235541ada6d6eb51f0d39684348f3288be619,1,P02,White,,full
placement-000304,7,41,full_56743987d41a3d3c.stl,56743987d41a3d3c82f6cfd93ed235541ada6d6eb51f0d39684348f3288be619,1,P02,White,,full
placement-000305,7,42,full_56743987d41a3d3c.stl,56743987d41a3d3c82f6cfd93ed235541ada6d6eb51f0d39684348f3288be619,1,P02,White,,full
placement-000306,7,43,full_56743987d41a3d3c.stl,56743987d41a3d3c82f6cfd93ed235541ada6d6eb51f0d39684348f3288be619,1,P02,White,,full
placement-000307,7,44,cut_3a4ceaf4f5962851.stl,3a4ceaf4f596285109244b7bfa8862ff4d965cbc47916b575b96ea38ed6008bd,1,P02,White,,edge_cut
placement-000308,8,1,cut_49677025bd830ab6.stl,49677025bd830ab6f6e204ff344e3e36350c91d280e55fb4ddc3a423c60b97e6,1,P02,White,,edge_cut
placement-000309,8,2,full_56743987d41a3d3c.stl,56743987d41a3d3c82f6cfd93ed235541ada6d6eb51f0d39684348f3288be619,1,P02,White,,full
placement-000310,8,3,full_56743987d41a3d3c.stl,56743987d41a3d3c82f6cfd93ed235541ada6d6eb51f0d39684348f3288be619,1,P02,White,,full
placement-000311,8,4,full_56743987d41a3d3c.stl,56743987d41a3d3c82f6cfd93ed235541ada6d6eb51f0d39684348f3288be619,1,P02,White,,full
placement-000312,8,5,full_56743987d41a3d3c.stl,56743987d41a3d3c82f6cfd93ed235541ada6d6eb51f0d39684348f3288be619,1,P02,White,,full
placement-000313,8,6,full_56743987d41a3d3c.stl,56743987d41a3d3c82f6cfd93ed235541ada6d6eb51f0d39684348f3288be619,1,P02,White,,full
placement-000314,8,7,full_56743987d41a3d3c.stl,56743987d41a3d3c82f6cfd93ed235541ada6d6eb51f0d39684348f3288be619,1,P02,White,,full
placement-000315,8,8,full_56743987d41a3d3c.stl,56743987d41a3d3c82f6cfd93ed235541ada6d6eb51f0d39684348f3288be619,0,P01,Black,,full
placement-000316,8,9,full_56743987d41a3d3c.stl,56743987d41a3d3c82f6cfd93ed235541ada6d6eb51f0d39684348f3288be619,0,P01,Black,,full
placement-000317,8,10,full_56743987d41a3d3c.stl,56743987d41a3d3c82f6cfd93ed235541ada6d6eb51f0d39684348f3288be619,0,P01,Black,,full
placement-000318,8,11,full_56743987d41a3d3c.stl,56743987d41a3d3c82f6cfd93ed235541ada6d6eb51f0d39684348f3288be619,0,P01,Black,,full
placement-000319,8,12,full_56743987d41a3d3c.stl,56743987d41a3d3c82f6cfd93ed235541ada6d6eb51f0d39684348f3288be619,1,P02,White,,full
placement-000320,8,13,full_56743987d41a3d3c.stl,56743987d41a3d3c82f6cfd93ed235541ada6d6eb51f0d39684348f3288be619,1,P02,White,,full
placement-000321,8,14,full_56743987d41a3d3c.stl,56743987d41a3d3c82f6cfd93ed235541ada6d6eb51f0d39684348f3288be619,1,P02,White,,full
placement-000322,8,15,full_56743987d41a3d3c.stl,56743987d41a3d3c82f6cfd93ed235541ada6d6eb51f0d39684348f3288be619,1,P02,White,,full
placement-000323,8,16,full_56743987d41a3d3c.stl,56743987d41a3d3c82f6cfd93ed235541ada6d6eb51f0d39684348f3288be619,1,P02,White,,full
placement-000324,8,17,full_56743987d41a3d3c.stl,56743987d41a3d3c82f6cfd93ed235541ada6d6eb51f0d39684348f3288be619,0,P01,Black,,full
placement-000325,8,18,full_56743987d41a3d3c.stl,56743987d41a3d3c82f6cfd93ed235541ada6d6eb51f0d39684348f3288be619,0,P01,Black,,full
placement-000326,8,19,full_56743987d41a3d3c.stl,56743987d41a3d3c82f6cfd93ed235541ada6d6eb51f0d39684348f3288be619,0,P01,Black,,full
placement-000327,8,20,full_56743987d41a3d3c.stl,56743987d41a3d3c82f6cfd93ed235541ada6d6eb51f0d39684348f3288be619,0,P01,Black,,full
placement-000328,8,21,full_56743987d41a3d3c.stl,56743987d41a3d3c82f6cfd93ed235541ada6d6eb51f0d39684348f3288be619,0,P01,Black,,full
placement-000329,8,22,full_56743987d41a3d3c.stl,56743987d41a3d3c82f6cfd93ed235541ada6d6eb51f0d39684348f3288be619,0,P01,Black,,full
placement-000330,8,23,full_56743987d41a3d3c.stl,56743987d41a3d3c82f6cfd93ed235541ada6d6eb51f0d39684348f3288be619,0,P01,Black,,full
placement-000331,8,24,full_56743987d41a3d3c.stl,56743987d41a3d3c82f6cfd93ed235541ada6d6eb51f0d39684348f3288be619,0,P01,Black,,full
placement-000332,8,25,full_56743987d41a3d3c.stl,56743987d41a3d3c82f6cfd93ed235541ada6d6eb51f0d39684348f3288be619,1,P02,White,,full
placement-000333,8,26,full_56743987d41a3d3c.stl,56743987d41a3d3c82f6cfd93ed235541ada6d6eb51f0d39684348f3288be619,0,P01,Black,,full
placement-000334,8,27,full_56743987d41a3d3c.stl,56743987d41a3d3c82f6cfd93ed235541ada6d6eb51f0d39684348f3288be619,0,P01,Black,,full
placement-000335,8,28,full_56743987d41a3d3c.stl,56743987d41a3d3c82f6cfd93ed235541ada6d6eb51f0d39684348f3288be619,0,P01,Black,,full
placement-000336,8,29,full_56743987d41a3d3c.stl,56743987d41a3d3c82f6cfd93ed235541ada6d6eb51f0d39684348f3288be619,1,P02,White,,full
placement-000337,8,30,full_56743987d41a3d3c.stl,56743987d41a3d3c82f6cfd93ed235541ada6d6eb51f0d39684348f3288be619,1,P02,White,,full
placement-000338,8,31,full_56743987d41a3d3c.stl,56743987d41a3d3c82f6cfd93ed235541ada6d6eb51f0d39684348f3288be619,1,P02,White,,full
placement-000339,8,32,full_56743987d41a3d3c.stl,56743987d41a3d3c82f6cfd93ed235541ada6d6eb51f0d39684348f3288be619,0,P01,Black,,full
placement-000340,8,33,full_56743987d41a3d3c.stl,56743987d41a3d3c82f6cfd93ed235541ada6d6eb51f0d39684348f3288be619,0,P01,Black,,full
placement-000341,8,34,full_56743987d41a3d3c.stl,56743987d41a3d3c82f6cfd93ed235541ada6d6eb51f0d39684348f3288be619,0,P01,Black,,full
placement-000342,8,35,full_56743987d41a3d3c.stl,56743987d41a3d3c82f6cfd93ed235541ada6d6eb51f0d39684348f3288be619,0,P01,Black,,full
placement-000343,8,36,full_56743987d41a3d3c.stl,56743987d41a3d3c82f6cfd93ed235541ada6d6eb51f0d39684348f3288be619,0,P01,Black,,full
placement-000344,8,37,full_56743987d41a3d3c.stl,56743987d41a3d3c82f6cfd93ed235541ada6d6eb51f0d39684348f3288be619,0,P01,Black,,full
placement-000345,8,38,full_56743987d41a3d3c.stl,56743987d41a3d3c82f6cfd93ed235541ada6d6eb51f0d39684348f3288be619,1,P02,White,,full
placement-000346,8,39,full_56743987d41a3d3c.stl,56743987d41a3d3c82f6cfd93ed235541ada6d6eb51f0d39684348f3288be619,1,P02,White,,full
placement-000347,8,40,full_56743987d41a3d3c.stl,56743987d41a3d3c82f6cfd93ed235541ada6d6eb51f0d39684348f3288be619,1,P02,White,,full
placement-000348,8,41,full_56743987d41a3d3c.stl,56743987d41a3d3c82f6cfd93ed235541ada6d6eb51f0d39684348f3288be619,1,P02,White,,full
placement-000349,8,42,full_56743987d41a3d3c.stl,56743987d41a3d3c82f6cfd93ed235541ada6d6eb51f0d39684348f3288be619,1,P02,White,,full
placement-000350,8,43,full_56743987d41a3d3c.stl,56743987d41a3d3c82f6cfd93ed235541ada6d6eb51f0d39684348f3288be619,1,P02,White,,full
placement-000351,8,44,cut_26dca3decc4b2104.stl,26dca3decc4b2104ab9ccca286936e25000f0ba36bed10ad58cac6bbe20422a7,1,P02,White,,edge_cut
placement-000352,9,1,cut_0d570a86719fc30c.stl,0d570a86719fc30c6600e155bb0c9f8fdca6824fe01667fca41ef4787f43da23,1,P02,White,,edge_cut
placement-000353,9,2,full_56743987d41a3d3c.stl,56743987d41a3d3c82f6cfd93ed235541ada6d6eb51f0d39684348f3288be619,1,P02,White,,full
placement-000354,9,3,full_56743987d41a3d3c.stl,56743987d41a3d3c82f6cfd93ed235541ada6d6eb51f0d39684348f3288be619,1,P02,White,,full
placement-000355,9,4,full_56743987d41a3d3c.stl,56743987d41a3d3c82f6cfd93ed235541ada6d6eb51f0d39684348f3288be619,1,P02,White,,full
placement-000356,9,5,full_56743987d41a3d3c.stl,56743987d41a3d3c82f6cfd93ed235541ada6d6eb51f0d39684348f3288be619,1,P02,White,,full
placement-000357,9,6,full_56743987d41a3d3c.stl,56743987d41a3d3c82f6cfd93ed235541ada6d6eb51f0d39684348f3288be619,1,P02,White,,full
placement-000358,9,7,full_56743987d41a3d3c.stl,56743987d41a3d3c82f6cfd93ed235541ada6d6eb51f0d39684348f3288be619,1,P02,White,,full
placement-000359,9,8,full_56743987d41a3d3c.stl,56743987d41a3d3c82f6cfd93ed235541ada6d6eb51f0d39684348f3288be619,0,P01,Black,,full
placement-000360,9,9,full_56743987d41a3d3c.stl,56743987d41a3d3c82f6cfd93ed235541ada6d6eb51f0d39684348f3288be619,0,P01,Black,,full
placement-000361,9,10,full_56743987d41a3d3c.stl,56743987d41a3d3c82f6cfd93ed235541ada6d6eb51f0d39684348f3288be619,0,P01,Black,,full
placement-000362,9,11,full_56743987d41a3d3c.stl,56743987d41a3d3c82f6cfd93ed235541ada6d6eb51f0d39684348f3288be619,0,P01,Black,,full
placement-000363,9,12,full_56743987d41a3d3c.stl,56743987d41a3d3c82f6cfd93ed235541ada6d6eb51f0d39684348f3288be619,1,P02,White,,full
placement-000364,9,13,full_56743987d41a3d3c.stl,56743987d41a3d3c82f6cfd93ed235541ada6d6eb51f0d39684348f3288be619,1,P02,White,,full
placement-000365,9,14,full_56743987d41a3d3c.stl,56743987d41a3d3c82f6cfd93ed235541ada6d6eb51f0d39684348f3288be619,1,P02,White,,full
placement-000366,9,15,full_56743987d41a3d3c.stl,56743987d41a3d3c82f6cfd93ed235541ada6d6eb51f0d39684348f3288be619,1,P02,White,,full
placement-000367,9,16,full_56743987d41a3d3c.stl,56743987d41a3d3c82f6cfd93ed235541ada6d6eb51f0d39684348f3288be619,1,P02,White,,full
placement-000368,9,17,full_56743987d41a3d3c.stl,56743987d41a3d3c82f6cfd93ed235541ada6d6eb51f0d39684348f3288be619,1,P02,White,,full
placement-000369,9,18,full_56743987d41a3d3c.stl,56743987d41a3d3c82f6cfd93ed235541ada6d6eb51f0d39684348f3288be619,0,P01,Black,,full
placement-000370,9,19,full_56743987d41a3d3c.stl,56743987d41a3d3c82f6cfd93ed235541ada6d6eb51f0d39684348f3288be619,0,P01,Black,,full
placement-000371,9,20,full_56743987d41a3d3c.stl,56743987d41a3d3c82f6cfd93ed235541ada6d6eb51f0d39684348f3288be619,0,P01,Black,,full
placement-000372,9,21,full_56743987d41a3d3c.stl,56743987d41a3d3c82f6cfd93ed235541ada6d6eb51f0d39684348f3288be619,0,P01,Black,,full
placement-000373,9,22,full_56743987d41a3d3c.stl,56743987d41a3d3c82f6cfd93ed235541ada6d6eb51f0d39684348f3288be619,0,P01,Black,,full
placement-000374,9,23,full_56743987d41a3d3c.stl,56743987d41a3d3c82f6cfd93ed235541ada6d6eb51f0d39684348f3288be619,0,P01,Black,,full
placement-000375,9,24,full_56743987d41a3d3c.stl,56743987d41a3d3c82f6cfd93ed235541ada6d6eb51f0d39684348f3288be619,0,P01,Black,,full
placement-000376,9,25,full_56743987d41a3d3c.stl,56743987d41a3d3c82f6cfd93ed235541ada6d6eb51f0d39684348f3288be619,0,P01,Black,,full
placement-000377,9,26,full_56743987d41a3d3c.stl,56743987d41a3d3c82f6cfd93ed235541ada6d6eb51f0d39684348f3288be619,0,P01,Black,,full
placement-000378,9,27,full_56743987d41a3d3c.stl,56743987d41a3d3c82f6cfd93ed235541ada6d6eb51f0d39684348f3288be619,0,P01,Black,,full
placement-000379,9,28,full_56743987d41a3d3c.stl,56743987d41a3d3c82f6cfd93ed235541ada6d6eb51f0d39684348f3288be619,0,P01,Black,,full
placement-000380,9,29,full_56743987d41a3d3c.stl,56743987d41a3d3c82f6cfd93ed235541ada6d6eb51f0d39684348f3288be619,1,P02,White,,full
placement-000381,9,30,full_56743987d41a3d3c.stl,56743987d41a3d3c82f6cfd93ed235541ada6d6eb51f0d39684348f3288be619,1,P02,White,,full
placement-000382,9,31,full_56743987d41a3d3c.stl,56743987d41a3d3c82f6cfd93ed235541ada6d6eb51f0d39684348f3288be619,1,P02,White,,full
placement-000383,9,32,full_56743987d41a3d3c.stl,56743987d41a3d3c82f6cfd93ed235541ada6d6eb51f0d39684348f3288be619,1,P02,White,,full
placement-000384,9,33,full_56743987d41a3d3c.stl,56743987d41a3d3c82f6cfd93ed235541ada6d6eb51f0d39684348f3288be619,0,P01,Black,,full
placement-000385,9,34,full_56743987d41a3d3c.stl,56743987d41a3d3c82f6cfd93ed235541ada6d6eb51f0d39684348f3288be619,0,P01,Black,,full
placement-000386,9,35,full_56743987d41a3d3c.stl,56743987d41a3d3c82f6cfd93ed235541ada6d6eb51f0d39684348f3288be619,0,P01,Black,,full
placement-000387,9,36,full_56743987d41a3d3c.stl,56743987d41a3d3c82f6cfd93ed235541ada6d6eb51f0d39684348f3288be619,0,P01,Black,,full
placement-000388,9,37,full_56743987d41a3d3c.stl,56743987d41a3d3c82f6cfd93ed235541ada6d6eb51f0d39684348f3288be619,0,P01,Black,,full
placement-000389,9,38,full_56743987d41a3d3c.stl,56743987d41a3d3c82f6cfd93ed235541ada6d6eb51f0d39684348f3288be619,0,P01,Black,,full
placement-000390,9,39,full_56743987d41a3d3c.stl,56743987d41a3d3c82f6cfd93ed235541ada6d6eb51f0d39684348f3288be619,1,P02,White,,full
placement-000391,9,40,full_56743987d41a3d3c.stl,56743987d41a3d3c82f6cfd93ed235541ada6d6eb51f0d39684348f3288be619,1,P02,White,,full
placement-000392,9,41,full_56743987d41a3d3c.stl,56743987d41a3d3c82f6cfd93ed235541ada6d6eb51f0d39684348f3288be619,1,P02,White,,full
placement-000393,9,42,full_56743987d41a3d3c.stl,56743987d41a3d3c82f6cfd93ed235541ada6d6eb51f0d39684348f3288be619,1,P02,White,,full
placement-000394,9,43,full_56743987d41a3d3c.stl,56743987d41a3d3c82f6cfd93ed235541ada6d6eb51f0d39684348f3288be619,1,P02,White,,full
placement-000395,9,44,cut_3a4ceaf4f5962851.stl,3a4ceaf4f596285109244b7bfa8862ff4d965cbc47916b575b96ea38ed6008bd,1,P02,White,,edge_cut
placement-000396,10,1,cut_49677025bd830ab6.stl,49677025bd830ab6f6e204ff344e3e36350c91d280e55fb4ddc3a423c60b97e6,1,P02,White,,edge_cut
placement-000397,10,2,full_56743987d41a3d3c.stl,56743987d41a3d3c82f6cfd93ed235541ada6d6eb51f0d39684348f3288be619,1,P02,White,,full
placement-000398,10,3,full_56743987d41a3d3c.stl,56743987d41a3d3c82f6cfd93ed235541ada6d6eb51f0d39684348f3288be619,1,P02,White,,full
placement-000399,10,4,full_56743987d41a3d3c.stl,56743987d41a3d3c82f6cfd93ed235541ada6d6eb51f0d39684348f3288be619,1,P02,White,,full
placement-000400,10,5,full_56743987d41a3d3c.stl,56743987d41a3d3c82f6cfd93ed235541ada6d6eb51f0d39684348f3288be619,1,P02,White,,full
placement-000401,10,6,full_56743987d41a3d3c.stl,56743987d41a3d3c82f6cfd93ed235541ada6d6eb51f0d39684348f3288be619,1,P02,White,,full
placement-000402,10,7,full_56743987d41a3d3c.stl,56743987d41a3d3c82f6cfd93ed235541ada6d6eb51f0d39684348f3288be619,0,P01,Black,,full
placement-000403,10,8,full_56743987d41a3d3c.stl,56743987d41a3d3c82f6cfd93ed235541ada6d6eb51f0d39684348f3288be619,0,P01,Black,,full
placement-000404,10,9,full_56743987d41a3d3c.stl,56743987d41a3d3c82f6cfd93ed235541ada6d6eb51f0d39684348f3288be619,0,P01,Black,,full
placement-000405,10,10,full_56743987d41a3d3c.stl,56743987d41a3d3c82f6cfd93ed235541ada6d6eb51f0d39684348f3288be619,0,P01,Black,,full
placement-000406,10,11,full_56743987d41a3d3c.stl,56743987d41a3d3c82f6cfd93ed235541ada6d6eb51f0d39684348f3288be619,1,P02,White,,full
placement-000407,10,12,full_56743987d41a3d3c.stl,56743987d41a3d3c82f6cfd93ed235541ada6d6eb51f0d39684348f3288be619,1,P02,White,,full
placement-000408,10,13,full_56743987d41a3d3c.stl,56743987d41a3d3c82f6cfd93ed235541ada6d6eb51f0d39684348f3288be619,1,P02,White,,full
placement-000409,10,14,full_56743987d41a3d3c.stl,56743987d41a3d3c82f6cfd93ed235541ada6d6eb51f0d39684348f3288be619,1,P02,White,,full
placement-000410,10,15,full_56743987d41a3d3c.stl,56743987d41a3d3c82f6cfd93ed235541ada6d6eb51f0d39684348f3288be619,1,P02,White,,full
placement-000411,10,16,full_56743987d41a3d3c.stl,56743987d41a3d3c82f6cfd93ed235541ada6d6eb51f0d39684348f3288be619,1,P02,White,,full
placement-000412,10,17,full_56743987d41a3d3c.stl,56743987d41a3d3c82f6cfd93ed235541ada6d6eb51f0d39684348f3288be619,1,P02,White,,full
placement-000413,10,18,full_56743987d41a3d3c.stl,56743987d41a3d3c82f6cfd93ed235541ada6d6eb51f0d39684348f3288be619,0,P01,Black,,full
placement-000414,10,19,full_56743987d41a3d3c.stl,56743987d41a3d3c82f6cfd93ed235541ada6d6eb51f0d39684348f3288be619,0,P01,Black,,full
placement-000415,10,20,full_56743987d41a3d3c.stl,56743987d41a3d3c82f6cfd93ed235541ada6d6eb51f0d39684348f3288be619,0,P01,Black,,full
placement-000416,10,21,full_56743987d41a3d3c.stl,56743987d41a3d3c82f6cfd93ed235541ada6d6eb51f0d39684348f3288be619,0,P01,Black,,full
placement-000417,10,22,full_56743987d41a3d3c.stl,56743987d41a3d3c82f6cfd93ed235541ada6d6eb51f0d39684348f3288be619,0,P01,Black,,full
placement-000418,10,23,full_56743987d41a3d3c.stl,56743987d41a3d3c82f6cfd93ed235541ada6d6eb51f0d39684348f3288be619,0,P01,Black,,full
placement-000419,10,24,full_56743987d41a3d3c.stl,56743987d41a3d3c82f6cfd93ed235541ada6d6eb51f0d39684348f3288be619,0,P01,Black,,full
placement-000420,10,25,full_56743987d41a3d3c.stl,56743987d41a3d3c82f6cfd93ed235541ada6d6eb51f0d39684348f3288be619,0,P01,Black,,full
placement-000421,10,26,full_56743987d41a3d3c.stl,56743987d41a3d3c82f6cfd93ed235541ada6d6eb51f0d39684348f3288be619,0,P01,Black,,full
placement-000422,10,27,full_56743987d41a3d3c.stl,56743987d41a3d3c82f6cfd93ed235541ada6d6eb51f0d39684348f3288be619,0,P01,Black,,full
placement-000423,10,28,full_56743987d41a3d3c.stl,56743987d41a3d3c82f6cfd93ed235541ada6d6eb51f0d39684348f3288be619,1,P02,White,,full
placement-000424,10,29,full_56743987d41a3d3c.stl,56743987d41a3d3c82f6cfd93ed235541ada6d6eb51f0d39684348f3288be619,1,P02,White,,full
placement-000425,10,30,full_56743987d41a3d3c.stl,56743987d41a3d3c82f6cfd93ed235541ada6d6eb51f0d39684348f3288be619,1,P02,White,,full
placement-000426,10,31,full_56743987d41a3d3c.stl,56743987d41a3d3c82f6cfd93ed235541ada6d6eb51f0d39684348f3288be619,1,P02,White,,full
placement-000427,10,32,full_56743987d41a3d3c.stl,56743987d41a3d3c82f6cfd93ed235541ada6d6eb51f0d39684348f3288be619,1,P02,White,,full
placement-000428,10,33,full_56743987d41a3d3c.stl,56743987d41a3d3c82f6cfd93ed235541ada6d6eb51f0d39684348f3288be619,0,P01,Black,,full
placement-000429,10,34,full_56743987d41a3d3c.stl,56743987d41a3d3c82f6cfd93ed235541ada6d6eb51f0d39684348f3288be619,0,P01,Black,,full
placement-000430,10,35,full_56743987d41a3d3c.stl,56743987d41a3d3c82f6cfd93ed235541ada6d6eb51f0d39684348f3288be619,0,P01,Black,,full
placement-000431,10,36,full_56743987d41a3d3c.stl,56743987d41a3d3c82f6cfd93ed235541ada6d6eb51f0d39684348f3288be619,0,P01,Black,,full
placement-000432,10,37,full_56743987d41a3d3c.stl,56743987d41a3d3c82f6cfd93ed235541ada6d6eb51f0d39684348f3288be619,0,P01,Black,,full
placement-000433,10,38,full_56743987d41a3d3c.stl,56743987d41a3d3c82f6cfd93ed235541ada6d6eb51f0d39684348f3288be619,0,P01,Black,,full
placement-000434,10,39,full_56743987d41a3d3c.stl,56743987d41a3d3c82f6cfd93ed235541ada6d6eb51f0d39684348f3288be619,1,P02,White,,full
placement-000435,10,40,full_56743987d41a3d3c.stl,56743987d41a3d3c82f6cfd93ed235541ada6d6eb51f0d39684348f3288be619,1,P02,White,,full
placement-000436,10,41,full_56743987d41a3d3c.stl,56743987d41a3d3c82f6cfd93ed235541ada6d6eb51f0d39684348f3288be619,1,P02,White,,full
placement-000437,10,42,full_56743987d41a3d3c.stl,56743987d41a3d3c82f6cfd93ed235541ada6d6eb51f0d39684348f3288be619,1,P02,White,,full
placement-000438,10,43,full_56743987d41a3d3c.stl,56743987d41a3d3c82f6cfd93ed235541ada6d6eb51f0d39684348f3288be619,1,P02,White,,full
placement-000439,10,44,cut_26dca3decc4b2104.stl,26dca3decc4b2104ab9ccca286936e25000f0ba36bed10ad58cac6bbe20422a7,1,P02,White,,edge_cut
placement-000440,11,1,cut_0d570a86719fc30c.stl,0d570a86719fc30c6600e155bb0c9f8fdca6824fe01667fca41ef4787f43da23,1,P02,White,,edge_cut
placement-000441,11,2,full_56743987d41a3d3c.stl,56743987d41a3d3c82f6cfd93ed235541ada6d6eb51f0d39684348f3288be619,1,P02,White,,full
placement-000442,11,3,full_56743987d41a3d3c.stl,56743987d41a3d3c82f6cfd93ed235541ada6d6eb51f0d39684348f3288be619,1,P02,White,,full
placement-000443,11,4,full_56743987d41a3d3c.stl,56743987d41a3d3c82f6cfd93ed235541ada6d6eb51f0d39684348f3288be619,1,P02,White,,full
placement-000444,11,5,full_56743987d41a3d3c.stl,56743987d41a3d3c82f6cfd93ed235541ada6d6eb51f0d39684348f3288be619,1,P02,White,,full
placement-000445,11,6,full_56743987d41a3d3c.stl,56743987d41a3d3c82f6cfd93ed235541ada6d6eb51f0d39684348f3288be619,1,P02,White,,full
placement-000446,11,7,full_56743987d41a3d3c.stl,56743987d41a3d3c82f6cfd93ed235541ada6d6eb51f0d39684348f3288be619,0,P01,Black,,full
placement-000447,11,8,full_56743987d41a3d3c.stl,56743987d41a3d3c82f6cfd93ed235541ada6d6eb51f0d39684348f3288be619,0,P01,Black,,full
placement-000448,11,9,full_56743987d41a3d3c.stl,56743987d41a3d3c82f6cfd93ed235541ada6d6eb51f0d39684348f3288be619,0,P01,Black,,full
placement-000449,11,10,full_56743987d41a3d3c.stl,56743987d41a3d3c82f6cfd93ed235541ada6d6eb51f0d39684348f3288be619,0,P01,Black,,full
placement-000450,11,11,full_56743987d41a3d3c.stl,56743987d41a3d3c82f6cfd93ed235541ada6d6eb51f0d39684348f3288be619,1,P02,White,,full
placement-000451,11,12,full_56743987d41a3d3c.stl,56743987d41a3d3c82f6cfd93ed235541ada6d6eb51f0d39684348f3288be619,1,P02,White,,full
placement-000452,11,13,full_56743987d41a3d3c.stl,56743987d41a3d3c82f6cfd93ed235541ada6d6eb51f0d39684348f3288be619,1,P02,White,,full
placement-000453,11,14,full_56743987d41a3d3c.stl,56743987d41a3d3c82f6cfd93ed235541ada6d6eb51f0d39684348f3288be619,1,P02,White,,full
placement-000454,11,15,full_56743987d41a3d3c.stl,56743987d41a3d3c82f6cfd93ed235541ada6d6eb51f0d39684348f3288be619,1,P02,White,,full
placement-000455,11,16,full_56743987d41a3d3c.stl,56743987d41a3d3c82f6cfd93ed235541ada6d6eb51f0d39684348f3288be619,1,P02,White,,full
placement-000456,11,17,full_56743987d41a3d3c.stl,56743987d41a3d3c82f6cfd93ed235541ada6d6eb51f0d39684348f3288be619,1,P02,White,,full
placement-000457,11,18,full_56743987d41a3d3c.stl,56743987d41a3d3c82f6cfd93ed235541ada6d6eb51f0d39684348f3288be619,1,P02,White,,full
placement-000458,11,19,full_56743987d41a3d3c.stl,56743987d41a3d3c82f6cfd93ed235541ada6d6eb51f0d39684348f3288be619,0,P01,Black,,full
placement-000459,11,20,full_56743987d41a3d3c.stl,56743987d41a3d3c82f6cfd93ed235541ada6d6eb51f0d39684348f3288be619,0,P01,Black,,full
placement-000460,11,21,full_56743987d41a3d3c.stl,56743987d41a3d3c82f6cfd93ed235541ada6d6eb51f0d39684348f3288be619,0,P01,Black,,full
placement-000461,11,22,full_56743987d41a3d3c.stl,56743987d41a3d3c82f6cfd93ed235541ada6d6eb51f0d39684348f3288be619,0,P01,Black,,full
placement-000462,11,23,full_56743987d41a3d3c.stl,56743987d41a3d3c82f6cfd93ed235541ada6d6eb51f0d39684348f3288be619,0,P01,Black,,full
placement-000463,11,24,full_56743987d41a3d3c.stl,56743987d41a3d3c82f6cfd93ed235541ada6d6eb51f0d39684348f3288be619,0,P01,Black,,full
placement-000464,11,25,full_56743987d41a3d3c.stl,56743987d41a3d3c82f6cfd93ed235541ada6d6eb51f0d39684348f3288be619,0,P01,Black,,full
placement-000465,11,26,full_56743987d41a3d3c.stl,56743987d41a3d3c82f6cfd93ed235541ada6d6eb51f0d39684348f3288be619,0,P01,Black,,full
placement-000466,11,27,full_56743987d41a3d3c.stl,56743987d41a3d3c82f6cfd93ed235541ada6d6eb51f0d39684348f3288be619,0,P01,Black,,full
placement-000467,11,28,full_56743987d41a3d3c.stl,56743987d41a3d3c82f6cfd93ed235541ada6d6eb51f0d39684348f3288be619,1,P02,White,,full
placement-000468,11,29,full_56743987d41a3d3c.stl,56743987d41a3d3c82f6cfd93ed235541ada6d6eb51f0d39684348f3288be619,1,P02,White,,full
placement-000469,11,30,full_56743987d41a3d3c.stl,56743987d41a3d3c82f6cfd93ed235541ada6d6eb51f0d39684348f3288be619,1,P02,White,,full
placement-000470,11,31,full_56743987d41a3d3c.stl,56743987d41a3d3c82f6cfd93ed235541ada6d6eb51f0d39684348f3288be619,1,P02,White,,full
placement-000471,11,32,full_56743987d41a3d3c.stl,56743987d41a3d3c82f6cfd93ed235541ada6d6eb51f0d39684348f3288be619,1,P02,White,,full
placement-000472,11,33,full_56743987d41a3d3c.stl,56743987d41a3d3c82f6cfd93ed235541ada6d6eb51f0d39684348f3288be619,1,P02,White,,full
placement-000473,11,34,full_56743987d41a3d3c.stl,56743987d41a3d3c82f6cfd93ed235541ada6d6eb51f0d39684348f3288be619,0,P01,Black,,full
placement-000474,11,35,full_56743987d41a3d3c.stl,56743987d41a3d3c82f6cfd93ed235541ada6d6eb51f0d39684348f3288be619,0,P01,Black,,full
placement-000475,11,36,full_56743987d41a3d3c.stl,56743987d41a3d3c82f6cfd93ed235541ada6d6eb51f0d39684348f3288be619,0,P01,Black,,full
placement-000476,11,37,full_56743987d41a3d3c.stl,56743987d41a3d3c82f6cfd93ed235541ada6d6eb51f0d39684348f3288be619,0,P01,Black,,full
placement-000477,11,38,full_56743987d41a3d3c.stl,56743987d41a3d3c82f6cfd93ed235541ada6d6eb51f0d39684348f3288be619,0,P01,Black,,full
placement-000478,11,39,full_56743987d41a3d3c.stl,56743987d41a3d3c82f6cfd93ed235541ada6d6eb51f0d39684348f3288be619,0,P01,Black,,full
placement-000479,11,40,full_56743987d41a3d3c.stl,56743987d41a3d3c82f6cfd93ed235541ada6d6eb51f0d39684348f3288be619,1,P02,White,,full
placement-000480,11,41,full_56743987d41a3d3c.stl,56743987d41a3d3c82f6cfd93ed235541ada6d6eb51f0d39684348f3288be619,1,P02,White,,full
placement-000481,11,42,full_56743987d41a3d3c.stl,56743987d41a3d3c82f6cfd93ed235541ada6d6eb51f0d39684348f3288be619,1,P02,White,,full
placement-000482,11,43,full_56743987d41a3d3c.stl,56743987d41a3d3c82f6cfd93ed235541ada6d6eb51f0d39684348f3288be619,1,P02,White,,full
placement-000483,11,44,cut_3a4ceaf4f5962851.stl,3a4ceaf4f596285109244b7bfa8862ff4d965cbc47916b575b96ea38ed6008bd,1,P02,White,,edge_cut
placement-000484,12,1,cut_49677025bd830ab6.stl,49677025bd830ab6f6e204ff344e3e36350c91d280e55fb4ddc3a423c60b97e6,1,P02,White,,edge_cut
placement-000485,12,2,full_56743987d41a3d3c.stl,56743987d41a3d3c82f6cfd93ed235541ada6d6eb51f0d39684348f3288be619,1,P02,White,,full
placement-000486,12,3,full_56743987d41a3d3c.stl,56743987d41a3d3c82f6cfd93ed235541ada6d6eb51f0d39684348f3288be619,1,P02,White,,full
placement-000487,12,4,full_56743987d41a3d3c.stl,56743987d41a3d3c82f6cfd93ed235541ada6d6eb51f0d39684348f3288be619,1,P02,White,,full
placement-000488,12,5,full_56743987d41a3d3c.stl,56743987d41a3d3c82f6cfd93ed235541ada6d6eb51f0d39684348f3288be619,1,P02,White,,full
placement-000489,12,6,full_56743987d41a3d3c.stl,56743987d41a3d3c82f6cfd93ed235541ada6d6eb51f0d39684348f3288be619,0,P01,Black,,full
placement-000490,12,7,full_56743987d41a3d3c.stl,56743987d41a3d3c82f6cfd93ed235541ada6d6eb51f0d39684348f3288be619,0,P01,Black,,full
placement-000491,12,8,full_56743987d41a3d3c.stl,56743987d41a3d3c82f6cfd93ed235541ada6d6eb51f0d39684348f3288be619,0,P01,Black,,full
placement-000492,12,9,full_56743987d41a3d3c.stl,56743987d41a3d3c82f6cfd93ed235541ada6d6eb51f0d39684348f3288be619,0,P01,Black,,full
placement-000493,12,10,full_56743987d41a3d3c.stl,56743987d41a3d3c82f6cfd93ed235541ada6d6eb51f0d39684348f3288be619,1,P02,White,,full
placement-000494,12,11,full_56743987d41a3d3c.stl,56743987d41a3d3c82f6cfd93ed235541ada6d6eb51f0d39684348f3288be619,1,P02,White,,full
placement-000495,12,12,full_56743987d41a3d3c.stl,56743987d41a3d3c82f6cfd93ed235541ada6d6eb51f0d39684348f3288be619,1,P02,White,,full
placement-000496,12,13,full_56743987d41a3d3c.stl,56743987d41a3d3c82f6cfd93ed235541ada6d6eb51f0d39684348f3288be619,1,P02,White,,full
placement-000497,12,14,full_56743987d41a3d3c.stl,56743987d41a3d3c82f6cfd93ed235541ada6d6eb51f0d39684348f3288be619,1,P02,White,,full
placement-000498,12,15,full_56743987d41a3d3c.stl,56743987d41a3d3c82f6cfd93ed235541ada6d6eb51f0d39684348f3288be619,1,P02,White,,full
placement-000499,12,16,full_56743987d41a3d3c.stl,56743987d41a3d3c82f6cfd93ed235541ada6d6eb51f0d39684348f3288be619,1,P02,White,,full
placement-000500,12,17,full_56743987d41a3d3c.stl,56743987d41a3d3c82f6cfd93ed235541ada6d6eb51f0d39684348f3288be619,1,P02,White,,full
placement-000501,12,18,full_56743987d41a3d3c.stl,56743987d41a3d3c82f6cfd93ed235541ada6d6eb51f0d39684348f3288be619,1,P02,White,,full
placement-000502,12,19,full_56743987d41a3d3c.stl,56743987d41a3d3c82f6cfd93ed235541ada6d6eb51f0d39684348f3288be619,0,P01,Black,,full
placement-000503,12,20,full_56743987d41a3d3c.stl,56743987d41a3d3c82f6cfd93ed235541ada6d6eb51f0d39684348f3288be619,0,P01,Black,,full
placement-000504,12,21,full_56743987d41a3d3c.stl,56743987d41a3d3c82f6cfd93ed235541ada6d6eb51f0d39684348f3288be619,0,P01,Black,,full
placement-000505,12,22,full_56743987d41a3d3c.stl,56743987d41a3d3c82f6cfd93ed235541ada6d6eb51f0d39684348f3288be619,0,P01,Black,,full
placement-000506,12,23,full_56743987d41a3d3c.stl,56743987d41a3d3c82f6cfd93ed235541ada6d6eb51f0d39684348f3288be619,0,P01,Black,,full
placement-000507,12,24,full_56743987d41a3d3c.stl,56743987d41a3d3c82f6cfd93ed235541ada6d6eb51f0d39684348f3288be619,0,P01,Black,,full
placement-000508,12,25,full_56743987d41a3d3c.stl,56743987d41a3d3c82f6cfd93ed235541ada6d6eb51f0d39684348f3288be619,0,P01,Black,,full
placement-000509,12,26,full_56743987d41a3d3c.stl,56743987d41a3d3c82f6cfd93ed235541ada6d6eb51f0d39684348f3288be619,0,P01,Black,,full
placement-000510,12,27,full_56743987d41a3d3c.stl,56743987d41a3d3c82f6cfd93ed235541ada6d6eb51f0d39684348f3288be619,1,P02,White,,full
placement-000511,12,28,full_56743987d41a3d3c.stl,56743987d41a3d3c82f6cfd93ed235541ada6d6eb51f0d39684348f3288be619,1,P02,White,,full
placement-000512,12,29,full_56743987d41a3d3c.stl,56743987d41a3d3c82f6cfd93ed235541ada6d6eb51f0d39684348f3288be619,1,P02,White,,full
placement-000513,12,30,full_56743987d41a3d3c.stl,56743987d41a3d3c82f6cfd93ed235541ada6d6eb51f0d39684348f3288be619,1,P02,White,,full
placement-000514,12,31,full_56743987d41a3d3c.stl,56743987d41a3d3c82f6cfd93ed235541ada6d6eb51f0d39684348f3288be619,1,P02,White,,full
placement-000515,12,32,full_56743987d41a3d3c.stl,56743987d41a3d3c82f6cfd93ed235541ada6d6eb51f0d39684348f3288be619,1,P02,White,,full
placement-000516,12,33,full_56743987d41a3d3c.stl,56743987d41a3d3c82f6cfd93ed235541ada6d6eb51f0d39684348f3288be619,1,P02,White,,full
placement-000517,12,34,full_56743987d41a3d3c.stl,56743987d41a3d3c82f6cfd93ed235541ada6d6eb51f0d39684348f3288be619,0,P01,Black,,full
placement-000518,12,35,full_56743987d41a3d3c.stl,56743987d41a3d3c82f6cfd93ed235541ada6d6eb51f0d39684348f3288be619,0,P01,Black,,full
placement-000519,12,36,full_56743987d41a3d3c.stl,56743987d41a3d3c82f6cfd93ed235541ada6d6eb51f0d39684348f3288be619,0,P01,Black,,full
placement-000520,12,37,full_56743987d41a3d3c.stl,56743987d41a3d3c82f6cfd93ed235541ada6d6eb51f0d39684348f3288be619,0,P01,Black,,full
placement-000521,12,38,full_56743987d41a3d3c.stl,56743987d41a3d3c82f6cfd93ed235541ada6d6eb51f0d39684348f3288be619,0,P01,Black,,full
placement-000522,12,39,full_56743987d41a3d3c.stl,56743987d41a3d3c82f6cfd93ed235541ada6d6eb51f0d39684348f3288be619,0,P01,Black,,full
placement-000523,12,40,full_56743987d41a3d3c.stl,56743987d41a3d3c82f6cfd93ed235541ada6d6eb51f0d39684348f3288be619,1,P02,White,,full
placement-000524,12,41,full_56743987d41a3d3c.stl,56743987d41a3d3c82f6cfd93ed235541ada6d6eb51f0d39684348f3288be619,1,P02,White,,full
placement-000525,12,42,full_56743987d41a3d3c.stl,56743987d41a3d3c82f6cfd93ed235541ada6d6eb51f0d39684348f3288be619,1,P02,White,,full
placement-000526,12,43,full_56743987d41a3d3c.stl,56743987d41a3d3c82f6cfd93ed235541ada6d6eb51f0d39684348f3288be619,1,P02,White,,full
placement-000527,12,44,cut_26dca3decc4b2104.stl,26dca3decc4b2104ab9ccca286936e25000f0ba36bed10ad58cac6bbe20422a7,1,P02,White,,edge_cut
placement-000528,13,1,cut_0d570a86719fc30c.stl,0d570a86719fc30c6600e155bb0c9f8fdca6824fe01667fca41ef4787f43da23,1,P02,White,,edge_cut
placement-000529,13,2,full_56743987d41a3d3c.stl,56743987d41a3d3c82f6cfd93ed235541ada6d6eb51f0d39684348f3288be619,1,P02,White,,full
placement-000530,13,3,full_56743987d41a3d3c.stl,56743987d41a3d3c82f6cfd93ed235541ada6d6eb51f0d39684348f3288be619,1,P02,White,,full
placement-000531,13,4,full_56743987d41a3d3c.stl,56743987d41a3d3c82f6cfd93ed235541ada6d6eb51f0d39684348f3288be619,1,P02,White,,full
placement-000532,13,5,full_56743987d41a3d3c.stl,56743987d41a3d3c82f6cfd93ed235541ada6d6eb51f0d39684348f3288be619,1,P02,White,,full
placement-000533,13,6,full_56743987d41a3d3c.stl,56743987d41a3d3c82f6cfd93ed235541ada6d6eb51f0d39684348f3288be619,0,P01,Black,,full
placement-000534,13,7,full_56743987d41a3d3c.stl,56743987d41a3d3c82f6cfd93ed235541ada6d6eb51f0d39684348f3288be619,0,P01,Black,,full
placement-000535,13,8,full_56743987d41a3d3c.stl,56743987d41a3d3c82f6cfd93ed235541ada6d6eb51f0d39684348f3288be619,0,P01,Black,,full
placement-000536,13,9,full_56743987d41a3d3c.stl,56743987d41a3d3c82f6cfd93ed235541ada6d6eb51f0d39684348f3288be619,0,P01,Black,,full
placement-000537,13,10,full_56743987d41a3d3c.stl,56743987d41a3d3c82f6cfd93ed235541ada6d6eb51f0d39684348f3288be619,1,P02,White,,full
placement-000538,13,11,full_56743987d41a3d3c.stl,56743987d41a3d3c82f6cfd93ed235541ada6d6eb51f0d39684348f3288be619,1,P02,White,,full
placement-000539,13,12,full_56743987d41a3d3c.stl,56743987d41a3d3c82f6cfd93ed235541ada6d6eb51f0d39684348f3288be619,1,P02,White,,full
placement-000540,13,13,full_56743987d41a3d3c.stl,56743987d41a3d3c82f6cfd93ed235541ada6d6eb51f0d39684348f3288be619,1,P02,White,,full
placement-000541,13,14,full_56743987d41a3d3c.stl,56743987d41a3d3c82f6cfd93ed235541ada6d6eb51f0d39684348f3288be619,1,P02,White,,full
placement-000542,13,15,full_56743987d41a3d3c.stl,56743987d41a3d3c82f6cfd93ed235541ada6d6eb51f0d39684348f3288be619,1,P02,White,,full
placement-000543,13,16,full_56743987d41a3d3c.stl,56743987d41a3d3c82f6cfd93ed235541ada6d6eb51f0d39684348f3288be619,1,P02,White,,full
placement-000544,13,17,full_56743987d41a3d3c.stl,56743987d41a3d3c82f6cfd93ed235541ada6d6eb51f0d39684348f3288be619,1,P02,White,,full
placement-000545,13,18,full_56743987d41a3d3c.stl,56743987d41a3d3c82f6cfd93ed235541ada6d6eb51f0d39684348f3288be619,1,P02,White,,full
placement-000546,13,19,full_56743987d41a3d3c.stl,56743987d41a3d3c82f6cfd93ed235541ada6d6eb51f0d39684348f3288be619,1,P02,White,,full
placement-000547,13,20,full_56743987d41a3d3c.stl,56743987d41a3d3c82f6cfd93ed235541ada6d6eb51f0d39684348f3288be619,0,P01,Black,,full
placement-000548,13,21,full_56743987d41a3d3c.stl,56743987d41a3d3c82f6cfd93ed235541ada6d6eb51f0d39684348f3288be619,0,P01,Black,,full
placement-000549,13,22,full_56743987d41a3d3c.stl,56743987d41a3d3c82f6cfd93ed235541ada6d6eb51f0d39684348f3288be619,0,P01,Black,,full
placement-000550,13,23,full_56743987d41a3d3c.stl,56743987d41a3d3c82f6cfd93ed235541ada6d6eb51f0d39684348f3288be619,0,P01,Black,,full
placement-000551,13,24,full_56743987d41a3d3c.stl,56743987d41a3d3c82f6cfd93ed235541ada6d6eb51f0d39684348f3288be619,0,P01,Black,,full
placement-000552,13,25,full_56743987d41a3d3c.stl,56743987d41a3d3c82f6cfd93ed235541ada6d6eb51f0d39684348f3288be619,0,P01,Black,,full
placement-000553,13,26,full_56743987d41a3d3c.stl,56743987d41a3d3c82f6cfd93ed235541ada6d6eb51f0d39684348f3288be619,0,P01,Black,,full
placement-000554,13,27,full_56743987d41a3d3c.stl,56743987d41a3d3c82f6cfd93ed235541ada6d6eb51f0d39684348f3288be619,0,P01,Black,,full
placement-000555,13,28,full_56743987d41a3d3c.stl,56743987d41a3d3c82f6cfd93ed235541ada6d6eb51f0d39684348f3288be619,1,P02,White,,full
placement-000556,13,29,full_56743987d41a3d3c.stl,56743987d41a3d3c82f6cfd93ed235541ada6d6eb51f0d39684348f3288be619,1,P02,White,,full
placement-000557,13,30,full_56743987d41a3d3c.stl,56743987d41a3d3c82f6cfd93ed235541ada6d6eb51f0d39684348f3288be619,1,P02,White,,full
placement-000558,13,31,full_56743987d41a3d3c.stl,56743987d41a3d3c82f6cfd93ed235541ada6d6eb51f0d39684348f3288be619,1,P02,White,,full
placement-000559,13,32,full_56743987d41a3d3c.stl,56743987d41a3d3c82f6cfd93ed235541ada6d6eb51f0d39684348f3288be619,1,P02,White,,full
placement-000560,13,33,full_56743987d41a3d3c.stl,56743987d41a3d3c82f6cfd93ed235541ada6d6eb51f0d39684348f3288be619,1,P02,White,,full
placement-000561,13,34,full_56743987d41a3d3c.stl,56743987d41a3d3c82f6cfd93ed235541ada6d6eb51f0d39684348f3288be619,1,P02,White,,full
placement-000562,13,35,full_56743987d41a3d3c.stl,56743987d41a3d3c82f6cfd93ed235541ada6d6eb51f0d39684348f3288be619,0,P01,Black,,full
placement-000563,13,36,full_56743987d41a3d3c.stl,56743987d41a3d3c82f6cfd93ed235541ada6d6eb51f0d39684348f3288be619,0,P01,Black,,full
placement-000564,13,37,full_56743987d41a3d3c.stl,56743987d41a3d3c82f6cfd93ed235541ada6d6eb51f0d39684348f3288be619,0,P01,Black,,full
placement-000565,13,38,full_56743987d41a3d3c.stl,56743987d41a3d3c82f6cfd93ed235541ada6d6eb51f0d39684348f3288be619,0,P01,Black,,full
placement-000566,13,39,full_56743987d41a3d3c.stl,56743987d41a3d3c82f6cfd93ed235541ada6d6eb51f0d39684348f3288be619,0,P01,Black,,full
placement-000567,13,40,full_56743987d41a3d3c.stl,56743987d41a3d3c82f6cfd93ed235541ada6d6eb51f0d39684348f3288be619,0,P01,Black,,full
placement-000568,13,41,full_56743987d41a3d3c.stl,56743987d41a3d3c82f6cfd93ed235541ada6d6eb51f0d39684348f3288be619,1,P02,White,,full
placement-000569,13,42,full_56743987d41a3d3c.stl,56743987d41a3d3c82f6cfd93ed235541ada6d6eb51f0d39684348f3288be619,1,P02,White,,full
placement-000570,13,43,full_56743987d41a3d3c.stl,56743987d41a3d3c82f6cfd93ed235541ada6d6eb51f0d39684348f3288be619,1,P02,White,,full
placement-000571,13,44,cut_3a4ceaf4f5962851.stl,3a4ceaf4f596285109244b7bfa8862ff4d965cbc47916b575b96ea38ed6008bd,1,P02,White,,edge_cut
placement-000572,14,1,cut_49677025bd830ab6.stl,49677025bd830ab6f6e204ff344e3e36350c91d280e55fb4ddc3a423c60b97e6,1,P02,White,,edge_cut
placement-000573,14,2,full_56743987d41a3d3c.stl,56743987d41a3d3c82f6cfd93ed235541ada6d6eb51f0d39684348f3288be619,1,P02,White,,full
placement-000574,14,3,full_56743987d41a3d3c.stl,56743987d41a3d3c82f6cfd93ed235541ada6d6eb51f0d39684348f3288be619,1,P02,White,,full
placement-000575,14,4,full_56743987d41a3d3c.stl,56743987d41a3d3c82f6cfd93ed235541ada6d6eb51f0d39684348f3288be619,1,P02,White,,full
placement-000576,14,5,full_56743987d41a3d3c.stl,56743987d41a3d3c82f6cfd93ed235541ada6d6eb51f0d39684348f3288be619,0,P01,Black,,full
placement-000577,14,6,full_56743987d41a3d3c.stl,56743987d41a3d3c82f6cfd93ed235541ada6d6eb51f0d39684348f3288be619,0,P01,Black,,full
placement-000578,14,7,full_56743987d41a3d3c.stl,56743987d41a3d3c82f6cfd93ed235541ada6d6eb51f0d39684348f3288be619,0,P01,Black,,full
placement-000579,14,8,full_56743987d41a3d3c.stl,56743987d41a3d3c82f6cfd93ed235541ada6d6eb51f0d39684348f3288be619,0,P01,Black,,full
placement-000580,14,9,full_56743987d41a3d3c.stl,56743987d41a3d3c82f6cfd93ed235541ada6d6eb51f0d39684348f3288be619,1,P02,White,,full
placement-000581,14,10,full_56743987d41a3d3c.stl,56743987d41a3d3c82f6cfd93ed235541ada6d6eb51f0d39684348f3288be619,1,P02,White,,full
placement-000582,14,11,full_56743987d41a3d3c.stl,56743987d41a3d3c82f6cfd93ed235541ada6d6eb51f0d39684348f3288be619,1,P02,White,,full
placement-000583,14,12,full_56743987d41a3d3c.stl,56743987d41a3d3c82f6cfd93ed235541ada6d6eb51f0d39684348f3288be619,1,P02,White,,full
placement-000584,14,13,full_56743987d41a3d3c.stl,56743987d41a3d3c82f6cfd93ed235541ada6d6eb51f0d39684348f3288be619,1,P02,White,,full
placement-000585,14,14,full_56743987d41a3d3c.stl,56743987d41a3d3c82f6cfd93ed235541ada6d6eb51f0d39684348f3288be619,1,P02,White,,full
placement-000586,14,15,full_56743987d41a3d3c.stl,56743987d41a3d3c82f6cfd93ed235541ada6d6eb51f0d39684348f3288be619,1,P02,White,,full
placement-000587,14,16,full_56743987d41a3d3c.stl,56743987d41a3d3c82f6cfd93ed235541ada6d6eb51f0d39684348f3288be619,1,P02,White,,full
placement-000588,14,17,full_56743987d41a3d3c.stl,56743987d41a3d3c82f6cfd93ed235541ada6d6eb51f0d39684348f3288be619,1,P02,White,,full
placement-000589,14,18,full_56743987d41a3d3c.stl,56743987d41a3d3c82f6cfd93ed235541ada6d6eb51f0d39684348f3288be619,1,P02,White,,full
placement-000590,14,19,full_56743987d41a3d3c.stl,56743987d41a3d3c82f6cfd93ed235541ada6d6eb51f0d39684348f3288be619,1,P02,White,,full
placement-000591,14,20,full_56743987d41a3d3c.stl,56743987d41a3d3c82f6cfd93ed235541ada6d6eb51f0d39684348f3288be619,0,P01,Black,,full
placement-000592,14,21,full_56743987d41a3d3c.stl,56743987d41a3d3c82f6cfd93ed235541ada6d6eb51f0d39684348f3288be619,0,P01,Black,,full
placement-000593,14,22,full_56743987d41a3d3c.stl,56743987d41a3d3c82f6cfd93ed235541ada6d6eb51f0d39684348f3288be619,0,P01,Black,,full
placement-000594,14,23,full_56743987d41a3d3c.stl,56743987d41a3d3c82f6cfd93ed235541ada6d6eb51f0d39684348f3288be619,0,P01,Black,,full
placement-000595,14,24,full_56743987d41a3d3c.stl,56743987d41a3d3c82f6cfd93ed235541ada6d6eb51f0d39684348f3288be619,0,P01,Black,,full
placement-000596,14,25,full_56743987d41a3d3c.stl,56743987d41a3d3c82f6cfd93ed235541ada6d6eb51f0d39684348f3288be619,0,P01,Black,,full
placement-000597,14,26,full_56743987d41a3d3c.stl,56743987d41a3d3c82f6cfd93ed235541ada6d6eb51f0d39684348f3288be619,0,P01,Black,,full
placement-000598,14,27,full_56743987d41a3d3c.stl,56743987d41a3d3c82f6cfd93ed235541ada6d6eb51f0d39684348f3288be619,0,P01,Black,,full
placement-000599,14,28,full_56743987d41a3d3c.stl,56743987d41a3d3c82f6cfd93ed235541ada6d6eb51f0d39684348f3288be619,1,P02,White,,full
placement-000600,14,29,full_56743987d41a3d3c.stl,56743987d41a3d3c82f6cfd93ed235541ada6d6eb51f0d39684348f3288be619,1,P02,White,,full
placement-000601,14,30,full_56743987d41a3d3c.stl,56743987d41a3d3c82f6cfd93ed235541ada6d6eb51f0d39684348f3288be619,1,P02,White,,full
placement-000602,14,31,full_56743987d41a3d3c.stl,56743987d41a3d3c82f6cfd93ed235541ada6d6eb51f0d39684348f3288be619,1,P02,White,,full
placement-000603,14,32,full_56743987d41a3d3c.stl,56743987d41a3d3c82f6cfd93ed235541ada6d6eb51f0d39684348f3288be619,1,P02,White,,full
placement-000604,14,33,full_56743987d41a3d3c.stl,56743987d41a3d3c82f6cfd93ed235541ada6d6eb51f0d39684348f3288be619,1,P02,White,,full
placement-000605,14,34,full_56743987d41a3d3c.stl,56743987d41a3d3c82f6cfd93ed235541ada6d6eb51f0d39684348f3288be619,1,P02,White,,full
placement-000606,14,35,full_56743987d41a3d3c.stl,56743987d41a3d3c82f6cfd93ed235541ada6d6eb51f0d39684348f3288be619,0,P01,Black,,full
placement-000607,14,36,full_56743987d41a3d3c.stl,56743987d41a3d3c82f6cfd93ed235541ada6d6eb51f0d39684348f3288be619,0,P01,Black,,full
placement-000608,14,37,full_56743987d41a3d3c.stl,56743987d41a3d3c82f6cfd93ed235541ada6d6eb51f0d39684348f3288be619,0,P01,Black,,full
placement-000609,14,38,full_56743987d41a3d3c.stl,56743987d41a3d3c82f6cfd93ed235541ada6d6eb51f0d39684348f3288be619,0,P01,Black,,full
placement-000610,14,39,full_56743987d41a3d3c.stl,56743987d41a3d3c82f6cfd93ed235541ada6d6eb51f0d39684348f3288be619,0,P01,Black,,full
placement-000611,14,40,full_56743987d41a3d3c.stl,56743987d41a3d3c82f6cfd93ed235541ada6d6eb51f0d39684348f3288be619,0,P01,Black,,full
placement-000612,14,41,full_56743987d41a3d3c.stl,56743987d41a3d3c82f6cfd93ed235541ada6d6eb51f0d39684348f3288be619,1,P02,White,,full
placement-000613,14,42,full_56743987d41a3d3c.stl,56743987d41a3d3c82f6cfd93ed235541ada6d6eb51f0d39684348f3288be619,1,P02,White,,full
placement-000614,14,43,full_56743987d41a3d3c.stl,56743987d41a3d3c82f6cfd93ed235541ada6d6eb51f0d39684348f3288be619,1,P02,White,,full
placement-000615,14,44,cut_26dca3decc4b2104.stl,26dca3decc4b2104ab9ccca286936e25000f0ba36bed10ad58cac6bbe20422a7,1,P02,White,,edge_cut
placement-000616,15,1,cut_0d570a86719fc30c.stl,0d570a86719fc30c6600e155bb0c9f8fdca6824fe01667fca41ef4787f43da23,1,P02,White,,edge_cut
placement-000617,15,2,full_56743987d41a3d3c.stl,56743987d41a3d3c82f6cfd93ed235541ada6d6eb51f0d39684348f3288be619,1,P02,White,,full
placement-000618,15,3,full_56743987d41a3d3c.stl,56743987d41a3d3c82f6cfd93ed235541ada6d6eb51f0d39684348f3288be619,1,P02,White,,full
placement-000619,15,4,full_56743987d41a3d3c.stl,56743987d41a3d3c82f6cfd93ed235541ada6d6eb51f0d39684348f3288be619,1,P02,White,,full
placement-000620,15,5,full_56743987d41a3d3c.stl,56743987d41a3d3c82f6cfd93ed235541ada6d6eb51f0d39684348f3288be619,0,P01,Black,,full
placement-000621,15,6,full_56743987d41a3d3c.stl,56743987d41a3d3c82f6cfd93ed235541ada6d6eb51f0d39684348f3288be619,0,P01,Black,,full
placement-000622,15,7,full_56743987d41a3d3c.stl,56743987d41a3d3c82f6cfd93ed235541ada6d6eb51f0d39684348f3288be619,0,P01,Black,,full
placement-000623,15,8,full_56743987d41a3d3c.stl,56743987d41a3d3c82f6cfd93ed235541ada6d6eb51f0d39684348f3288be619,0,P01,Black,,full
placement-000624,15,9,full_56743987d41a3d3c.stl,56743987d41a3d3c82f6cfd93ed235541ada6d6eb51f0d39684348f3288be619,1,P02,White,,full
placement-000625,15,10,full_56743987d41a3d3c.stl,56743987d41a3d3c82f6cfd93ed235541ada6d6eb51f0d39684348f3288be619,1,P02,White,,full
placement-000626,15,11,full_56743987d41a3d3c.stl,56743987d41a3d3c82f6cfd93ed235541ada6d6eb51f0d39684348f3288be619,1,P02,White,,full
placement-000627,15,12,full_56743987d41a3d3c.stl,56743987d41a3d3c82f6cfd93ed235541ada6d6eb51f0d39684348f3288be619,1,P02,White,,full
placement-000628,15,13,full_56743987d41a3d3c.stl,56743987d41a3d3c82f6cfd93ed235541ada6d6eb51f0d39684348f3288be619,1,P02,White,,full
placement-000629,15,14,full_56743987d41a3d3c.stl,56743987d41a3d3c82f6cfd93ed235541ada6d6eb51f0d39684348f3288be619,1,P02,White,,full
placement-000630,15,15,full_56743987d41a3d3c.stl,56743987d41a3d3c82f6cfd93ed235541ada6d6eb51f0d39684348f3288be619,1,P02,White,,full
placement-000631,15,16,full_56743987d41a3d3c.stl,56743987d41a3d3c82f6cfd93ed235541ada6d6eb51f0d39684348f3288be619,1,P02,White,,full
placement-000632,15,17,full_56743987d41a3d3c.stl,56743987d41a3d3c82f6cfd93ed235541ada6d6eb51f0d39684348f3288be619,1,P02,White,,full
placement-000633,15,18,full_56743987d41a3d3c.stl,56743987d41a3d3c82f6cfd93ed235541ada6d6eb51f0d39684348f3288be619,1,P02,White,,full
placement-000634,15,19,full_56743987d41a3d3c.stl,56743987d41a3d3c82f6cfd93ed235541ada6d6eb51f0d39684348f3288be619,1,P02,White,,full
placement-000635,15,20,full_56743987d41a3d3c.stl,56743987d41a3d3c82f6cfd93ed235541ada6d6eb51f0d39684348f3288be619,1,P02,White,,full
placement-000636,15,21,full_56743987d41a3d3c.stl,56743987d41a3d3c82f6cfd93ed235541ada6d6eb51f0d39684348f3288be619,0,P01,Black,,full
placement-000637,15,22,full_56743987d41a3d3c.stl,56743987d41a3d3c82f6cfd93ed235541ada6d6eb51f0d39684348f3288be619,0,P01,Black,,full
placement-000638,15,23,full_56743987d41a3d3c.stl,56743987d41a3d3c82f6cfd93ed235541ada6d6eb51f0d39684348f3288be619,0,P01,Black,,full
placement-000639,15,24,full_56743987d41a3d3c.stl,56743987d41a3d3c82f6cfd93ed235541ada6d6eb51f0d39684348f3288be619,0,P01,Black,,full
placement-000640,15,25,full_56743987d41a3d3c.stl,56743987d41a3d3c82f6cfd93ed235541ada6d6eb51f0d39684348f3288be619,0,P01,Black,,full
placement-000641,15,26,full_56743987d41a3d3c.stl,56743987d41a3d3c82f6cfd93ed235541ada6d6eb51f0d39684348f3288be619,0,P01,Black,,full
placement-000642,15,27,full_56743987d41a3d3c.stl,56743987d41a3d3c82f6cfd93ed235541ada6d6eb51f0d39684348f3288be619,0,P01,Black,,full
placement-000643,15,28,full_56743987d41a3d3c.stl,56743987d41a3d3c82f6cfd93ed235541ada6d6eb51f0d39684348f3288be619,0,P01,Black,,full
placement-000644,15,29,full_56743987d41a3d3c.stl,56743987d41a3d3c82f6cfd93ed235541ada6d6eb51f0d39684348f3288be619,1,P02,White,,full
placement-000645,15,30,full_56743987d41a3d3c.stl,56743987d41a3d3c82f6cfd93ed235541ada6d6eb51f0d39684348f3288be619,1,P02,White,,full
placement-000646,15,31,full_56743987d41a3d3c.stl,56743987d41a3d3c82f6cfd93ed235541ada6d6eb51f0d39684348f3288be619,1,P02,White,,full
placement-000647,15,32,full_56743987d41a3d3c.stl,56743987d41a3d3c82f6cfd93ed235541ada6d6eb51f0d39684348f3288be619,1,P02,White,,full
placement-000648,15,33,full_56743987d41a3d3c.stl,56743987d41a3d3c82f6cfd93ed235541ada6d6eb51f0d39684348f3288be619,1,P02,White,,full
placement-000649,15,34,full_56743987d41a3d3c.stl,56743987d41a3d3c82f6cfd93ed235541ada6d6eb51f0d39684348f3288be619,1,P02,White,,full
placement-000650,15,35,full_56743987d41a3d3c.stl,56743987d41a3d3c82f6cfd93ed235541ada6d6eb51f0d39684348f3288be619,1,P02,White,,full
placement-000651,15,36,full_56743987d41a3d3c.stl,56743987d41a3d3c82f6cfd93ed235541ada6d6eb51f0d39684348f3288be619,0,P01,Black,,full
placement-000652,15,37,full_56743987d41a3d3c.stl,56743987d41a3d3c82f6cfd93ed235541ada6d6eb51f0d39684348f3288be619,0,P01,Black,,full
placement-000653,15,38,full_56743987d41a3d3c.stl,56743987d41a3d3c82f6cfd93ed235541ada6d6eb51f0d39684348f3288be619,0,P01,Black,,full
placement-000654,15,39,full_56743987d41a3d3c.stl,56743987d41a3d3c82f6cfd93ed235541ada6d6eb51f0d39684348f3288be619,0,P01,Black,,full
placement-000655,15,40,full_56743987d41a3d3c.stl,56743987d41a3d3c82f6cfd93ed235541ada6d6eb51f0d39684348f3288be619,0,P01,Black,,full
placement-000656,15,41,full_56743987d41a3d3c.stl,56743987d41a3d3c82f6cfd93ed235541ada6d6eb51f0d39684348f3288be619,0,P01,Black,,full
placement-000657,15,42,full_56743987d41a3d3c.stl,56743987d41a3d3c82f6cfd93ed235541ada6d6eb51f0d39684348f3288be619,1,P02,White,,full
placement-000658,15,43,full_56743987d41a3d3c.stl,56743987d41a3d3c82f6cfd93ed235541ada6d6eb51f0d39684348f3288be619,1,P02,White,,full
placement-000659,15,44,cut_3a4ceaf4f5962851.stl,3a4ceaf4f596285109244b7bfa8862ff4d965cbc47916b575b96ea38ed6008bd,1,P02,White,,edge_cut
placement-000660,16,1,cut_49677025bd830ab6.stl,49677025bd830ab6f6e204ff344e3e36350c91d280e55fb4ddc3a423c60b97e6,1,P02,White,,edge_cut
placement-000661,16,2,full_56743987d41a3d3c.stl,56743987d41a3d3c82f6cfd93ed235541ada6d6eb51f0d39684348f3288be619,1,P02,White,,full
placement-000662,16,3,full_56743987d41a3d3c.stl,56743987d41a3d3c82f6cfd93ed235541ada6d6eb51f0d39684348f3288be619,1,P02,White,,full
placement-000663,16,4,full_56743987d41a3d3c.stl,56743987d41a3d3c82f6cfd93ed235541ada6d6eb51f0d39684348f3288be619,0,P01,Black,,full
placement-000664,16,5,full_56743987d41a3d3c.stl,56743987d41a3d3c82f6cfd93ed235541ada6d6eb51f0d39684348f3288be619,0,P01,Black,,full
placement-000665,16,6,full_56743987d41a3d3c.stl,56743987d41a3d3c82f6cfd93ed235541ada6d6eb51f0d39684348f3288be619,0,P01,Black,,full
placement-000666,16,7,full_56743987d41a3d3c.stl,56743987d41a3d3c82f6cfd93ed235541ada6d6eb51f0d39684348f3288be619,0,P01,Black,,full
placement-000667,16,8,full_56743987d41a3d3c.stl,56743987d41a3d3c82f6cfd93ed235541ada6d6eb51f0d39684348f3288be619,1,P02,White,,full
placement-000668,16,9,full_56743987d41a3d3c.stl,56743987d41a3d3c82f6cfd93ed235541ada6d6eb51f0d39684348f3288be619,1,P02,White,,full
placement-000669,16,10,full_56743987d41a3d3c.stl,56743987d41a3d3c82f6cfd93ed235541ada6d6eb51f0d39684348f3288be619,1,P02,White,,full
placement-000670,16,11,full_56743987d41a3d3c.stl,56743987d41a3d3c82f6cfd93ed235541ada6d6eb51f0d39684348f3288be619,1,P02,White,,full
placement-000671,16,12,full_56743987d41a3d3c.stl,56743987d41a3d3c82f6cfd93ed235541ada6d6eb51f0d39684348f3288be619,1,P02,White,,full
placement-000672,16,13,full_56743987d41a3d3c.stl,56743987d41a3d3c82f6cfd93ed235541ada6d6eb51f0d39684348f3288be619,1,P02,White,,full
placement-000673,16,14,full_56743987d41a3d3c.stl,56743987d41a3d3c82f6cfd93ed235541ada6d6eb51f0d39684348f3288be619,1,P02,White,,full
placement-000674,16,15,full_56743987d41a3d3c.stl,56743987d41a3d3c82f6cfd93ed235541ada6d6eb51f0d39684348f3288be619,1,P02,White,,full
placement-000675,16,16,full_56743987d41a3d3c.stl,56743987d41a3d3c82f6cfd93ed235541ada6d6eb51f0d39684348f3288be619,1,P02,White,,full
placement-000676,16,17,full_56743987d41a3d3c.stl,56743987d41a3d3c82f6cfd93ed235541ada6d6eb51f0d39684348f3288be619,1,P02,White,,full
placement-000677,16,18,full_56743987d41a3d3c.stl,56743987d41a3d3c82f6cfd93ed235541ada6d6eb51f0d39684348f3288be619,1,P02,White,,full
placement-000678,16,19,full_56743987d41a3d3c.stl,56743987d41a3d3c82f6cfd93ed235541ada6d6eb51f0d39684348f3288be619,1,P02,White,,full
placement-000679,16,20,full_56743987d41a3d3c.stl,56743987d41a3d3c82f6cfd93ed235541ada6d6eb51f0d39684348f3288be619,1,P02,White,,full
placement-000680,16,21,full_56743987d41a3d3c.stl,56743987d41a3d3c82f6cfd93ed235541ada6d6eb51f0d39684348f3288be619,0,P01,Black,,full
placement-000681,16,22,full_56743987d41a3d3c.stl,56743987d41a3d3c82f6cfd93ed235541ada6d6eb51f0d39684348f3288be619,0,P01,Black,,full
placement-000682,16,23,full_56743987d41a3d3c.stl,56743987d41a3d3c82f6cfd93ed235541ada6d6eb51f0d39684348f3288be619,0,P01,Black,,full
placement-000683,16,24,full_56743987d41a3d3c.stl,56743987d41a3d3c82f6cfd93ed235541ada6d6eb51f0d39684348f3288be619,0,P01,Black,,full
placement-000684,16,25,full_56743987d41a3d3c.stl,56743987d41a3d3c82f6cfd93ed235541ada6d6eb51f0d39684348f3288be619,0,P01,Black,,full
placement-000685,16,26,full_56743987d41a3d3c.stl,56743987d41a3d3c82f6cfd93ed235541ada6d6eb51f0d39684348f3288be619,0,P01,Black,,full
placement-000686,16,27,full_56743987d41a3d3c.stl,56743987d41a3d3c82f6cfd93ed235541ada6d6eb51f0d39684348f3288be619,0,P01,Black,,full
placement-000687,16,28,full_56743987d41a3d3c.stl,56743987d41a3d3c82f6cfd93ed235541ada6d6eb51f0d39684348f3288be619,0,P01,Black,,full
placement-000688,16,29,full_56743987d41a3d3c.stl,56743987d41a3d3c82f6cfd93ed235541ada6d6eb51f0d39684348f3288be619,1,P02,White,,full
placement-000689,16,30,full_56743987d41a3d3c.stl,56743987d41a3d3c82f6cfd93ed235541ada6d6eb51f0d39684348f3288be619,1,P02,White,,full
placement-000690,16,31,full_56743987d41a3d3c.stl,56743987d41a3d3c82f6cfd93ed235541ada6d6eb51f0d39684348f3288be619,1,P02,White,,full
placement-000691,16,32,full_56743987d41a3d3c.stl,56743987d41a3d3c82f6cfd93ed235541ada6d6eb51f0d39684348f3288be619,1,P02,White,,full
placement-000692,16,33,full_56743987d41a3d3c.stl,56743987d41a3d3c82f6cfd93ed235541ada6d6eb51f0d39684348f3288be619,1,P02,White,,full
placement-000693,16,34,full_56743987d41a3d3c.stl,56743987d41a3d3c82f6cfd93ed235541ada6d6eb51f0d39684348f3288be619,1,P02,White,,full
placement-000694,16,35,full_56743987d41a3d3c.stl,56743987d41a3d3c82f6cfd93ed235541ada6d6eb51f0d39684348f3288be619,1,P02,White,,full
placement-000695,16,36,full_56743987d41a3d3c.stl,56743987d41a3d3c82f6cfd93ed235541ada6d6eb51f0d39684348f3288be619,0,P01,Black,,full
placement-000696,16,37,full_56743987d41a3d3c.stl,56743987d41a3d3c82f6cfd93ed235541ada6d6eb51f0d39684348f3288be619,0,P01,Black,,full
placement-000697,16,38,full_56743987d41a3d3c.stl,56743987d41a3d3c82f6cfd93ed235541ada6d6eb51f0d39684348f3288be619,0,P01,Black,,full
placement-000698,16,39,full_56743987d41a3d3c.stl,56743987d41a3d3c82f6cfd93ed235541ada6d6eb51f0d39684348f3288be619,0,P01,Black,,full
placement-000699,16,40,full_56743987d41a3d3c.stl,56743987d41a3d3c82f6cfd93ed235541ada6d6eb51f0d39684348f3288be619,0,P01,Black,,full
placement-000700,16,41,full_56743987d41a3d3c.stl,56743987d41a3d3c82f6cfd93ed235541ada6d6eb51f0d39684348f3288be619,0,P01,Black,,full
placement-000701,16,42,full_56743987d41a3d3c.stl,56743987d41a3d3c82f6cfd93ed235541ada6d6eb51f0d39684348f3288be619,1,P02,White,,full
placement-000702,16,43,full_56743987d41a3d3c.stl,56743987d41a3d3c82f6cfd93ed235541ada6d6eb51f0d39684348f3288be619,1,P02,White,,full
placement-000703,16,44,cut_26dca3decc4b2104.stl,26dca3decc4b2104ab9ccca286936e25000f0ba36bed10ad58cac6bbe20422a7,1,P02,White,,edge_cut
placement-000704,17,1,cut_0d570a86719fc30c.stl,0d570a86719fc30c6600e155bb0c9f8fdca6824fe01667fca41ef4787f43da23,1,P02,White,,edge_cut
placement-000705,17,2,full_56743987d41a3d3c.stl,56743987d41a3d3c82f6cfd93ed235541ada6d6eb51f0d39684348f3288be619,1,P02,White,,full
placement-000706,17,3,full_56743987d41a3d3c.stl,56743987d41a3d3c82f6cfd93ed235541ada6d6eb51f0d39684348f3288be619,1,P02,White,,full
placement-000707,17,4,full_56743987d41a3d3c.stl,56743987d41a3d3c82f6cfd93ed235541ada6d6eb51f0d39684348f3288be619,0,P01,Black,,full
placement-000708,17,5,full_56743987d41a3d3c.stl,56743987d41a3d3c82f6cfd93ed235541ada6d6eb51f0d39684348f3288be619,0,P01,Black,,full
placement-000709,17,6,full_56743987d41a3d3c.stl,56743987d41a3d3c82f6cfd93ed235541ada6d6eb51f0d39684348f3288be619,0,P01,Black,,full
placement-000710,17,7,full_56743987d41a3d3c.stl,56743987d41a3d3c82f6cfd93ed235541ada6d6eb51f0d39684348f3288be619,0,P01,Black,,full
placement-000711,17,8,full_56743987d41a3d3c.stl,56743987d41a3d3c82f6cfd93ed235541ada6d6eb51f0d39684348f3288be619,1,P02,White,,full
placement-000712,17,9,full_56743987d41a3d3c.stl,56743987d41a3d3c82f6cfd93ed235541ada6d6eb51f0d39684348f3288be619,1,P02,White,,full
placement-000713,17,10,full_56743987d41a3d3c.stl,56743987d41a3d3c82f6cfd93ed235541ada6d6eb51f0d39684348f3288be619,1,P02,White,,full
placement-000714,17,11,full_56743987d41a3d3c.stl,56743987d41a3d3c82f6cfd93ed235541ada6d6eb51f0d39684348f3288be619,1,P02,White,,full
placement-000715,17,12,full_56743987d41a3d3c.stl,56743987d41a3d3c82f6cfd93ed235541ada6d6eb51f0d39684348f3288be619,1,P02,White,,full
placement-000716,17,13,full_56743987d41a3d3c.stl,56743987d41a3d3c82f6cfd93ed235541ada6d6eb51f0d39684348f3288be619,1,P02,White,,full
placement-000717,17,14,full_56743987d41a3d3c.stl,56743987d41a3d3c82f6cfd93ed235541ada6d6eb51f0d39684348f3288be619,1,P02,White,,full
placement-000718,17,15,full_56743987d41a3d3c.stl,56743987d41a3d3c82f6cfd93ed235541ada6d6eb51f0d39684348f3288be619,1,P02,White,,full
placement-000719,17,16,full_56743987d41a3d3c.stl,56743987d41a3d3c82f6cfd93ed235541ada6d6eb51f0d39684348f3288be619,1,P02,White,,full
placement-000720,17,17,full_56743987d41a3d3c.stl,56743987d41a3d3c82f6cfd93ed235541ada6d6eb51f0d39684348f3288be619,1,P02,White,,full
placement-000721,17,18,full_56743987d41a3d3c.stl,56743987d41a3d3c82f6cfd93ed235541ada6d6eb51f0d39684348f3288be619,1,P02,White,,full
placement-000722,17,19,full_56743987d41a3d3c.stl,56743987d41a3d3c82f6cfd93ed235541ada6d6eb51f0d39684348f3288be619,1,P02,White,,full
placement-000723,17,20,full_56743987d41a3d3c.stl,56743987d41a3d3c82f6cfd93ed235541ada6d6eb51f0d39684348f3288be619,1,P02,White,,full
placement-000724,17,21,full_56743987d41a3d3c.stl,56743987d41a3d3c82f6cfd93ed235541ada6d6eb51f0d39684348f3288be619,1,P02,White,,full
placement-000725,17,22,full_56743987d41a3d3c.stl,56743987d41a3d3c82f6cfd93ed235541ada6d6eb51f0d39684348f3288be619,0,P01,Black,,full
placement-000726,17,23,full_56743987d41a3d3c.stl,56743987d41a3d3c82f6cfd93ed235541ada6d6eb51f0d39684348f3288be619,0,P01,Black,,full
placement-000727,17,24,full_56743987d41a3d3c.stl,56743987d41a3d3c82f6cfd93ed235541ada6d6eb51f0d39684348f3288be619,0,P01,Black,,full
placement-000728,17,25,full_56743987d41a3d3c.stl,56743987d41a3d3c82f6cfd93ed235541ada6d6eb51f0d39684348f3288be619,0,P01,Black,,full
placement-000729,17,26,full_56743987d41a3d3c.stl,56743987d41a3d3c82f6cfd93ed235541ada6d6eb51f0d39684348f3288be619,0,P01,Black,,full
placement-000730,17,27,full_56743987d41a3d3c.stl,56743987d41a3d3c82f6cfd93ed235541ada6d6eb51f0d39684348f3288be619,0,P01,Black,,full
placement-000731,17,28,full_56743987d41a3d3c.stl,56743987d41a3d3c82f6cfd93ed235541ada6d6eb51f0d39684348f3288be619,0,P01,Black,,full
placement-000732,17,29,full_56743987d41a3d3c.stl,56743987d41a3d3c82f6cfd93ed235541ada6d6eb51f0d39684348f3288be619,0,P01,Black,,full
placement-000733,17,30,full_56743987d41a3d3c.stl,56743987d41a3d3c82f6cfd93ed235541ada6d6eb51f0d39684348f3288be619,1,P02,White,,full
placement-000734,17,31,full_56743987d41a3d3c.stl,56743987d41a3d3c82f6cfd93ed235541ada6d6eb51f0d39684348f3288be619,1,P02,White,,full
placement-000735,17,32,full_56743987d41a3d3c.stl,56743987d41a3d3c82f6cfd93ed235541ada6d6eb51f0d39684348f3288be619,1,P02,White,,full
placement-000736,17,33,full_56743987d41a3d3c.stl,56743987d41a3d3c82f6cfd93ed235541ada6d6eb51f0d39684348f3288be619,1,P02,White,,full
placement-000737,17,34,full_56743987d41a3d3c.stl,56743987d41a3d3c82f6cfd93ed235541ada6d6eb51f0d39684348f3288be619,1,P02,White,,full
placement-000738,17,35,full_56743987d41a3d3c.stl,56743987d41a3d3c82f6cfd93ed235541ada6d6eb51f0d39684348f3288be619,1,P02,White,,full
placement-000739,17,36,full_56743987d41a3d3c.stl,56743987d41a3d3c82f6cfd93ed235541ada6d6eb51f0d39684348f3288be619,1,P02,White,,full
placement-000740,17,37,full_56743987d41a3d3c.stl,56743987d41a3d3c82f6cfd93ed235541ada6d6eb51f0d39684348f3288be619,0,P01,Black,,full
placement-000741,17,38,full_56743987d41a3d3c.stl,56743987d41a3d3c82f6cfd93ed235541ada6d6eb51f0d39684348f3288be619,0,P01,Black,,full
placement-000742,17,39,full_56743987d41a3d3c.stl,56743987d41a3d3c82f6cfd93ed235541ada6d6eb51f0d39684348f3288be619,0,P01,Black,,full
placement-000743,17,40,full_56743987d41a3d3c.stl,56743987d41a3d3c82f6cfd93ed235541ada6d6eb51f0d39684348f3288be619,0,P01,Black,,full
placement-000744,17,41,full_56743987d41a3d3c.stl,56743987d41a3d3c82f6cfd93ed235541ada6d6eb51f0d39684348f3288be619,0,P01,Black,,full
placement-000745,17,42,full_56743987d41a3d3c.stl,56743987d41a3d3c82f6cfd93ed235541ada6d6eb51f0d39684348f3288be619,0,P01,Black,,full
placement-000746,17,43,full_56743987d41a3d3c.stl,56743987d41a3d3c82f6cfd93ed235541ada6d6eb51f0d39684348f3288be619,1,P02,White,,full
placement-000747,17,44,cut_3a4ceaf4f5962851.stl,3a4ceaf4f596285109244b7bfa8862ff4d965cbc47916b575b96ea38ed6008bd,1,P02,White,,edge_cut
placement-000748,18,1,cut_49677025bd830ab6.stl,49677025bd830ab6f6e204ff344e3e36350c91d280e55fb4ddc3a423c60b97e6,1,P02,White,,edge_cut
placement-000749,18,2,full_56743987d41a3d3c.stl,56743987d41a3d3c82f6cfd93ed235541ada6d6eb51f0d39684348f3288be619,1,P02,White,,full
placement-000750,18,3,full_56743987d41a3d3c.stl,56743987d41a3d3c82f6cfd93ed235541ada6d6eb51f0d39684348f3288be619,0,P01,Black,,full
placement-000751,18,4,full_56743987d41a3d3c.stl,56743987d41a3d3c82f6cfd93ed235541ada6d6eb51f0d39684348f3288be619,0,P01,Black,,full
placement-000752,18,5,full_56743987d41a3d3c.stl,56743987d41a3d3c82f6cfd93ed235541ada6d6eb51f0d39684348f3288be619,0,P01,Black,,full
placement-000753,18,6,full_56743987d41a3d3c.stl,56743987d41a3d3c82f6cfd93ed235541ada6d6eb51f0d39684348f3288be619,0,P01,Black,,full
placement-000754,18,7,full_56743987d41a3d3c.stl,56743987d41a3d3c82f6cfd93ed235541ada6d6eb51f0d39684348f3288be619,1,P02,White,,full
placement-000755,18,8,full_56743987d41a3d3c.stl,56743987d41a3d3c82f6cfd93ed235541ada6d6eb51f0d39684348f3288be619,1,P02,White,,full
placement-000756,18,9,full_56743987d41a3d3c.stl,56743987d41a3d3c82f6cfd93ed235541ada6d6eb51f0d39684348f3288be619,1,P02,White,,full
placement-000757,18,10,full_56743987d41a3d3c.stl,56743987d41a3d3c82f6cfd93ed235541ada6d6eb51f0d39684348f3288be619,1,P02,White,,full
placement-000758,18,11,full_56743987d41a3d3c.stl,56743987d41a3d3c82f6cfd93ed235541ada6d6eb51f0d39684348f3288be619,1,P02,White,,full
placement-000759,18,12,full_56743987d41a3d3c.stl,56743987d41a3d3c82f6cfd93ed235541ada6d6eb51f0d39684348f3288be619,1,P02,White,,full
placement-000760,18,13,full_56743987d41a3d3c.stl,56743987d41a3d3c82f6cfd93ed235541ada6d6eb51f0d39684348f3288be619,1,P02,White,,full
placement-000761,18,14,full_56743987d41a3d3c.stl,56743987d41a3d3c82f6cfd93ed235541ada6d6eb51f0d39684348f3288be619,1,P02,White,,full
placement-000762,18,15,full_56743987d41a3d3c.stl,56743987d41a3d3c82f6cfd93ed235541ada6d6eb51f0d39684348f3288be619,1,P02,White,,full
placement-000763,18,16,full_56743987d41a3d3c.stl,56743987d41a3d3c82f6cfd93ed235541ada6d6eb51f0d39684348f3288be619,1,P02,White,,full
placement-000764,18,17,full_56743987d41a3d3c.stl,56743987d41a3d3c82f6cfd93ed235541ada6d6eb51f0d39684348f3288be619,1,P02,White,,full
placement-000765,18,18,full_56743987d41a3d3c.stl,56743987d41a3d3c82f6cfd93ed235541ada6d6eb51f0d39684348f3288be619,1,P02,White,,full
placement-000766,18,19,full_56743987d41a3d3c.stl,56743987d41a3d3c82f6cfd93ed235541ada6d6eb51f0d39684348f3288be619,1,P02,White,,full
placement-000767,18,20,full_56743987d41a3d3c.stl,56743987d41a3d3c82f6cfd93ed235541ada6d6eb51f0d39684348f3288be619,1,P02,White,,full
placement-000768,18,21,full_56743987d41a3d3c.stl,56743987d41a3d3c82f6cfd93ed235541ada6d6eb51f0d39684348f3288be619,1,P02,White,,full
placement-000769,18,22,full_56743987d41a3d3c.stl,56743987d41a3d3c82f6cfd93ed235541ada6d6eb51f0d39684348f3288be619,0,P01,Black,,full
placement-000770,18,23,full_56743987d41a3d3c.stl,56743987d41a3d3c82f6cfd93ed235541ada6d6eb51f0d39684348f3288be619,0,P01,Black,,full
placement-000771,18,24,full_56743987d41a3d3c.stl,56743987d41a3d3c82f6cfd93ed235541ada6d6eb51f0d39684348f3288be619,0,P01,Black,,full
placement-000772,18,25,full_56743987d41a3d3c.stl,56743987d41a3d3c82f6cfd93ed235541ada6d6eb51f0d39684348f3288be619,0,P01,Black,,full
placement-000773,18,26,full_56743987d41a3d3c.stl,56743987d41a3d3c82f6cfd93ed235541ada6d6eb51f0d39684348f3288be619,0,P01,Black,,full
placement-000774,18,27,full_56743987d41a3d3c.stl,56743987d41a3d3c82f6cfd93ed235541ada6d6eb51f0d39684348f3288be619,0,P01,Black,,full
placement-000775,18,28,full_56743987d41a3d3c.stl,56743987d41a3d3c82f6cfd93ed235541ada6d6eb51f0d39684348f3288be619,0,P01,Black,,full
placement-000776,18,29,full_56743987d41a3d3c.stl,56743987d41a3d3c82f6cfd93ed235541ada6d6eb51f0d39684348f3288be619,0,P01,Black,,full
placement-000777,18,30,full_56743987d41a3d3c.stl,56743987d41a3d3c82f6cfd93ed235541ada6d6eb51f0d39684348f3288be619,1,P02,White,,full
placement-000778,18,31,full_56743987d41a3d3c.stl,56743987d41a3d3c82f6cfd93ed235541ada6d6eb51f0d39684348f3288be619,1,P02,White,,full
placement-000779,18,32,full_56743987d41a3d3c.stl,56743987d41a3d3c82f6cfd93ed235541ada6d6eb51f0d39684348f3288be619,1,P02,White,,full
placement-000780,18,33,full_56743987d41a3d3c.stl,56743987d41a3d3c82f6cfd93ed235541ada6d6eb51f0d39684348f3288be619,1,P02,White,,full
placement-000781,18,34,full_56743987d41a3d3c.stl,56743987d41a3d3c82f6cfd93ed235541ada6d6eb51f0d39684348f3288be619,1,P02,White,,full
placement-000782,18,35,full_56743987d41a3d3c.stl,56743987d41a3d3c82f6cfd93ed235541ada6d6eb51f0d39684348f3288be619,1,P02,White,,full
placement-000783,18,36,full_56743987d41a3d3c.stl,56743987d41a3d3c82f6cfd93ed235541ada6d6eb51f0d39684348f3288be619,1,P02,White,,full
placement-000784,18,37,full_56743987d41a3d3c.stl,56743987d41a3d3c82f6cfd93ed235541ada6d6eb51f0d39684348f3288be619,0,P01,Black,,full
placement-000785,18,38,full_56743987d41a3d3c.stl,56743987d41a3d3c82f6cfd93ed235541ada6d6eb51f0d39684348f3288be619,0,P01,Black,,full
placement-000786,18,39,full_56743987d41a3d3c.stl,56743987d41a3d3c82f6cfd93ed235541ada6d6eb51f0d39684348f3288be619,0,P01,Black,,full
placement-000787,18,40,full_56743987d41a3d3c.stl,56743987d41a3d3c82f6cfd93ed235541ada6d6eb51f0d39684348f3288be619,0,P01,Black,,full
placement-000788,18,41,full_56743987d41a3d3c.stl,56743987d41a3d3c82f6cfd93ed235541ada6d6eb51f0d39684348f3288be619,0,P01,Black,,full
placement-000789,18,42,full_56743987d41a3d3c.stl,56743987d41a3d3c82f6cfd93ed235541ada6d6eb51f0d39684348f3288be619,0,P01,Black,,full
placement-000790,18,43,full_56743987d41a3d3c.stl,56743987d41a3d3c82f6cfd93ed235541ada6d6eb51f0d39684348f3288be619,1,P02,White,,full
placement-000791,18,44,cut_26dca3decc4b2104.stl,26dca3decc4b2104ab9ccca286936e25000f0ba36bed10ad58cac6bbe20422a7,1,P02,White,,edge_cut
placement-000792,19,1,cut_9478aac5f626aaf2.stl,9478aac5f626aaf2bc962cf69a918439cb4e9eaef93b14e79ddc2422c7278f14,1,P02,White,,edge_cut
placement-000793,19,2,cut_67cec836229f3dc6.stl,67cec836229f3dc60a5be0031312e00c89771060feffeb2c7a5167546cf8d475,1,P02,White,,edge_cut
placement-000794,19,3,cut_67cec836229f3dc6.stl,67cec836229f3dc60a5be0031312e00c89771060feffeb2c7a5167546cf8d475,1,P02,White,,edge_cut
placement-000795,19,4,cut_67cec836229f3dc6.stl,67cec836229f3dc60a5be0031312e00c89771060feffeb2c7a5167546cf8d475,1,P02,White,,edge_cut
placement-000796,19,5,cut_67cec836229f3dc6.stl,67cec836229f3dc60a5be0031312e00c89771060feffeb2c7a5167546cf8d475,1,P02,White,,edge_cut
placement-000797,19,6,cut_67cec836229f3dc6.stl,67cec836229f3dc60a5be0031312e00c89771060feffeb2c7a5167546cf8d475,1,P02,White,,edge_cut
placement-000798,19,7,cut_67cec836229f3dc6.stl,67cec836229f3dc60a5be0031312e00c89771060feffeb2c7a5167546cf8d475,1,P02,White,,edge_cut
placement-000799,19,8,cut_67cec836229f3dc6.stl,67cec836229f3dc60a5be0031312e00c89771060feffeb2c7a5167546cf8d475,1,P02,White,,edge_cut
placement-000800,19,9,cut_67cec836229f3dc6.stl,67cec836229f3dc60a5be0031312e00c89771060feffeb2c7a5167546cf8d475,1,P02,White,,edge_cut
placement-000801,19,10,cut_67cec836229f3dc6.stl,67cec836229f3dc60a5be0031312e00c89771060feffeb2c7a5167546cf8d475,1,P02,White,,edge_cut
placement-000802,19,11,cut_67cec836229f3dc6.stl,67cec836229f3dc60a5be0031312e00c89771060feffeb2c7a5167546cf8d475,1,P02,White,,edge_cut
placement-000803,19,12,cut_67cec836229f3dc6.stl,67cec836229f3dc60a5be0031312e00c89771060feffeb2c7a5167546cf8d475,1,P02,White,,edge_cut
placement-000804,19,13,cut_67cec836229f3dc6.stl,67cec836229f3dc60a5be0031312e00c89771060feffeb2c7a5167546cf8d475,1,P02,White,,edge_cut
placement-000805,19,14,cut_67cec836229f3dc6.stl,67cec836229f3dc60a5be0031312e00c89771060feffeb2c7a5167546cf8d475,1,P02,White,,edge_cut
placement-000806,19,15,cut_67cec836229f3dc6.stl,67cec836229f3dc60a5be0031312e00c89771060feffeb2c7a5167546cf8d475,1,P02,White,,edge_cut
placement-000807,19,16,cut_67cec836229f3dc6.stl,67cec836229f3dc60a5be0031312e00c89771060feffeb2c7a5167546cf8d475,1,P02,White,,edge_cut
placement-000808,19,17,cut_67cec836229f3dc6.stl,67cec836229f3dc60a5be0031312e00c89771060feffeb2c7a5167546cf8d475,1,P02,White,,edge_cut
placement-000809,19,18,cut_67cec836229f3dc6.stl,67cec836229f3dc60a5be0031312e00c89771060feffeb2c7a5167546cf8d475,1,P02,White,,edge_cut
placement-000810,19,19,cut_67cec836229f3dc6.stl,67cec836229f3dc60a5be0031312e00c89771060feffeb2c7a5167546cf8d475,1,P02,White,,edge_cut
placement-000811,19,20,cut_67cec836229f3dc6.stl,67cec836229f3dc60a5be0031312e00c89771060feffeb2c7a5167546cf8d475,1,P02,White,,edge_cut
placement-000812,19,21,cut_67cec836229f3dc6.stl,67cec836229f3dc60a5be0031312e00c89771060feffeb2c7a5167546cf8d475,1,P02,White,,edge_cut
placement-000813,19,22,cut_67cec836229f3dc6.stl,67cec836229f3dc60a5be0031312e00c89771060feffeb2c7a5167546cf8d475,1,P02,White,,edge_cut
placement-000814,19,23,cut_67cec836229f3dc6.stl,67cec836229f3dc60a5be0031312e00c89771060feffeb2c7a5167546cf8d475,1,P02,White,,edge_cut
placement-000815,19,24,cut_67cec836229f3dc6.stl,67cec836229f3dc60a5be0031312e00c89771060feffeb2c7a5167546cf8d475,1,P02,White,,edge_cut
placement-000816,19,25,cut_67cec836229f3dc6.stl,67cec836229f3dc60a5be0031312e00c89771060feffeb2c7a5167546cf8d475,1,P02,White,,edge_cut
placement-000817,19,26,cut_67cec836229f3dc6.stl,67cec836229f3dc60a5be0031312e00c89771060feffeb2c7a5167546cf8d475,1,P02,White,,edge_cut
placement-000818,19,27,cut_67cec836229f3dc6.stl,67cec836229f3dc60a5be0031312e00c89771060feffeb2c7a5167546cf8d475,1,P02,White,,edge_cut
placement-000819,19,28,cut_67cec836229f3dc6.stl,67cec836229f3dc60a5be0031312e00c89771060feffeb2c7a5167546cf8d475,1,P02,White,,edge_cut
placement-000820,19,29,cut_67cec836229f3dc6.stl,67cec836229f3dc60a5be0031312e00c89771060feffeb2c7a5167546cf8d475,1,P02,White,,edge_cut
placement-000821,19,30,cut_67cec836229f3dc6.stl,67cec836229f3dc60a5be0031312e00c89771060feffeb2c7a5167546cf8d475,1,P02,White,,edge_cut
placement-000822,19,31,cut_67cec836229f3dc6.stl,67cec836229f3dc60a5be0031312e00c89771060feffeb2c7a5167546cf8d475,1,P02,White,,edge_cut
placement-000823,19,32,cut_67cec836229f3dc6.stl,67cec836229f3dc60a5be0031312e00c89771060feffeb2c7a5167546cf8d475,1,P02,White,,edge_cut
placement-000824,19,33,cut_67cec836229f3dc6.stl,67cec836229f3dc60a5be0031312e00c89771060feffeb2c7a5167546cf8d475,1,P02,White,,edge_cut
placement-000825,19,34,cut_67cec836229f3dc6.stl,67cec836229f3dc60a5be0031312e00c89771060feffeb2c7a5167546cf8d475,1,P02,White,,edge_cut
placement-000826,19,35,cut_67cec836229f3dc6.stl,67cec836229f3dc60a5be0031312e00c89771060feffeb2c7a5167546cf8d475,1,P02,White,,edge_cut
placement-000827,19,36,cut_67cec836229f3dc6.stl,67cec836229f3dc60a5be0031312e00c89771060feffeb2c7a5167546cf8d475,1,P02,White,,edge_cut
placement-000828,19,37,cut_67cec836229f3dc6.stl,67cec836229f3dc60a5be0031312e00c89771060feffeb2c7a5167546cf8d475,1,P02,White,,edge_cut
placement-000829,19,38,cut_67cec836229f3dc6.stl,67cec836229f3dc60a5be0031312e00c89771060feffeb2c7a5167546cf8d475,1,P02,White,,edge_cut
placement-000830,19,39,cut_67cec836229f3dc6.stl,67cec836229f3dc60a5be0031312e00c89771060feffeb2c7a5167546cf8d475,1,P02,White,,edge_cut
placement-000831,19,40,cut_67cec836229f3dc6.stl,67cec836229f3dc60a5be0031312e00c89771060feffeb2c7a5167546cf8d475,1,P02,White,,edge_cut
placement-000832,19,41,cut_67cec836229f3dc6.stl,67cec836229f3dc60a5be0031312e00c89771060feffeb2c7a5167546cf8d475,1,P02,White,,edge_cut
placement-000833,19,42,cut_67cec836229f3dc6.stl,67cec836229f3dc60a5be0031312e00c89771060feffeb2c7a5167546cf8d475,1,P02,White,,edge_cut
placement-000834,19,43,cut_67cec836229f3dc6.stl,67cec836229f3dc60a5be0031312e00c89771060feffeb2c7a5167546cf8d475,1,P02,White,,edge_cut
placement-000835,19,44,cut_089d959a5c7c9478.stl,089d959a5c7c9478106a845292e6b2c0854911776ab411d378ec2516306e477a,1,P02,White,,edge_cut
