solid panel-a1-tile-color-1
  facet normal 0 0 -1
    outer loop
      vertex 20.900000000 0.000000000 3.000000000
      vertex 0.900000000 0.000000000 3.000000000
      vertex 10.900000000 5.773502692 3.000000000
    endloop
  endfacet
  facet normal 0.5 0.866025404 0
    outer loop
      vertex 20.900000000 0.000000000 3.000000000
      vertex 10.900000000 5.773502692 3.000000000
      vertex 10.900000000 5.773502692 4.600000000
    endloop
  endfacet
  facet normal 0.5 0.866025404 -0
    outer loop
      vertex 20.900000000 0.000000000 3.000000000
      vertex 10.900000000 5.773502692 4.600000000
      vertex 20.900000000 0.000000000 4.600000000
    endloop
  endfacet
  facet normal -0.5 0.866025404 0
    outer loop
      vertex 10.900000000 5.773502692 3.000000000
      vertex 0.900000000 0.000000000 3.000000000
      vertex 0.900000000 0.000000000 4.600000000
    endloop
  endfacet
  facet normal -0.5 0.866025404 0
    outer loop
      vertex 10.900000000 5.773502692 3.000000000
      vertex 0.900000000 0.000000000 4.600000000
      vertex 10.900000000 5.773502692 4.600000000
    endloop
  endfacet
  facet normal 0.495722431 0.858616436 0.130526192
    outer loop
      vertex 20.900000000 0.000000000 4.600000000
      vertex 10.900000000 5.773502692 4.600000000
      vertex 10.900000000 5.742026319 4.807055236
    endloop
  endfacet
  facet normal 0.495722431 0.858616436 0.130526192
    outer loop
      vertex 20.900000000 0.000000000 4.600000000
      vertex 10.900000000 5.742026319 4.807055236
      vertex 20.845481322 0.000000000 4.807055236
    endloop
  endfacet
  facet normal -0.495722431 0.858616436 0.130526192
    outer loop
      vertex 10.900000000 5.773502692 4.600000000
      vertex 0.900000000 0.000000000 4.600000000
      vertex 0.954370468 0.000000000 4.806492352
    endloop
  endfacet
  facet normal -0.495722431 0.858616436 0.130526192
    outer loop
      vertex 10.900000000 5.773502692 4.600000000
      vertex 0.954370468 0.000000000 4.806492352
      vertex 0.954518678 0.000000000 4.807055236
    endloop
  endfacet
  facet normal -0.495722431 0.858616436 0.130526192
    outer loop
      vertex 10.900000000 5.773502692 4.600000000
      vertex 0.954518678 0.000000000 4.807055236
      vertex 10.900000000 5.742026319 4.807055236
    endloop
  endfacet
  facet normal 0.461939766 0.800103145 0.382683432
    outer loop
      vertex 20.845481322 0.000000000 4.807055236
      vertex 10.900000000 5.742026319 4.807055236
      vertex 10.900000000 5.649742261 5.000000000
    endloop
  endfacet
  facet normal 0.461939762 0.800103138 0.382683453
    outer loop
      vertex 20.845481322 0.000000000 4.807055236
      vertex 10.900000000 5.649742261 5.000000000
      vertex 20.845037299 0.000000000 4.807591219
    endloop
  endfacet
  facet normal 0.461939766 0.800103145 0.382683432
    outer loop
      vertex 20.845037299 0.000000000 4.807591219
      vertex 10.900000000 5.649742261 5.000000000
      vertex 20.685640646 0.000000000 5.000000000
    endloop
  endfacet
  facet normal -0.461939766 0.800103145 0.382683432
    outer loop
      vertex 10.900000000 5.742026319 4.807055236
      vertex 0.954518678 0.000000000 4.807055236
      vertex 1.112655161 0.000000000 4.997942857
    endloop
  endfacet
  facet normal -0.461939767 0.800103147 0.382683427
    outer loop
      vertex 10.900000000 5.742026319 4.807055236
      vertex 1.112655161 0.000000000 4.997942857
      vertex 1.114359354 0.000000000 5.000000000
    endloop
  endfacet
  facet normal -0.461939766 0.800103145 0.382683432
    outer loop
      vertex 10.900000000 5.742026319 4.807055236
      vertex 1.114359354 0.000000000 5.000000000
      vertex 10.900000000 5.649742261 5.000000000
    endloop
  endfacet
  facet normal 0.39667667 0.687064147 0.608761429
    outer loop
      vertex 20.685640646 0.000000000 5.000000000
      vertex 10.900000000 5.649742261 5.000000000
      vertex 10.900000000 5.502939526 5.165685425
    endloop
  endfacet
  facet normal 0.39667667 0.687064147 0.608761429
    outer loop
      vertex 20.685640646 0.000000000 5.000000000
      vertex 10.900000000 5.502939526 5.165685425
      vertex 20.682813192 0.000000000 5.001842405
    endloop
  endfacet
  facet normal 0.39667667 0.687064147 0.608761429
    outer loop
      vertex 20.682813192 0.000000000 5.001842405
      vertex 10.900000000 5.502939526 5.165685425
      vertex 20.431370850 0.000000000 5.165685425
    endloop
  endfacet
  facet normal -0.39667667 0.687064147 0.608761429
    outer loop
      vertex 10.900000000 5.649742261 5.000000000
      vertex 1.114359354 0.000000000 5.000000000
      vertex 1.362683104 0.000000000 5.161810906
    endloop
  endfacet
  facet normal -0.396676669 0.687064145 0.608761432
    outer loop
      vertex 10.900000000 5.649742261 5.000000000
      vertex 1.362683104 0.000000000 5.161810906
      vertex 1.368629150 0.000000000 5.165685425
    endloop
  endfacet
  facet normal -0.39667667 0.687064147 0.608761429
    outer loop
      vertex 10.900000000 5.649742261 5.000000000
      vertex 1.368629150 0.000000000 5.165685425
      vertex 10.900000000 5.502939526 5.165685425
    endloop
  endfacet
  facet normal 0.304380714 0.527202862 0.79335334
    outer loop
      vertex 20.431370850 0.000000000 5.165685425
      vertex 10.900000000 5.502939526 5.165685425
      vertex 10.900000000 5.311622477 5.292820323
    endloop
  endfacet
  facet normal 0.304380713 0.527202861 0.793353342
    outer loop
      vertex 20.431370850 0.000000000 5.165685425
      vertex 10.900000000 5.311622477 5.292820323
      vertex 20.423140785 0.000000000 5.168843000
    endloop
  endfacet
  facet normal 0.304380714 0.527202862 0.79335334
    outer loop
      vertex 20.423140785 0.000000000 5.168843000
      vertex 10.900000000 5.311622477 5.292820323
      vertex 20.100000000 0.000000000 5.292820323
    endloop
  endfacet
  facet normal -0.304380714 0.527202862 0.79335334
    outer loop
      vertex 10.900000000 5.502939526 5.165685425
      vertex 1.368629150 0.000000000 5.165685425
      vertex 1.686653571 0.000000000 5.287699785
    endloop
  endfacet
  facet normal -0.304380713 0.52720286 0.793353342
    outer loop
      vertex 10.900000000 5.502939526 5.165685425
      vertex 1.686653571 0.000000000 5.287699785
      vertex 1.700000000 0.000000000 5.292820323
    endloop
  endfacet
  facet normal -0.304380714 0.527202862 0.79335334
    outer loop
      vertex 10.900000000 5.502939526 5.165685425
      vertex 1.700000000 0.000000000 5.292820323
      vertex 10.900000000 5.311622477 5.292820323
    endloop
  endfacet
  facet normal 0.191341716 0.331413574 0.923879533
    outer loop
      vertex 20.100000000 0.000000000 5.292820323
      vertex 10.900000000 5.311622477 5.292820323
      vertex 10.900000000 5.088829054 5.372740661
    endloop
  endfacet
  facet normal 0.191341715 0.331413573 0.923879533
    outer loop
      vertex 20.100000000 0.000000000 5.292820323
      vertex 10.900000000 5.088829054 5.372740661
      vertex 20.083247888 0.000000000 5.296289799
    endloop
  endfacet
  facet normal 0.191341716 0.331413574 0.923879532
    outer loop
      vertex 20.083247888 0.000000000 5.296289799
      vertex 10.900000000 5.088829054 5.372740661
      vertex 19.714110472 0.000000000 5.372740661
    endloop
  endfacet
  facet normal -0.191341716 0.331413574 0.923879532
    outer loop
      vertex 10.900000000 5.311622477 5.292820323
      vertex 1.700000000 0.000000000 5.292820323
      vertex 2.062524628 0.000000000 5.367901632
    endloop
  endfacet
  facet normal -0.191341715 0.331413572 0.923879533
    outer loop
      vertex 10.900000000 5.311622477 5.292820323
      vertex 2.062524628 0.000000000 5.367901632
      vertex 2.085889528 0.000000000 5.372740661
    endloop
  endfacet
  facet normal -0.191341716 0.331413574 0.923879533
    outer loop
      vertex 10.900000000 5.311622477 5.292820323
      vertex 2.085889528 0.000000000 5.372740661
      vertex 10.900000000 5.088829054 5.372740661
    endloop
  endfacet
  facet normal 0.0652630962 0.113038998 0.991444861
    outer loop
      vertex 19.714110472 0.000000000 5.372740661
      vertex 10.900000000 5.088829054 5.372740661
      vertex 10.900000000 4.849742261 5.400000000
    endloop
  endfacet
  facet normal 0.0652630957 0.113038998 0.991444861
    outer loop
      vertex 19.714110472 0.000000000 5.372740661
      vertex 10.900000000 4.849742261 5.400000000
      vertex 19.686806331 0.000000000 5.374537990
    endloop
  endfacet
  facet normal 0.0652630962 0.113038998 0.991444861
    outer loop
      vertex 19.686806331 0.000000000 5.374537990
      vertex 10.900000000 4.849742261 5.400000000
      vertex 19.300000000 0.000000000 5.400000000
    endloop
  endfacet
  facet normal -0.0652630961 0.113038998 0.991444861
    outer loop
      vertex 10.900000000 5.088829054 5.372740661
      vertex 2.085889528 0.000000000 5.372740661
      vertex 2.465541443 0.000000000 5.397731722
    endloop
  endfacet
  facet normal -0.0652630969 0.113039 0.991444861
    outer loop
      vertex 10.900000000 5.088829054 5.372740661
      vertex 2.465541443 0.000000000 5.397731722
      vertex 2.500000000 0.000000000 5.400000000
    endloop
  endfacet
  facet normal -0.0652630962 0.113038998 0.991444861
    outer loop
      vertex 10.900000000 5.088829054 5.372740661
      vertex 2.500000000 0.000000000 5.400000000
      vertex 10.900000000 4.849742261 5.400000000
    endloop
  endfacet
  facet normal 0 0 1
    outer loop
      vertex 19.300000000 0.000000000 5.400000000
      vertex 10.900000000 4.849742261 5.400000000
      vertex 2.500000000 0.000000000 5.400000000
    endloop
  endfacet
  facet normal 0 -1 -0
    outer loop
      vertex 10.900000000 0.000000000 4.829787706
      vertex 0.900000000 0.000000000 3.000000000
      vertex 20.900000000 0.000000000 3.000000000
    endloop
  endfacet
  facet normal 0 -1 0
    outer loop
      vertex 10.900000000 0.000000000 4.829787706
      vertex 20.900000000 0.000000000 3.000000000
      vertex 20.900000000 0.000000000 4.600000000
    endloop
  endfacet
  facet normal 0 -1 0
    outer loop
      vertex 10.900000000 0.000000000 4.829787706
      vertex 20.900000000 0.000000000 4.600000000
      vertex 20.845481322 0.000000000 4.807055236
    endloop
  endfacet
  facet normal 0 -1 0
    outer loop
      vertex 10.900000000 0.000000000 4.829787706
      vertex 20.845481322 0.000000000 4.807055236
      vertex 20.845037299 0.000000000 4.807591219
    endloop
  endfacet
  facet normal 0 -1 0
    outer loop
      vertex 10.900000000 0.000000000 4.829787706
      vertex 20.845037299 0.000000000 4.807591219
      vertex 20.685640646 0.000000000 5.000000000
    endloop
  endfacet
  facet normal 0 -1 0
    outer loop
      vertex 10.900000000 0.000000000 4.829787706
      vertex 20.685640646 0.000000000 5.000000000
      vertex 20.682813192 0.000000000 5.001842405
    endloop
  endfacet
  facet normal 0 -1 0
    outer loop
      vertex 10.900000000 0.000000000 4.829787706
      vertex 20.682813192 0.000000000 5.001842405
      vertex 20.431370850 0.000000000 5.165685425
    endloop
  endfacet
  facet normal 0 -1 0
    outer loop
      vertex 10.900000000 0.000000000 4.829787706
      vertex 20.431370850 0.000000000 5.165685425
      vertex 20.423140785 0.000000000 5.168843000
    endloop
  endfacet
  facet normal 0 -1 0
    outer loop
      vertex 10.900000000 0.000000000 4.829787706
      vertex 20.423140785 0.000000000 5.168843000
      vertex 20.100000000 0.000000000 5.292820323
    endloop
  endfacet
  facet normal 0 -1 0
    outer loop
      vertex 10.900000000 0.000000000 4.829787706
      vertex 20.100000000 0.000000000 5.292820323
      vertex 20.083247888 0.000000000 5.296289799
    endloop
  endfacet
  facet normal 0 -1 0
    outer loop
      vertex 10.900000000 0.000000000 4.829787706
      vertex 20.083247888 0.000000000 5.296289799
      vertex 19.714110472 0.000000000 5.372740661
    endloop
  endfacet
  facet normal 0 -1 0
    outer loop
      vertex 10.900000000 0.000000000 4.829787706
      vertex 19.714110472 0.000000000 5.372740661
      vertex 19.686806331 0.000000000 5.374537990
    endloop
  endfacet
  facet normal 0 -1 0
    outer loop
      vertex 10.900000000 0.000000000 4.829787706
      vertex 19.686806331 0.000000000 5.374537990
      vertex 19.300000000 0.000000000 5.400000000
    endloop
  endfacet
  facet normal 0 -1 0
    outer loop
      vertex 10.900000000 0.000000000 4.829787706
      vertex 19.300000000 0.000000000 5.400000000
      vertex 2.500000000 0.000000000 5.400000000
    endloop
  endfacet
  facet normal 0 -1 0
    outer loop
      vertex 10.900000000 0.000000000 4.829787706
      vertex 2.500000000 0.000000000 5.400000000
      vertex 2.465541443 0.000000000 5.397731722
    endloop
  endfacet
  facet normal 0 -1 0
    outer loop
      vertex 10.900000000 0.000000000 4.829787706
      vertex 2.465541443 0.000000000 5.397731722
      vertex 2.085889528 0.000000000 5.372740661
    endloop
  endfacet
  facet normal 0 -1 0
    outer loop
      vertex 10.900000000 0.000000000 4.829787706
      vertex 2.085889528 0.000000000 5.372740661
      vertex 2.062524628 0.000000000 5.367901632
    endloop
  endfacet
  facet normal 0 -1 0
    outer loop
      vertex 10.900000000 0.000000000 4.829787706
      vertex 2.062524628 0.000000000 5.367901632
      vertex 1.700000000 0.000000000 5.292820323
    endloop
  endfacet
  facet normal 0 -1 0
    outer loop
      vertex 10.900000000 0.000000000 4.829787706
      vertex 1.700000000 0.000000000 5.292820323
      vertex 1.686653571 0.000000000 5.287699785
    endloop
  endfacet
  facet normal 0 -1 0
    outer loop
      vertex 10.900000000 0.000000000 4.829787706
      vertex 1.686653571 0.000000000 5.287699785
      vertex 1.368629150 0.000000000 5.165685425
    endloop
  endfacet
  facet normal 0 -1 0
    outer loop
      vertex 10.900000000 0.000000000 4.829787706
      vertex 1.368629150 0.000000000 5.165685425
      vertex 1.362683104 0.000000000 5.161810906
    endloop
  endfacet
  facet normal 0 -1 0
    outer loop
      vertex 10.900000000 0.000000000 4.829787706
      vertex 1.362683104 0.000000000 5.161810906
      vertex 1.114359354 0.000000000 5.000000000
    endloop
  endfacet
  facet normal 0 -1 0
    outer loop
      vertex 10.900000000 0.000000000 4.829787706
      vertex 1.114359354 0.000000000 5.000000000
      vertex 1.112655161 0.000000000 4.997942857
    endloop
  endfacet
  facet normal -0 -1 0
    outer loop
      vertex 10.900000000 0.000000000 4.829787706
      vertex 1.112655161 0.000000000 4.997942857
      vertex 0.954518678 0.000000000 4.807055236
    endloop
  endfacet
  facet normal 0 -1 0
    outer loop
      vertex 10.900000000 0.000000000 4.829787706
      vertex 0.954518678 0.000000000 4.807055236
      vertex 0.954370468 0.000000000 4.806492352
    endloop
  endfacet
  facet normal 0 -1 0
    outer loop
      vertex 10.900000000 0.000000000 4.829787706
      vertex 0.954370468 0.000000000 4.806492352
      vertex 0.900000000 0.000000000 4.600000000
    endloop
  endfacet
  facet normal 0 -1 0
    outer loop
      vertex 10.900000000 0.000000000 4.829787706
      vertex 0.900000000 0.000000000 4.600000000
      vertex 0.900000000 0.000000000 3.000000000
    endloop
  endfacet
  facet normal 0 0 -1
    outer loop
      vertex 42.700000000 0.000000000 3.000000000
      vertex 22.700000000 0.000000000 3.000000000
      vertex 32.700000000 5.773502692 3.000000000
    endloop
  endfacet
  facet normal 0.5 0.866025404 0
    outer loop
      vertex 42.700000000 0.000000000 3.000000000
      vertex 32.700000000 5.773502692 3.000000000
      vertex 32.700000000 5.773502692 4.600000000
    endloop
  endfacet
  facet normal 0.5 0.866025404 -0
    outer loop
      vertex 42.700000000 0.000000000 3.000000000
      vertex 32.700000000 5.773502692 4.600000000
      vertex 42.700000000 0.000000000 4.600000000
    endloop
  endfacet
  facet normal -0.5 0.866025404 0
    outer loop
      vertex 32.700000000 5.773502692 3.000000000
      vertex 22.700000000 0.000000000 3.000000000
      vertex 22.700000000 0.000000000 4.600000000
    endloop
  endfacet
  facet normal -0.5 0.866025404 0
    outer loop
      vertex 32.700000000 5.773502692 3.000000000
      vertex 22.700000000 0.000000000 4.600000000
      vertex 32.700000000 5.773502692 4.600000000
    endloop
  endfacet
  facet normal 0.495722431 0.858616436 0.130526192
    outer loop
      vertex 42.700000000 0.000000000 4.600000000
      vertex 32.700000000 5.773502692 4.600000000
      vertex 32.700000000 5.742026319 4.807055236
    endloop
  endfacet
  facet normal 0.495722431 0.858616436 0.130526192
    outer loop
      vertex 42.700000000 0.000000000 4.600000000
      vertex 32.700000000 5.742026319 4.807055236
      vertex 42.645481322 0.000000000 4.807055236
    endloop
  endfacet
  facet normal -0.495722431 0.858616436 0.130526192
    outer loop
      vertex 32.700000000 5.773502692 4.600000000
      vertex 22.700000000 0.000000000 4.600000000
      vertex 22.754370468 0.000000000 4.806492352
    endloop
  endfacet
  facet normal -0.495722431 0.858616436 0.130526192
    outer loop
      vertex 32.700000000 5.773502692 4.600000000
      vertex 22.754370468 0.000000000 4.806492352
      vertex 22.754518678 0.000000000 4.807055236
    endloop
  endfacet
  facet normal -0.495722431 0.858616436 0.130526192
    outer loop
      vertex 32.700000000 5.773502692 4.600000000
      vertex 22.754518678 0.000000000 4.807055236
      vertex 32.700000000 5.742026319 4.807055236
    endloop
  endfacet
  facet normal 0.461939766 0.800103145 0.382683432
    outer loop
      vertex 42.645481322 0.000000000 4.807055236
      vertex 32.700000000 5.742026319 4.807055236
      vertex 32.700000000 5.649742261 5.000000000
    endloop
  endfacet
  facet normal 0.461939762 0.800103138 0.382683453
    outer loop
      vertex 42.645481322 0.000000000 4.807055236
      vertex 32.700000000 5.649742261 5.000000000
      vertex 42.645037299 0.000000000 4.807591219
    endloop
  endfacet
  facet normal 0.461939766 0.800103145 0.382683432
    outer loop
      vertex 42.645037299 0.000000000 4.807591219
      vertex 32.700000000 5.649742261 5.000000000
      vertex 42.485640646 0.000000000 5.000000000
    endloop
  endfacet
  facet normal -0.461939766 0.800103145 0.382683432
    outer loop
      vertex 32.700000000 5.742026319 4.807055236
      vertex 22.754518678 0.000000000 4.807055236
      vertex 22.912655161 0.000000000 4.997942857
    endloop
  endfacet
  facet normal -0.461939767 0.800103147 0.382683427
    outer loop
      vertex 32.700000000 5.742026319 4.807055236
      vertex 22.912655161 0.000000000 4.997942857
      vertex 22.914359354 0.000000000 5.000000000
    endloop
  endfacet
  facet normal -0.461939766 0.800103145 0.382683432
    outer loop
      vertex 32.700000000 5.742026319 4.807055236
      vertex 22.914359354 0.000000000 5.000000000
      vertex 32.700000000 5.649742261 5.000000000
    endloop
  endfacet
  facet normal 0.39667667 0.687064147 0.608761429
    outer loop
      vertex 42.485640646 0.000000000 5.000000000
      vertex 32.700000000 5.649742261 5.000000000
      vertex 32.700000000 5.502939526 5.165685425
    endloop
  endfacet
  facet normal 0.39667667 0.687064147 0.608761429
    outer loop
      vertex 42.485640646 0.000000000 5.000000000
      vertex 32.700000000 5.502939526 5.165685425
      vertex 42.482813192 0.000000000 5.001842405
    endloop
  endfacet
  facet normal 0.39667667 0.687064147 0.608761429
    outer loop
      vertex 42.482813192 0.000000000 5.001842405
      vertex 32.700000000 5.502939526 5.165685425
      vertex 42.231370850 0.000000000 5.165685425
    endloop
  endfacet
  facet normal -0.39667667 0.687064147 0.608761429
    outer loop
      vertex 32.700000000 5.649742261 5.000000000
      vertex 22.914359354 0.000000000 5.000000000
      vertex 23.162683104 0.000000000 5.161810906
    endloop
  endfacet
  facet normal -0.396676669 0.687064145 0.608761432
    outer loop
      vertex 32.700000000 5.649742261 5.000000000
      vertex 23.162683104 0.000000000 5.161810906
      vertex 23.168629150 0.000000000 5.165685425
    endloop
  endfacet
  facet normal -0.39667667 0.687064147 0.608761429
    outer loop
      vertex 32.700000000 5.649742261 5.000000000
      vertex 23.168629150 0.000000000 5.165685425
      vertex 32.700000000 5.502939526 5.165685425
    endloop
  endfacet
  facet normal 0.304380714 0.527202862 0.79335334
    outer loop
      vertex 42.231370850 0.000000000 5.165685425
      vertex 32.700000000 5.502939526 5.165685425
      vertex 32.700000000 5.311622477 5.292820323
    endloop
  endfacet
  facet normal 0.304380713 0.527202861 0.793353342
    outer loop
      vertex 42.231370850 0.000000000 5.165685425
      vertex 32.700000000 5.311622477 5.292820323
      vertex 42.223140785 0.000000000 5.168843000
    endloop
  endfacet
  facet normal 0.304380714 0.527202862 0.79335334
    outer loop
      vertex 42.223140785 0.000000000 5.168843000
      vertex 32.700000000 5.311622477 5.292820323
      vertex 41.900000000 0.000000000 5.292820323
    endloop
  endfacet
  facet normal -0.304380714 0.527202862 0.79335334
    outer loop
      vertex 32.700000000 5.502939526 5.165685425
      vertex 23.168629150 0.000000000 5.165685425
      vertex 23.486653571 0.000000000 5.287699785
    endloop
  endfacet
  facet normal -0.304380713 0.52720286 0.793353342
    outer loop
      vertex 32.700000000 5.502939526 5.165685425
      vertex 23.486653571 0.000000000 5.287699785
      vertex 23.500000000 0.000000000 5.292820323
    endloop
  endfacet
  facet normal -0.304380714 0.527202862 0.79335334
    outer loop
      vertex 32.700000000 5.502939526 5.165685425
      vertex 23.500000000 0.000000000 5.292820323
      vertex 32.700000000 5.311622477 5.292820323
    endloop
  endfacet
  facet normal 0.191341716 0.331413574 0.923879533
    outer loop
      vertex 41.900000000 0.000000000 5.292820323
      vertex 32.700000000 5.311622477 5.292820323
      vertex 32.700000000 5.088829054 5.372740661
    endloop
  endfacet
  facet normal 0.191341715 0.331413573 0.923879533
    outer loop
      vertex 41.900000000 0.000000000 5.292820323
      vertex 32.700000000 5.088829054 5.372740661
      vertex 41.883247888 0.000000000 5.296289799
    endloop
  endfacet
  facet normal 0.191341716 0.331413574 0.923879532
    outer loop
      vertex 41.883247888 0.000000000 5.296289799
      vertex 32.700000000 5.088829054 5.372740661
      vertex 41.514110472 0.000000000 5.372740661
    endloop
  endfacet
  facet normal -0.191341716 0.331413574 0.923879532
    outer loop
      vertex 32.700000000 5.311622477 5.292820323
      vertex 23.500000000 0.000000000 5.292820323
      vertex 23.862524628 0.000000000 5.367901632
    endloop
  endfacet
  facet normal -0.191341715 0.331413572 0.923879533
    outer loop
      vertex 32.700000000 5.311622477 5.292820323
      vertex 23.862524628 0.000000000 5.367901632
      vertex 23.885889528 0.000000000 5.372740661
    endloop
  endfacet
  facet normal -0.191341716 0.331413574 0.923879533
    outer loop
      vertex 32.700000000 5.311622477 5.292820323
      vertex 23.885889528 0.000000000 5.372740661
      vertex 32.700000000 5.088829054 5.372740661
    endloop
  endfacet
  facet normal 0.0652630962 0.113038998 0.991444861
    outer loop
      vertex 41.514110472 0.000000000 5.372740661
      vertex 32.700000000 5.088829054 5.372740661
      vertex 32.700000000 4.849742261 5.400000000
    endloop
  endfacet
  facet normal 0.0652630957 0.113038998 0.991444861
    outer loop
      vertex 41.514110472 0.000000000 5.372740661
      vertex 32.700000000 4.849742261 5.400000000
      vertex 41.486806331 0.000000000 5.374537990
    endloop
  endfacet
  facet normal 0.0652630962 0.113038998 0.991444861
    outer loop
      vertex 41.486806331 0.000000000 5.374537990
      vertex 32.700000000 4.849742261 5.400000000
      vertex 41.100000000 0.000000000 5.400000000
    endloop
  endfacet
  facet normal -0.0652630961 0.113038998 0.991444861
    outer loop
      vertex 32.700000000 5.088829054 5.372740661
      vertex 23.885889528 0.000000000 5.372740661
      vertex 24.265541443 0.000000000 5.397731722
    endloop
  endfacet
  facet normal -0.0652630969 0.113039 0.991444861
    outer loop
      vertex 32.700000000 5.088829054 5.372740661
      vertex 24.265541443 0.000000000 5.397731722
      vertex 24.300000000 0.000000000 5.400000000
    endloop
  endfacet
  facet normal -0.0652630962 0.113038998 0.991444861
    outer loop
      vertex 32.700000000 5.088829054 5.372740661
      vertex 24.300000000 0.000000000 5.400000000
      vertex 32.700000000 4.849742261 5.400000000
    endloop
  endfacet
  facet normal 0 0 1
    outer loop
      vertex 41.100000000 0.000000000 5.400000000
      vertex 32.700000000 4.849742261 5.400000000
      vertex 24.300000000 0.000000000 5.400000000
    endloop
  endfacet
  facet normal 0 -1 -0
    outer loop
      vertex 32.700000000 0.000000000 4.829787706
      vertex 22.700000000 0.000000000 3.000000000
      vertex 42.700000000 0.000000000 3.000000000
    endloop
  endfacet
  facet normal 0 -1 0
    outer loop
      vertex 32.700000000 0.000000000 4.829787706
      vertex 42.700000000 0.000000000 3.000000000
      vertex 42.700000000 0.000000000 4.600000000
    endloop
  endfacet
  facet normal 0 -1 0
    outer loop
      vertex 32.700000000 0.000000000 4.829787706
      vertex 42.700000000 0.000000000 4.600000000
      vertex 42.645481322 0.000000000 4.807055236
    endloop
  endfacet
  facet normal 0 -1 0
    outer loop
      vertex 32.700000000 0.000000000 4.829787706
      vertex 42.645481322 0.000000000 4.807055236
      vertex 42.645037299 0.000000000 4.807591219
    endloop
  endfacet
  facet normal 0 -1 0
    outer loop
      vertex 32.700000000 0.000000000 4.829787706
      vertex 42.645037299 0.000000000 4.807591219
      vertex 42.485640646 0.000000000 5.000000000
    endloop
  endfacet
  facet normal 0 -1 0
    outer loop
      vertex 32.700000000 0.000000000 4.829787706
      vertex 42.485640646 0.000000000 5.000000000
      vertex 42.482813192 0.000000000 5.001842405
    endloop
  endfacet
  facet normal 0 -1 0
    outer loop
      vertex 32.700000000 0.000000000 4.829787706
      vertex 42.482813192 0.000000000 5.001842405
      vertex 42.231370850 0.000000000 5.165685425
    endloop
  endfacet
  facet normal 0 -1 0
    outer loop
      vertex 32.700000000 0.000000000 4.829787706
      vertex 42.231370850 0.000000000 5.165685425
      vertex 42.223140785 0.000000000 5.168843000
    endloop
  endfacet
  facet normal 0 -1 0
    outer loop
      vertex 32.700000000 0.000000000 4.829787706
      vertex 42.223140785 0.000000000 5.168843000
      vertex 41.900000000 0.000000000 5.292820323
    endloop
  endfacet
  facet normal 0 -1 0
    outer loop
      vertex 32.700000000 0.000000000 4.829787706
      vertex 41.900000000 0.000000000 5.292820323
      vertex 41.883247888 0.000000000 5.296289799
    endloop
  endfacet
  facet normal 0 -1 0
    outer loop
      vertex 32.700000000 0.000000000 4.829787706
      vertex 41.883247888 0.000000000 5.296289799
      vertex 41.514110472 0.000000000 5.372740661
    endloop
  endfacet
  facet normal 0 -1 0
    outer loop
      vertex 32.700000000 0.000000000 4.829787706
      vertex 41.514110472 0.000000000 5.372740661
      vertex 41.486806331 0.000000000 5.374537990
    endloop
  endfacet
  facet normal 0 -1 0
    outer loop
      vertex 32.700000000 0.000000000 4.829787706
      vertex 41.486806331 0.000000000 5.374537990
      vertex 41.100000000 0.000000000 5.400000000
    endloop
  endfacet
  facet normal 0 -1 0
    outer loop
      vertex 32.700000000 0.000000000 4.829787706
      vertex 41.100000000 0.000000000 5.400000000
      vertex 24.300000000 0.000000000 5.400000000
    endloop
  endfacet
  facet normal 0 -1 0
    outer loop
      vertex 32.700000000 0.000000000 4.829787706
      vertex 24.300000000 0.000000000 5.400000000
      vertex 24.265541443 0.000000000 5.397731722
    endloop
  endfacet
  facet normal 0 -1 0
    outer loop
      vertex 32.700000000 0.000000000 4.829787706
      vertex 24.265541443 0.000000000 5.397731722
      vertex 23.885889528 0.000000000 5.372740661
    endloop
  endfacet
  facet normal 0 -1 0
    outer loop
      vertex 32.700000000 0.000000000 4.829787706
      vertex 23.885889528 0.000000000 5.372740661
      vertex 23.862524628 0.000000000 5.367901632
    endloop
  endfacet
  facet normal 0 -1 0
    outer loop
      vertex 32.700000000 0.000000000 4.829787706
      vertex 23.862524628 0.000000000 5.367901632
      vertex 23.500000000 0.000000000 5.292820323
    endloop
  endfacet
  facet normal 0 -1 0
    outer loop
      vertex 32.700000000 0.000000000 4.829787706
      vertex 23.500000000 0.000000000 5.292820323
      vertex 23.486653571 0.000000000 5.287699785
    endloop
  endfacet
  facet normal 0 -1 0
    outer loop
      vertex 32.700000000 0.000000000 4.829787706
      vertex 23.486653571 0.000000000 5.287699785
      vertex 23.168629150 0.000000000 5.165685425
    endloop
  endfacet
  facet normal 0 -1 0
    outer loop
      vertex 32.700000000 0.000000000 4.829787706
      vertex 23.168629150 0.000000000 5.165685425
      vertex 23.162683104 0.000000000 5.161810906
    endloop
  endfacet
  facet normal 0 -1 0
    outer loop
      vertex 32.700000000 0.000000000 4.829787706
      vertex 23.162683104 0.000000000 5.161810906
      vertex 22.914359354 0.000000000 5.000000000
    endloop
  endfacet
  facet normal 0 -1 0
    outer loop
      vertex 32.700000000 0.000000000 4.829787706
      vertex 22.914359354 0.000000000 5.000000000
      vertex 22.912655161 0.000000000 4.997942857
    endloop
  endfacet
  facet normal -0 -1 0
    outer loop
      vertex 32.700000000 0.000000000 4.829787706
      vertex 22.912655161 0.000000000 4.997942857
      vertex 22.754518678 0.000000000 4.807055236
    endloop
  endfacet
  facet normal 0 -1 0
    outer loop
      vertex 32.700000000 0.000000000 4.829787706
      vertex 22.754518678 0.000000000 4.807055236
      vertex 22.754370468 0.000000000 4.806492352
    endloop
  endfacet
  facet normal 0 -1 0
    outer loop
      vertex 32.700000000 0.000000000 4.829787706
      vertex 22.754370468 0.000000000 4.806492352
      vertex 22.700000000 0.000000000 4.600000000
    endloop
  endfacet
  facet normal 0 -1 0
    outer loop
      vertex 32.700000000 0.000000000 4.829787706
      vertex 22.700000000 0.000000000 4.600000000
      vertex 22.700000000 0.000000000 3.000000000
    endloop
  endfacet
  facet normal 0 0 -1
    outer loop
      vertex 64.500000000 0.000000000 3.000000000
      vertex 44.500000000 0.000000000 3.000000000
      vertex 54.500000000 5.773502692 3.000000000
    endloop
  endfacet
  facet normal 0.5 0.866025404 0
    outer loop
      vertex 64.500000000 0.000000000 3.000000000
      vertex 54.500000000 5.773502692 3.000000000
      vertex 54.500000000 5.773502692 4.600000000
    endloop
  endfacet
  facet normal 0.5 0.866025404 -0
    outer loop
      vertex 64.500000000 0.000000000 3.000000000
      vertex 54.500000000 5.773502692 4.600000000
      vertex 64.500000000 0.000000000 4.600000000
    endloop
  endfacet
  facet normal -0.5 0.866025404 0
    outer loop
      vertex 54.500000000 5.773502692 3.000000000
      vertex 44.500000000 0.000000000 3.000000000
      vertex 44.500000000 0.000000000 4.600000000
    endloop
  endfacet
  facet normal -0.5 0.866025404 0
    outer loop
      vertex 54.500000000 5.773502692 3.000000000
      vertex 44.500000000 0.000000000 4.600000000
      vertex 54.500000000 5.773502692 4.600000000
    endloop
  endfacet
  facet normal 0.495722431 0.858616436 0.130526192
    outer loop
      vertex 64.500000000 0.000000000 4.600000000
      vertex 54.500000000 5.773502692 4.600000000
      vertex 54.500000000 5.742026319 4.807055236
    endloop
  endfacet
  facet normal 0.495722431 0.858616436 0.130526192
    outer loop
      vertex 64.500000000 0.000000000 4.600000000
      vertex 54.500000000 5.742026319 4.807055236
      vertex 64.445481322 0.000000000 4.807055236
    endloop
  endfacet
  facet normal -0.495722431 0.858616436 0.130526192
    outer loop
      vertex 54.500000000 5.773502692 4.600000000
      vertex 44.500000000 0.000000000 4.600000000
      vertex 44.554370468 0.000000000 4.806492352
    endloop
  endfacet
  facet normal -0.495722431 0.858616436 0.130526192
    outer loop
      vertex 54.500000000 5.773502692 4.600000000
      vertex 44.554370468 0.000000000 4.806492352
      vertex 44.554518678 0.000000000 4.807055236
    endloop
  endfacet
  facet normal -0.495722431 0.858616436 0.130526192
    outer loop
      vertex 54.500000000 5.773502692 4.600000000
      vertex 44.554518678 0.000000000 4.807055236
      vertex 54.500000000 5.742026319 4.807055236
    endloop
  endfacet
  facet normal 0.461939766 0.800103145 0.382683432
    outer loop
      vertex 64.445481322 0.000000000 4.807055236
      vertex 54.500000000 5.742026319 4.807055236
      vertex 54.500000000 5.649742261 5.000000000
    endloop
  endfacet
  facet normal 0.461939762 0.800103138 0.382683453
    outer loop
      vertex 64.445481322 0.000000000 4.807055236
      vertex 54.500000000 5.649742261 5.000000000
      vertex 64.445037299 0.000000000 4.807591219
    endloop
  endfacet
  facet normal 0.461939766 0.800103145 0.382683432
    outer loop
      vertex 64.445037299 0.000000000 4.807591219
      vertex 54.500000000 5.649742261 5.000000000
      vertex 64.285640646 0.000000000 5.000000000
    endloop
  endfacet
  facet normal -0.461939766 0.800103145 0.382683432
    outer loop
      vertex 54.500000000 5.742026319 4.807055236
      vertex 44.554518678 0.000000000 4.807055236
      vertex 44.712655161 0.000000000 4.997942857
    endloop
  endfacet
  facet normal -0.461939767 0.800103147 0.382683427
    outer loop
      vertex 54.500000000 5.742026319 4.807055236
      vertex 44.712655161 0.000000000 4.997942857
      vertex 44.714359354 0.000000000 5.000000000
    endloop
  endfacet
  facet normal -0.461939766 0.800103145 0.382683432
    outer loop
      vertex 54.500000000 5.742026319 4.807055236
      vertex 44.714359354 0.000000000 5.000000000
      vertex 54.500000000 5.649742261 5.000000000
    endloop
  endfacet
  facet normal 0.39667667 0.687064147 0.608761429
    outer loop
      vertex 64.285640646 0.000000000 5.000000000
      vertex 54.500000000 5.649742261 5.000000000
      vertex 54.500000000 5.502939526 5.165685425
    endloop
  endfacet
  facet normal 0.39667667 0.687064147 0.608761429
    outer loop
      vertex 64.285640646 0.000000000 5.000000000
      vertex 54.500000000 5.502939526 5.165685425
      vertex 64.282813192 0.000000000 5.001842405
    endloop
  endfacet
  facet normal 0.39667667 0.687064147 0.608761429
    outer loop
      vertex 64.282813192 0.000000000 5.001842405
      vertex 54.500000000 5.502939526 5.165685425
      vertex 64.031370850 0.000000000 5.165685425
    endloop
  endfacet
  facet normal -0.39667667 0.687064147 0.608761429
    outer loop
      vertex 54.500000000 5.649742261 5.000000000
      vertex 44.714359354 0.000000000 5.000000000
      vertex 44.962683104 0.000000000 5.161810906
    endloop
  endfacet
  facet normal -0.396676669 0.687064145 0.608761432
    outer loop
      vertex 54.500000000 5.649742261 5.000000000
      vertex 44.962683104 0.000000000 5.161810906
      vertex 44.968629150 0.000000000 5.165685425
    endloop
  endfacet
  facet normal -0.39667667 0.687064147 0.608761429
    outer loop
      vertex 54.500000000 5.649742261 5.000000000
      vertex 44.968629150 0.000000000 5.165685425
      vertex 54.500000000 5.502939526 5.165685425
    endloop
  endfacet
  facet normal 0.304380714 0.527202862 0.79335334
    outer loop
      vertex 64.031370850 0.000000000 5.165685425
      vertex 54.500000000 5.502939526 5.165685425
      vertex 54.500000000 5.311622477 5.292820323
    endloop
  endfacet
  facet normal 0.304380713 0.527202861 0.793353342
    outer loop
      vertex 64.031370850 0.000000000 5.165685425
      vertex 54.500000000 5.311622477 5.292820323
      vertex 64.023140785 0.000000000 5.168843000
    endloop
  endfacet
  facet normal 0.304380714 0.527202862 0.79335334
    outer loop
      vertex 64.023140785 0.000000000 5.168843000
      vertex 54.500000000 5.311622477 5.292820323
      vertex 63.700000000 0.000000000 5.292820323
    endloop
  endfacet
  facet normal -0.304380714 0.527202862 0.79335334
    outer loop
      vertex 54.500000000 5.502939526 5.165685425
      vertex 44.968629150 0.000000000 5.165685425
      vertex 45.286653571 0.000000000 5.287699785
    endloop
  endfacet
  facet normal -0.304380713 0.52720286 0.793353342
    outer loop
      vertex 54.500000000 5.502939526 5.165685425
      vertex 45.286653571 0.000000000 5.287699785
      vertex 45.300000000 0.000000000 5.292820323
    endloop
  endfacet
  facet normal -0.304380714 0.527202862 0.79335334
    outer loop
      vertex 54.500000000 5.502939526 5.165685425
      vertex 45.300000000 0.000000000 5.292820323
      vertex 54.500000000 5.311622477 5.292820323
    endloop
  endfacet
  facet normal 0.191341716 0.331413574 0.923879533
    outer loop
      vertex 63.700000000 0.000000000 5.292820323
      vertex 54.500000000 5.311622477 5.292820323
      vertex 54.500000000 5.088829054 5.372740661
    endloop
  endfacet
  facet normal 0.191341715 0.331413573 0.923879533
    outer loop
      vertex 63.700000000 0.000000000 5.292820323
      vertex 54.500000000 5.088829054 5.372740661
      vertex 63.683247888 0.000000000 5.296289799
    endloop
  endfacet
  facet normal 0.191341716 0.331413574 0.923879532
    outer loop
      vertex 63.683247888 0.000000000 5.296289799
      vertex 54.500000000 5.088829054 5.372740661
      vertex 63.314110472 0.000000000 5.372740661
    endloop
  endfacet
  facet normal -0.191341716 0.331413574 0.923879532
    outer loop
      vertex 54.500000000 5.311622477 5.292820323
      vertex 45.300000000 0.000000000 5.292820323
      vertex 45.662524628 0.000000000 5.367901632
    endloop
  endfacet
  facet normal -0.191341715 0.331413572 0.923879533
    outer loop
      vertex 54.500000000 5.311622477 5.292820323
      vertex 45.662524628 0.000000000 5.367901632
      vertex 45.685889528 0.000000000 5.372740661
    endloop
  endfacet
  facet normal -0.191341716 0.331413574 0.923879533
    outer loop
      vertex 54.500000000 5.311622477 5.292820323
      vertex 45.685889528 0.000000000 5.372740661
      vertex 54.500000000 5.088829054 5.372740661
    endloop
  endfacet
  facet normal 0.0652630962 0.113038998 0.991444861
    outer loop
      vertex 63.314110472 0.000000000 5.372740661
      vertex 54.500000000 5.088829054 5.372740661
      vertex 54.500000000 4.849742261 5.400000000
    endloop
  endfacet
  facet normal 0.0652630957 0.113038998 0.991444861
    outer loop
      vertex 63.314110472 0.000000000 5.372740661
      vertex 54.500000000 4.849742261 5.400000000
      vertex 63.286806331 0.000000000 5.374537990
    endloop
  endfacet
  facet normal 0.0652630962 0.113038998 0.991444861
    outer loop
      vertex 63.286806331 0.000000000 5.374537990
      vertex 54.500000000 4.849742261 5.400000000
      vertex 62.900000000 0.000000000 5.400000000
    endloop
  endfacet
  facet normal -0.0652630961 0.113038998 0.991444861
    outer loop
      vertex 54.500000000 5.088829054 5.372740661
      vertex 45.685889528 0.000000000 5.372740661
      vertex 46.065541443 0.000000000 5.397731722
    endloop
  endfacet
  facet normal -0.0652630969 0.113039 0.991444861
    outer loop
      vertex 54.500000000 5.088829054 5.372740661
      vertex 46.065541443 0.000000000 5.397731722
      vertex 46.100000000 0.000000000 5.400000000
    endloop
  endfacet
  facet normal -0.0652630962 0.113038998 0.991444861
    outer loop
      vertex 54.500000000 5.088829054 5.372740661
      vertex 46.100000000 0.000000000 5.400000000
      vertex 54.500000000 4.849742261 5.400000000
    endloop
  endfacet
  facet normal 0 0 1
    outer loop
      vertex 62.900000000 0.000000000 5.400000000
      vertex 54.500000000 4.849742261 5.400000000
      vertex 46.100000000 0.000000000 5.400000000
    endloop
  endfacet
  facet normal 0 -1 -0
    outer loop
      vertex 54.500000000 0.000000000 4.829787706
      vertex 44.500000000 0.000000000 3.000000000
      vertex 64.500000000 0.000000000 3.000000000
    endloop
  endfacet
  facet normal 0 -1 0
    outer loop
      vertex 54.500000000 0.000000000 4.829787706
      vertex 64.500000000 0.000000000 3.000000000
      vertex 64.500000000 0.000000000 4.600000000
    endloop
  endfacet
  facet normal 0 -1 0
    outer loop
      vertex 54.500000000 0.000000000 4.829787706
      vertex 64.500000000 0.000000000 4.600000000
      vertex 64.445481322 0.000000000 4.807055236
    endloop
  endfacet
  facet normal 0 -1 0
    outer loop
      vertex 54.500000000 0.000000000 4.829787706
      vertex 64.445481322 0.000000000 4.807055236
      vertex 64.445037299 0.000000000 4.807591219
    endloop
  endfacet
  facet normal 0 -1 0
    outer loop
      vertex 54.500000000 0.000000000 4.829787706
      vertex 64.445037299 0.000000000 4.807591219
      vertex 64.285640646 0.000000000 5.000000000
    endloop
  endfacet
  facet normal 0 -1 0
    outer loop
      vertex 54.500000000 0.000000000 4.829787706
      vertex 64.285640646 0.000000000 5.000000000
      vertex 64.282813192 0.000000000 5.001842405
    endloop
  endfacet
  facet normal 0 -1 0
    outer loop
      vertex 54.500000000 0.000000000 4.829787706
      vertex 64.282813192 0.000000000 5.001842405
      vertex 64.031370850 0.000000000 5.165685425
    endloop
  endfacet
  facet normal 0 -1 0
    outer loop
      vertex 54.500000000 0.000000000 4.829787706
      vertex 64.031370850 0.000000000 5.165685425
      vertex 64.023140785 0.000000000 5.168843000
    endloop
  endfacet
  facet normal 0 -1 0
    outer loop
      vertex 54.500000000 0.000000000 4.829787706
      vertex 64.023140785 0.000000000 5.168843000
      vertex 63.700000000 0.000000000 5.292820323
    endloop
  endfacet
  facet normal 0 -1 0
    outer loop
      vertex 54.500000000 0.000000000 4.829787706
      vertex 63.700000000 0.000000000 5.292820323
      vertex 63.683247888 0.000000000 5.296289799
    endloop
  endfacet
  facet normal 0 -1 0
    outer loop
      vertex 54.500000000 0.000000000 4.829787706
      vertex 63.683247888 0.000000000 5.296289799
      vertex 63.314110472 0.000000000 5.372740661
    endloop
  endfacet
  facet normal 0 -1 0
    outer loop
      vertex 54.500000000 0.000000000 4.829787706
      vertex 63.314110472 0.000000000 5.372740661
      vertex 63.286806331 0.000000000 5.374537990
    endloop
  endfacet
  facet normal 0 -1 0
    outer loop
      vertex 54.500000000 0.000000000 4.829787706
      vertex 63.286806331 0.000000000 5.374537990
      vertex 62.900000000 0.000000000 5.400000000
    endloop
  endfacet
  facet normal 0 -1 0
    outer loop
      vertex 54.500000000 0.000000000 4.829787706
      vertex 62.900000000 0.000000000 5.400000000
      vertex 46.100000000 0.000000000 5.400000000
    endloop
  endfacet
  facet normal 0 -1 0
    outer loop
      vertex 54.500000000 0.000000000 4.829787706
      vertex 46.100000000 0.000000000 5.400000000
      vertex 46.065541443 0.000000000 5.397731722
    endloop
  endfacet
  facet normal 0 -1 0
    outer loop
      vertex 54.500000000 0.000000000 4.829787706
      vertex 46.065541443 0.000000000 5.397731722
      vertex 45.685889528 0.000000000 5.372740661
    endloop
  endfacet
  facet normal 0 -1 0
    outer loop
      vertex 54.500000000 0.000000000 4.829787706
      vertex 45.685889528 0.000000000 5.372740661
      vertex 45.662524628 0.000000000 5.367901632
    endloop
  endfacet
  facet normal 0 -1 0
    outer loop
      vertex 54.500000000 0.000000000 4.829787706
      vertex 45.662524628 0.000000000 5.367901632
      vertex 45.300000000 0.000000000 5.292820323
    endloop
  endfacet
  facet normal 0 -1 0
    outer loop
      vertex 54.500000000 0.000000000 4.829787706
      vertex 45.300000000 0.000000000 5.292820323
      vertex 45.286653571 0.000000000 5.287699785
    endloop
  endfacet
  facet normal 0 -1 0
    outer loop
      vertex 54.500000000 0.000000000 4.829787706
      vertex 45.286653571 0.000000000 5.287699785
      vertex 44.968629150 0.000000000 5.165685425
    endloop
  endfacet
  facet normal 0 -1 0
    outer loop
      vertex 54.500000000 0.000000000 4.829787706
      vertex 44.968629150 0.000000000 5.165685425
      vertex 44.962683104 0.000000000 5.161810906
    endloop
  endfacet
  facet normal 0 -1 0
    outer loop
      vertex 54.500000000 0.000000000 4.829787706
      vertex 44.962683104 0.000000000 5.161810906
      vertex 44.714359354 0.000000000 5.000000000
    endloop
  endfacet
  facet normal 0 -1 0
    outer loop
      vertex 54.500000000 0.000000000 4.829787706
      vertex 44.714359354 0.000000000 5.000000000
      vertex 44.712655161 0.000000000 4.997942857
    endloop
  endfacet
  facet normal -0 -1 0
    outer loop
      vertex 54.500000000 0.000000000 4.829787706
      vertex 44.712655161 0.000000000 4.997942857
      vertex 44.554518678 0.000000000 4.807055236
    endloop
  endfacet
  facet normal 0 -1 0
    outer loop
      vertex 54.500000000 0.000000000 4.829787706
      vertex 44.554518678 0.000000000 4.807055236
      vertex 44.554370468 0.000000000 4.806492352
    endloop
  endfacet
  facet normal 0 -1 0
    outer loop
      vertex 54.500000000 0.000000000 4.829787706
      vertex 44.554370468 0.000000000 4.806492352
      vertex 44.500000000 0.000000000 4.600000000
    endloop
  endfacet
  facet normal 0 -1 0
    outer loop
      vertex 54.500000000 0.000000000 4.829787706
      vertex 44.500000000 0.000000000 4.600000000
      vertex 44.500000000 0.000000000 3.000000000
    endloop
  endfacet
  facet normal 0 0 -1
    outer loop
      vertex 86.300000000 0.000000000 3.000000000
      vertex 66.300000000 0.000000000 3.000000000
      vertex 76.300000000 5.773502692 3.000000000
    endloop
  endfacet
  facet normal 0.5 0.866025404 0
    outer loop
      vertex 86.300000000 0.000000000 3.000000000
      vertex 76.300000000 5.773502692 3.000000000
      vertex 76.300000000 5.773502692 4.600000000
    endloop
  endfacet
  facet normal 0.5 0.866025404 -0
    outer loop
      vertex 86.300000000 0.000000000 3.000000000
      vertex 76.300000000 5.773502692 4.600000000
      vertex 86.300000000 0.000000000 4.600000000
    endloop
  endfacet
  facet normal -0.5 0.866025404 0
    outer loop
      vertex 76.300000000 5.773502692 3.000000000
      vertex 66.300000000 0.000000000 3.000000000
      vertex 66.300000000 0.000000000 4.600000000
    endloop
  endfacet
  facet normal -0.5 0.866025404 0
    outer loop
      vertex 76.300000000 5.773502692 3.000000000
      vertex 66.300000000 0.000000000 4.600000000
      vertex 76.300000000 5.773502692 4.600000000
    endloop
  endfacet
  facet normal 0.495722431 0.858616436 0.130526192
    outer loop
      vertex 86.300000000 0.000000000 4.600000000
      vertex 76.300000000 5.773502692 4.600000000
      vertex 76.300000000 5.742026319 4.807055236
    endloop
  endfacet
  facet normal 0.495722431 0.858616436 0.130526192
    outer loop
      vertex 86.300000000 0.000000000 4.600000000
      vertex 76.300000000 5.742026319 4.807055236
      vertex 86.245481322 0.000000000 4.807055236
    endloop
  endfacet
  facet normal -0.495722431 0.858616436 0.130526192
    outer loop
      vertex 76.300000000 5.773502692 4.600000000
      vertex 66.300000000 0.000000000 4.600000000
      vertex 66.354370468 0.000000000 4.806492352
    endloop
  endfacet
  facet normal -0.495722431 0.858616436 0.130526192
    outer loop
      vertex 76.300000000 5.773502692 4.600000000
      vertex 66.354370468 0.000000000 4.806492352
      vertex 66.354518678 0.000000000 4.807055236
    endloop
  endfacet
  facet normal -0.495722431 0.858616436 0.130526192
    outer loop
      vertex 76.300000000 5.773502692 4.600000000
      vertex 66.354518678 0.000000000 4.807055236
      vertex 76.300000000 5.742026319 4.807055236
    endloop
  endfacet
  facet normal 0.461939766 0.800103145 0.382683432
    outer loop
      vertex 86.245481322 0.000000000 4.807055236
      vertex 76.300000000 5.742026319 4.807055236
      vertex 76.300000000 5.649742261 5.000000000
    endloop
  endfacet
  facet normal 0.461939762 0.800103138 0.382683453
    outer loop
      vertex 86.245481322 0.000000000 4.807055236
      vertex 76.300000000 5.649742261 5.000000000
      vertex 86.245037299 0.000000000 4.807591219
    endloop
  endfacet
  facet normal 0.461939766 0.800103145 0.382683432
    outer loop
      vertex 86.245037299 0.000000000 4.807591219
      vertex 76.300000000 5.649742261 5.000000000
      vertex 86.085640646 0.000000000 5.000000000
    endloop
  endfacet
  facet normal -0.461939766 0.800103145 0.382683432
    outer loop
      vertex 76.300000000 5.742026319 4.807055236
      vertex 66.354518678 0.000000000 4.807055236
      vertex 66.512655161 0.000000000 4.997942857
    endloop
  endfacet
  facet normal -0.461939767 0.800103147 0.382683427
    outer loop
      vertex 76.300000000 5.742026319 4.807055236
      vertex 66.512655161 0.000000000 4.997942857
      vertex 66.514359354 0.000000000 5.000000000
    endloop
  endfacet
  facet normal -0.461939766 0.800103145 0.382683432
    outer loop
      vertex 76.300000000 5.742026319 4.807055236
      vertex 66.514359354 0.000000000 5.000000000
      vertex 76.300000000 5.649742261 5.000000000
    endloop
  endfacet
  facet normal 0.39667667 0.687064147 0.608761429
    outer loop
      vertex 86.085640646 0.000000000 5.000000000
      vertex 76.300000000 5.649742261 5.000000000
      vertex 76.300000000 5.502939526 5.165685425
    endloop
  endfacet
  facet normal 0.39667667 0.687064147 0.608761429
    outer loop
      vertex 86.085640646 0.000000000 5.000000000
      vertex 76.300000000 5.502939526 5.165685425
      vertex 86.082813192 0.000000000 5.001842405
    endloop
  endfacet
  facet normal 0.39667667 0.687064147 0.608761429
    outer loop
      vertex 86.082813192 0.000000000 5.001842405
      vertex 76.300000000 5.502939526 5.165685425
      vertex 85.831370850 0.000000000 5.165685425
    endloop
  endfacet
  facet normal -0.39667667 0.687064147 0.608761429
    outer loop
      vertex 76.300000000 5.649742261 5.000000000
      vertex 66.514359354 0.000000000 5.000000000
      vertex 66.762683104 0.000000000 5.161810906
    endloop
  endfacet
  facet normal -0.396676669 0.687064145 0.608761432
    outer loop
      vertex 76.300000000 5.649742261 5.000000000
      vertex 66.762683104 0.000000000 5.161810906
      vertex 66.768629150 0.000000000 5.165685425
    endloop
  endfacet
  facet normal -0.39667667 0.687064147 0.608761429
    outer loop
      vertex 76.300000000 5.649742261 5.000000000
      vertex 66.768629150 0.000000000 5.165685425
      vertex 76.300000000 5.502939526 5.165685425
    endloop
  endfacet
  facet normal 0.304380714 0.527202862 0.79335334
    outer loop
      vertex 85.831370850 0.000000000 5.165685425
      vertex 76.300000000 5.502939526 5.165685425
      vertex 76.300000000 5.311622477 5.292820323
    endloop
  endfacet
  facet normal 0.304380713 0.527202861 0.793353342
    outer loop
      vertex 85.831370850 0.000000000 5.165685425
      vertex 76.300000000 5.311622477 5.292820323
      vertex 85.823140785 0.000000000 5.168843000
    endloop
  endfacet
  facet normal 0.304380714 0.527202862 0.79335334
    outer loop
      vertex 85.823140785 0.000000000 5.168843000
      vertex 76.300000000 5.311622477 5.292820323
      vertex 85.500000000 0.000000000 5.292820323
    endloop
  endfacet
  facet normal -0.304380714 0.527202862 0.79335334
    outer loop
      vertex 76.300000000 5.502939526 5.165685425
      vertex 66.768629150 0.000000000 5.165685425
      vertex 67.086653571 0.000000000 5.287699785
    endloop
  endfacet
  facet normal -0.304380713 0.52720286 0.793353342
    outer loop
      vertex 76.300000000 5.502939526 5.165685425
      vertex 67.086653571 0.000000000 5.287699785
      vertex 67.100000000 0.000000000 5.292820323
    endloop
  endfacet
  facet normal -0.304380714 0.527202862 0.79335334
    outer loop
      vertex 76.300000000 5.502939526 5.165685425
      vertex 67.100000000 0.000000000 5.292820323
      vertex 76.300000000 5.311622477 5.292820323
    endloop
  endfacet
  facet normal 0.191341716 0.331413574 0.923879533
    outer loop
      vertex 85.500000000 0.000000000 5.292820323
      vertex 76.300000000 5.311622477 5.292820323
      vertex 76.300000000 5.088829054 5.372740661
    endloop
  endfacet
  facet normal 0.191341715 0.331413573 0.923879533
    outer loop
      vertex 85.500000000 0.000000000 5.292820323
      vertex 76.300000000 5.088829054 5.372740661
      vertex 85.483247888 0.000000000 5.296289799
    endloop
  endfacet
  facet normal 0.191341716 0.331413574 0.923879532
    outer loop
      vertex 85.483247888 0.000000000 5.296289799
      vertex 76.300000000 5.088829054 5.372740661
      vertex 85.114110472 0.000000000 5.372740661
    endloop
  endfacet
  facet normal -0.191341716 0.331413574 0.923879532
    outer loop
      vertex 76.300000000 5.311622477 5.292820323
      vertex 67.100000000 0.000000000 5.292820323
      vertex 67.462524628 0.000000000 5.367901632
    endloop
  endfacet
  facet normal -0.191341715 0.331413572 0.923879533
    outer loop
      vertex 76.300000000 5.311622477 5.292820323
      vertex 67.462524628 0.000000000 5.367901632
      vertex 67.485889528 0.000000000 5.372740661
    endloop
  endfacet
  facet normal -0.191341716 0.331413574 0.923879533
    outer loop
      vertex 76.300000000 5.311622477 5.292820323
      vertex 67.485889528 0.000000000 5.372740661
      vertex 76.300000000 5.088829054 5.372740661
    endloop
  endfacet
  facet normal 0.0652630962 0.113038998 0.991444861
    outer loop
      vertex 85.114110472 0.000000000 5.372740661
      vertex 76.300000000 5.088829054 5.372740661
      vertex 76.300000000 4.849742261 5.400000000
    endloop
  endfacet
  facet normal 0.0652630957 0.113038998 0.991444861
    outer loop
      vertex 85.114110472 0.000000000 5.372740661
      vertex 76.300000000 4.849742261 5.400000000
      vertex 85.086806331 0.000000000 5.374537990
    endloop
  endfacet
  facet normal 0.0652630962 0.113038998 0.991444861
    outer loop
      vertex 85.086806331 0.000000000 5.374537990
      vertex 76.300000000 4.849742261 5.400000000
      vertex 84.700000000 0.000000000 5.400000000
    endloop
  endfacet
  facet normal -0.0652630961 0.113038998 0.991444861
    outer loop
      vertex 76.300000000 5.088829054 5.372740661
      vertex 67.485889528 0.000000000 5.372740661
      vertex 67.865541443 0.000000000 5.397731722
    endloop
  endfacet
  facet normal -0.0652630969 0.113039 0.991444861
    outer loop
      vertex 76.300000000 5.088829054 5.372740661
      vertex 67.865541443 0.000000000 5.397731722
      vertex 67.900000000 0.000000000 5.400000000
    endloop
  endfacet
  facet normal -0.0652630962 0.113038998 0.991444861
    outer loop
      vertex 76.300000000 5.088829054 5.372740661
      vertex 67.900000000 0.000000000 5.400000000
      vertex 76.300000000 4.849742261 5.400000000
    endloop
  endfacet
  facet normal 0 0 1
    outer loop
      vertex 84.700000000 0.000000000 5.400000000
      vertex 76.300000000 4.849742261 5.400000000
      vertex 67.900000000 0.000000000 5.400000000
    endloop
  endfacet
  facet normal 0 -1 -0
    outer loop
      vertex 76.300000000 0.000000000 4.829787706
      vertex 66.300000000 0.000000000 3.000000000
      vertex 86.300000000 0.000000000 3.000000000
    endloop
  endfacet
  facet normal 0 -1 0
    outer loop
      vertex 76.300000000 0.000000000 4.829787706
      vertex 86.300000000 0.000000000 3.000000000
      vertex 86.300000000 0.000000000 4.600000000
    endloop
  endfacet
  facet normal 0 -1 0
    outer loop
      vertex 76.300000000 0.000000000 4.829787706
      vertex 86.300000000 0.000000000 4.600000000
      vertex 86.245481322 0.000000000 4.807055236
    endloop
  endfacet
  facet normal 0 -1 0
    outer loop
      vertex 76.300000000 0.000000000 4.829787706
      vertex 86.245481322 0.000000000 4.807055236
      vertex 86.245037299 0.000000000 4.807591219
    endloop
  endfacet
  facet normal 0 -1 0
    outer loop
      vertex 76.300000000 0.000000000 4.829787706
      vertex 86.245037299 0.000000000 4.807591219
      vertex 86.085640646 0.000000000 5.000000000
    endloop
  endfacet
  facet normal 0 -1 0
    outer loop
      vertex 76.300000000 0.000000000 4.829787706
      vertex 86.085640646 0.000000000 5.000000000
      vertex 86.082813192 0.000000000 5.001842405
    endloop
  endfacet
  facet normal 0 -1 0
    outer loop
      vertex 76.300000000 0.000000000 4.829787706
      vertex 86.082813192 0.000000000 5.001842405
      vertex 85.831370850 0.000000000 5.165685425
    endloop
  endfacet
  facet normal 0 -1 0
    outer loop
      vertex 76.300000000 0.000000000 4.829787706
      vertex 85.831370850 0.000000000 5.165685425
      vertex 85.823140785 0.000000000 5.168843000
    endloop
  endfacet
  facet normal 0 -1 0
    outer loop
      vertex 76.300000000 0.000000000 4.829787706
      vertex 85.823140785 0.000000000 5.168843000
      vertex 85.500000000 0.000000000 5.292820323
    endloop
  endfacet
  facet normal 0 -1 0
    outer loop
      vertex 76.300000000 0.000000000 4.829787706
      vertex 85.500000000 0.000000000 5.292820323
      vertex 85.483247888 0.000000000 5.296289799
    endloop
  endfacet
  facet normal 0 -1 0
    outer loop
      vertex 76.300000000 0.000000000 4.829787706
      vertex 85.483247888 0.000000000 5.296289799
      vertex 85.114110472 0.000000000 5.372740661
    endloop
  endfacet
  facet normal 0 -1 0
    outer loop
      vertex 76.300000000 0.000000000 4.829787706
      vertex 85.114110472 0.000000000 5.372740661
      vertex 85.086806331 0.000000000 5.374537990
    endloop
  endfacet
  facet normal 0 -1 0
    outer loop
      vertex 76.300000000 0.000000000 4.829787706
      vertex 85.086806331 0.000000000 5.374537990
      vertex 84.700000000 0.000000000 5.400000000
    endloop
  endfacet
  facet normal 0 -1 0
    outer loop
      vertex 76.300000000 0.000000000 4.829787706
      vertex 84.700000000 0.000000000 5.400000000
      vertex 67.900000000 0.000000000 5.400000000
    endloop
  endfacet
  facet normal 0 -1 0
    outer loop
      vertex 76.300000000 0.000000000 4.829787706
      vertex 67.900000000 0.000000000 5.400000000
      vertex 67.865541443 0.000000000 5.397731722
    endloop
  endfacet
  facet normal 0 -1 0
    outer loop
      vertex 76.300000000 0.000000000 4.829787706
      vertex 67.865541443 0.000000000 5.397731722
      vertex 67.485889528 0.000000000 5.372740661
    endloop
  endfacet
  facet normal 0 -1 0
    outer loop
      vertex 76.300000000 0.000000000 4.829787706
      vertex 67.485889528 0.000000000 5.372740661
      vertex 67.462524628 0.000000000 5.367901632
    endloop
  endfacet
  facet normal 0 -1 0
    outer loop
      vertex 76.300000000 0.000000000 4.829787706
      vertex 67.462524628 0.000000000 5.367901632
      vertex 67.100000000 0.000000000 5.292820323
    endloop
  endfacet
  facet normal 0 -1 0
    outer loop
      vertex 76.300000000 0.000000000 4.829787706
      vertex 67.100000000 0.000000000 5.292820323
      vertex 67.086653571 0.000000000 5.287699785
    endloop
  endfacet
  facet normal 0 -1 0
    outer loop
      vertex 76.300000000 0.000000000 4.829787706
      vertex 67.086653571 0.000000000 5.287699785
      vertex 66.768629150 0.000000000 5.165685425
    endloop
  endfacet
  facet normal 0 -1 0
    outer loop
      vertex 76.300000000 0.000000000 4.829787706
      vertex 66.768629150 0.000000000 5.165685425
      vertex 66.762683104 0.000000000 5.161810906
    endloop
  endfacet
  facet normal 0 -1 0
    outer loop
      vertex 76.300000000 0.000000000 4.829787706
      vertex 66.762683104 0.000000000 5.161810906
      vertex 66.514359354 0.000000000 5.000000000
    endloop
  endfacet
  facet normal 0 -1 0
    outer loop
      vertex 76.300000000 0.000000000 4.829787706
      vertex 66.514359354 0.000000000 5.000000000
      vertex 66.512655161 0.000000000 4.997942857
    endloop
  endfacet
  facet normal -0 -1 0
    outer loop
      vertex 76.300000000 0.000000000 4.829787706
      vertex 66.512655161 0.000000000 4.997942857
      vertex 66.354518678 0.000000000 4.807055236
    endloop
  endfacet
  facet normal 0 -1 0
    outer loop
      vertex 76.300000000 0.000000000 4.829787706
      vertex 66.354518678 0.000000000 4.807055236
      vertex 66.354370468 0.000000000 4.806492352
    endloop
  endfacet
  facet normal 0 -1 0
    outer loop
      vertex 76.300000000 0.000000000 4.829787706
      vertex 66.354370468 0.000000000 4.806492352
      vertex 66.300000000 0.000000000 4.600000000
    endloop
  endfacet
  facet normal 0 -1 0
    outer loop
      vertex 76.300000000 0.000000000 4.829787706
      vertex 66.300000000 0.000000000 4.600000000
      vertex 66.300000000 0.000000000 3.000000000
    endloop
  endfacet
  facet normal 0 0 -1
    outer loop
      vertex 108.100000000 0.000000000 3.000000000
      vertex 88.100000000 0.000000000 3.000000000
      vertex 98.100000000 5.773502692 3.000000000
    endloop
  endfacet
  facet normal 0.5 0.866025404 0
    outer loop
      vertex 108.100000000 0.000000000 3.000000000
      vertex 98.100000000 5.773502692 3.000000000
      vertex 98.100000000 5.773502692 4.600000000
    endloop
  endfacet
  facet normal 0.5 0.866025404 -0
    outer loop
      vertex 108.100000000 0.000000000 3.000000000
      vertex 98.100000000 5.773502692 4.600000000
      vertex 108.100000000 0.000000000 4.600000000
    endloop
  endfacet
  facet normal -0.5 0.866025404 0
    outer loop
      vertex 98.100000000 5.773502692 3.000000000
      vertex 88.100000000 0.000000000 3.000000000
      vertex 88.100000000 0.000000000 4.600000000
    endloop
  endfacet
  facet normal -0.5 0.866025404 0
    outer loop
      vertex 98.100000000 5.773502692 3.000000000
      vertex 88.100000000 0.000000000 4.600000000
      vertex 98.100000000 5.773502692 4.600000000
    endloop
  endfacet
  facet normal 0.495722431 0.858616436 0.130526192
    outer loop
      vertex 108.100000000 0.000000000 4.600000000
      vertex 98.100000000 5.773502692 4.600000000
      vertex 98.100000000 5.742026319 4.807055236
    endloop
  endfacet
  facet normal 0.495722431 0.858616436 0.130526192
    outer loop
      vertex 108.100000000 0.000000000 4.600000000
      vertex 98.100000000 5.742026319 4.807055236
      vertex 108.045481322 0.000000000 4.807055236
    endloop
  endfacet
  facet normal -0.495722431 0.858616436 0.130526192
    outer loop
      vertex 98.100000000 5.773502692 4.600000000
      vertex 88.100000000 0.000000000 4.600000000
      vertex 88.154370468 0.000000000 4.806492352
    endloop
  endfacet
  facet normal -0.495722431 0.858616436 0.130526192
    outer loop
      vertex 98.100000000 5.773502692 4.600000000
      vertex 88.154370468 0.000000000 4.806492352
      vertex 88.154518678 0.000000000 4.807055236
    endloop
  endfacet
  facet normal -0.495722431 0.858616436 0.130526192
    outer loop
      vertex 98.100000000 5.773502692 4.600000000
      vertex 88.154518678 0.000000000 4.807055236
      vertex 98.100000000 5.742026319 4.807055236
    endloop
  endfacet
  facet normal 0.461939766 0.800103145 0.382683432
    outer loop
      vertex 108.045481322 0.000000000 4.807055236
      vertex 98.100000000 5.742026319 4.807055236
      vertex 98.100000000 5.649742261 5.000000000
    endloop
  endfacet
  facet normal 0.461939762 0.800103138 0.382683453
    outer loop
      vertex 108.045481322 0.000000000 4.807055236
      vertex 98.100000000 5.649742261 5.000000000
      vertex 108.045037299 0.000000000 4.807591219
    endloop
  endfacet
  facet normal 0.461939766 0.800103145 0.382683432
    outer loop
      vertex 108.045037299 0.000000000 4.807591219
      vertex 98.100000000 5.649742261 5.000000000
      vertex 107.885640646 0.000000000 5.000000000
    endloop
  endfacet
  facet normal -0.461939766 0.800103145 0.382683432
    outer loop
      vertex 98.100000000 5.742026319 4.807055236
      vertex 88.154518678 0.000000000 4.807055236
      vertex 88.312655161 0.000000000 4.997942857
    endloop
  endfacet
  facet normal -0.461939767 0.800103147 0.382683427
    outer loop
      vertex 98.100000000 5.742026319 4.807055236
      vertex 88.312655161 0.000000000 4.997942857
      vertex 88.314359354 0.000000000 5.000000000
    endloop
  endfacet
  facet normal -0.461939766 0.800103145 0.382683432
    outer loop
      vertex 98.100000000 5.742026319 4.807055236
      vertex 88.314359354 0.000000000 5.000000000
      vertex 98.100000000 5.649742261 5.000000000
    endloop
  endfacet
  facet normal 0.39667667 0.687064147 0.608761429
    outer loop
      vertex 107.885640646 0.000000000 5.000000000
      vertex 98.100000000 5.649742261 5.000000000
      vertex 98.100000000 5.502939526 5.165685425
    endloop
  endfacet
  facet normal 0.39667667 0.687064147 0.608761429
    outer loop
      vertex 107.885640646 0.000000000 5.000000000
      vertex 98.100000000 5.502939526 5.165685425
      vertex 107.882813192 0.000000000 5.001842405
    endloop
  endfacet
  facet normal 0.39667667 0.687064147 0.608761429
    outer loop
      vertex 107.882813192 0.000000000 5.001842405
      vertex 98.100000000 5.502939526 5.165685425
      vertex 107.631370850 0.000000000 5.165685425
    endloop
  endfacet
  facet normal -0.39667667 0.687064147 0.608761429
    outer loop
      vertex 98.100000000 5.649742261 5.000000000
      vertex 88.314359354 0.000000000 5.000000000
      vertex 88.562683104 0.000000000 5.161810906
    endloop
  endfacet
  facet normal -0.396676669 0.687064145 0.608761432
    outer loop
      vertex 98.100000000 5.649742261 5.000000000
      vertex 88.562683104 0.000000000 5.161810906
      vertex 88.568629150 0.000000000 5.165685425
    endloop
  endfacet
  facet normal -0.39667667 0.687064147 0.608761429
    outer loop
      vertex 98.100000000 5.649742261 5.000000000
      vertex 88.568629150 0.000000000 5.165685425
      vertex 98.100000000 5.502939526 5.165685425
    endloop
  endfacet
  facet normal 0.304380714 0.527202862 0.79335334
    outer loop
      vertex 107.631370850 0.000000000 5.165685425
      vertex 98.100000000 5.502939526 5.165685425
      vertex 98.100000000 5.311622477 5.292820323
    endloop
  endfacet
  facet normal 0.304380713 0.527202861 0.793353342
    outer loop
      vertex 107.631370850 0.000000000 5.165685425
      vertex 98.100000000 5.311622477 5.292820323
      vertex 107.623140785 0.000000000 5.168843000
    endloop
  endfacet
  facet normal 0.304380714 0.527202862 0.79335334
    outer loop
      vertex 107.623140785 0.000000000 5.168843000
      vertex 98.100000000 5.311622477 5.292820323
      vertex 107.300000000 0.000000000 5.292820323
    endloop
  endfacet
  facet normal -0.304380714 0.527202862 0.79335334
    outer loop
      vertex 98.100000000 5.502939526 5.165685425
      vertex 88.568629150 0.000000000 5.165685425
      vertex 88.886653571 0.000000000 5.287699785
    endloop
  endfacet
  facet normal -0.304380713 0.52720286 0.793353342
    outer loop
      vertex 98.100000000 5.502939526 5.165685425
      vertex 88.886653571 0.000000000 5.287699785
      vertex 88.900000000 0.000000000 5.292820323
    endloop
  endfacet
  facet normal -0.304380714 0.527202862 0.79335334
    outer loop
      vertex 98.100000000 5.502939526 5.165685425
      vertex 88.900000000 0.000000000 5.292820323
      vertex 98.100000000 5.311622477 5.292820323
    endloop
  endfacet
  facet normal 0.191341716 0.331413574 0.923879533
    outer loop
      vertex 107.300000000 0.000000000 5.292820323
      vertex 98.100000000 5.311622477 5.292820323
      vertex 98.100000000 5.088829054 5.372740661
    endloop
  endfacet
  facet normal 0.191341715 0.331413573 0.923879533
    outer loop
      vertex 107.300000000 0.000000000 5.292820323
      vertex 98.100000000 5.088829054 5.372740661
      vertex 107.283247888 0.000000000 5.296289799
    endloop
  endfacet
  facet normal 0.191341716 0.331413574 0.923879532
    outer loop
      vertex 107.283247888 0.000000000 5.296289799
      vertex 98.100000000 5.088829054 5.372740661
      vertex 106.914110472 0.000000000 5.372740661
    endloop
  endfacet
  facet normal -0.191341716 0.331413574 0.923879532
    outer loop
      vertex 98.100000000 5.311622477 5.292820323
      vertex 88.900000000 0.000000000 5.292820323
      vertex 89.262524628 0.000000000 5.367901632
    endloop
  endfacet
  facet normal -0.191341715 0.331413572 0.923879533
    outer loop
      vertex 98.100000000 5.311622477 5.292820323
      vertex 89.262524628 0.000000000 5.367901632
      vertex 89.285889528 0.000000000 5.372740661
    endloop
  endfacet
  facet normal -0.191341716 0.331413574 0.923879533
    outer loop
      vertex 98.100000000 5.311622477 5.292820323
      vertex 89.285889528 0.000000000 5.372740661
      vertex 98.100000000 5.088829054 5.372740661
    endloop
  endfacet
  facet normal 0.0652630962 0.113038998 0.991444861
    outer loop
      vertex 106.914110472 0.000000000 5.372740661
      vertex 98.100000000 5.088829054 5.372740661
      vertex 98.100000000 4.849742261 5.400000000
    endloop
  endfacet
  facet normal 0.0652630957 0.113038998 0.991444861
    outer loop
      vertex 106.914110472 0.000000000 5.372740661
      vertex 98.100000000 4.849742261 5.400000000
      vertex 106.886806331 0.000000000 5.374537990
    endloop
  endfacet
  facet normal 0.0652630962 0.113038998 0.991444861
    outer loop
      vertex 106.886806331 0.000000000 5.374537990
      vertex 98.100000000 4.849742261 5.400000000
      vertex 106.500000000 0.000000000 5.400000000
    endloop
  endfacet
  facet normal -0.0652630961 0.113038998 0.991444861
    outer loop
      vertex 98.100000000 5.088829054 5.372740661
      vertex 89.285889528 0.000000000 5.372740661
      vertex 89.665541443 0.000000000 5.397731722
    endloop
  endfacet
  facet normal -0.0652630969 0.113039 0.991444861
    outer loop
      vertex 98.100000000 5.088829054 5.372740661
      vertex 89.665541443 0.000000000 5.397731722
      vertex 89.700000000 0.000000000 5.400000000
    endloop
  endfacet
  facet normal -0.0652630962 0.113038998 0.991444861
    outer loop
      vertex 98.100000000 5.088829054 5.372740661
      vertex 89.700000000 0.000000000 5.400000000
      vertex 98.100000000 4.849742261 5.400000000
    endloop
  endfacet
  facet normal 0 0 1
    outer loop
      vertex 106.500000000 0.000000000 5.400000000
      vertex 98.100000000 4.849742261 5.400000000
      vertex 89.700000000 0.000000000 5.400000000
    endloop
  endfacet
  facet normal 0 -1 -0
    outer loop
      vertex 98.100000000 0.000000000 4.829787706
      vertex 88.100000000 0.000000000 3.000000000
      vertex 108.100000000 0.000000000 3.000000000
    endloop
  endfacet
  facet normal 0 -1 0
    outer loop
      vertex 98.100000000 0.000000000 4.829787706
      vertex 108.100000000 0.000000000 3.000000000
      vertex 108.100000000 0.000000000 4.600000000
    endloop
  endfacet
  facet normal 0 -1 0
    outer loop
      vertex 98.100000000 0.000000000 4.829787706
      vertex 108.100000000 0.000000000 4.600000000
      vertex 108.045481322 0.000000000 4.807055236
    endloop
  endfacet
  facet normal 0 -1 0
    outer loop
      vertex 98.100000000 0.000000000 4.829787706
      vertex 108.045481322 0.000000000 4.807055236
      vertex 108.045037299 0.000000000 4.807591219
    endloop
  endfacet
  facet normal 0 -1 0
    outer loop
      vertex 98.100000000 0.000000000 4.829787706
      vertex 108.045037299 0.000000000 4.807591219
      vertex 107.885640646 0.000000000 5.000000000
    endloop
  endfacet
  facet normal 0 -1 0
    outer loop
      vertex 98.100000000 0.000000000 4.829787706
      vertex 107.885640646 0.000000000 5.000000000
      vertex 107.882813192 0.000000000 5.001842405
    endloop
  endfacet
  facet normal 0 -1 0
    outer loop
      vertex 98.100000000 0.000000000 4.829787706
      vertex 107.882813192 0.000000000 5.001842405
      vertex 107.631370850 0.000000000 5.165685425
    endloop
  endfacet
  facet normal 0 -1 0
    outer loop
      vertex 98.100000000 0.000000000 4.829787706
      vertex 107.631370850 0.000000000 5.165685425
      vertex 107.623140785 0.000000000 5.168843000
    endloop
  endfacet
  facet normal 0 -1 0
    outer loop
      vertex 98.100000000 0.000000000 4.829787706
      vertex 107.623140785 0.000000000 5.168843000
      vertex 107.300000000 0.000000000 5.292820323
    endloop
  endfacet
  facet normal 0 -1 0
    outer loop
      vertex 98.100000000 0.000000000 4.829787706
      vertex 107.300000000 0.000000000 5.292820323
      vertex 107.283247888 0.000000000 5.296289799
    endloop
  endfacet
  facet normal 0 -1 0
    outer loop
      vertex 98.100000000 0.000000000 4.829787706
      vertex 107.283247888 0.000000000 5.296289799
      vertex 106.914110472 0.000000000 5.372740661
    endloop
  endfacet
  facet normal 0 -1 0
    outer loop
      vertex 98.100000000 0.000000000 4.829787706
      vertex 106.914110472 0.000000000 5.372740661
      vertex 106.886806331 0.000000000 5.374537990
    endloop
  endfacet
  facet normal 0 -1 0
    outer loop
      vertex 98.100000000 0.000000000 4.829787706
      vertex 106.886806331 0.000000000 5.374537990
      vertex 106.500000000 0.000000000 5.400000000
    endloop
  endfacet
  facet normal 0 -1 0
    outer loop
      vertex 98.100000000 0.000000000 4.829787706
      vertex 106.500000000 0.000000000 5.400000000
      vertex 89.700000000 0.000000000 5.400000000
    endloop
  endfacet
  facet normal 0 -1 0
    outer loop
      vertex 98.100000000 0.000000000 4.829787706
      vertex 89.700000000 0.000000000 5.400000000
      vertex 89.665541443 0.000000000 5.397731722
    endloop
  endfacet
  facet normal 0 -1 0
    outer loop
      vertex 98.100000000 0.000000000 4.829787706
      vertex 89.665541443 0.000000000 5.397731722
      vertex 89.285889528 0.000000000 5.372740661
    endloop
  endfacet
  facet normal 0 -1 0
    outer loop
      vertex 98.100000000 0.000000000 4.829787706
      vertex 89.285889528 0.000000000 5.372740661
      vertex 89.262524628 0.000000000 5.367901632
    endloop
  endfacet
  facet normal 0 -1 0
    outer loop
      vertex 98.100000000 0.000000000 4.829787706
      vertex 89.262524628 0.000000000 5.367901632
      vertex 88.900000000 0.000000000 5.292820323
    endloop
  endfacet
  facet normal 0 -1 0
    outer loop
      vertex 98.100000000 0.000000000 4.829787706
      vertex 88.900000000 0.000000000 5.292820323
      vertex 88.886653571 0.000000000 5.287699785
    endloop
  endfacet
  facet normal 0 -1 0
    outer loop
      vertex 98.100000000 0.000000000 4.829787706
      vertex 88.886653571 0.000000000 5.287699785
      vertex 88.568629150 0.000000000 5.165685425
    endloop
  endfacet
  facet normal 0 -1 0
    outer loop
      vertex 98.100000000 0.000000000 4.829787706
      vertex 88.568629150 0.000000000 5.165685425
      vertex 88.562683104 0.000000000 5.161810906
    endloop
  endfacet
  facet normal 0 -1 0
    outer loop
      vertex 98.100000000 0.000000000 4.829787706
      vertex 88.562683104 0.000000000 5.161810906
      vertex 88.314359354 0.000000000 5.000000000
    endloop
  endfacet
  facet normal 0 -1 0
    outer loop
      vertex 98.100000000 0.000000000 4.829787706
      vertex 88.314359354 0.000000000 5.000000000
      vertex 88.312655161 0.000000000 4.997942857
    endloop
  endfacet
  facet normal -0 -1 0
    outer loop
      vertex 98.100000000 0.000000000 4.829787706
      vertex 88.312655161 0.000000000 4.997942857
      vertex 88.154518678 0.000000000 4.807055236
    endloop
  endfacet
  facet normal 0 -1 0
    outer loop
      vertex 98.100000000 0.000000000 4.829787706
      vertex 88.154518678 0.000000000 4.807055236
      vertex 88.154370468 0.000000000 4.806492352
    endloop
  endfacet
  facet normal 0 -1 0
    outer loop
      vertex 98.100000000 0.000000000 4.829787706
      vertex 88.154370468 0.000000000 4.806492352
      vertex 88.100000000 0.000000000 4.600000000
    endloop
  endfacet
  facet normal 0 -1 0
    outer loop
      vertex 98.100000000 0.000000000 4.829787706
      vertex 88.100000000 0.000000000 4.600000000
      vertex 88.100000000 0.000000000 3.000000000
    endloop
  endfacet
  facet normal 0 0 -1
    outer loop
      vertex 129.900000000 0.000000000 3.000000000
      vertex 109.900000000 0.000000000 3.000000000
      vertex 119.900000000 5.773502692 3.000000000
    endloop
  endfacet
  facet normal 0.5 0.866025404 0
    outer loop
      vertex 129.900000000 0.000000000 3.000000000
      vertex 119.900000000 5.773502692 3.000000000
      vertex 119.900000000 5.773502692 4.600000000
    endloop
  endfacet
  facet normal 0.5 0.866025404 -0
    outer loop
      vertex 129.900000000 0.000000000 3.000000000
      vertex 119.900000000 5.773502692 4.600000000
      vertex 129.900000000 0.000000000 4.600000000
    endloop
  endfacet
  facet normal -0.5 0.866025404 0
    outer loop
      vertex 119.900000000 5.773502692 3.000000000
      vertex 109.900000000 0.000000000 3.000000000
      vertex 109.900000000 0.000000000 4.600000000
    endloop
  endfacet
  facet normal -0.5 0.866025404 0
    outer loop
      vertex 119.900000000 5.773502692 3.000000000
      vertex 109.900000000 0.000000000 4.600000000
      vertex 119.900000000 5.773502692 4.600000000
    endloop
  endfacet
  facet normal 0.495722431 0.858616436 0.130526192
    outer loop
      vertex 129.900000000 0.000000000 4.600000000
      vertex 119.900000000 5.773502692 4.600000000
      vertex 119.900000000 5.742026319 4.807055236
    endloop
  endfacet
  facet normal 0.495722431 0.858616436 0.130526192
    outer loop
      vertex 129.900000000 0.000000000 4.600000000
      vertex 119.900000000 5.742026319 4.807055236
      vertex 129.845481322 0.000000000 4.807055236
    endloop
  endfacet
  facet normal -0.495722431 0.858616436 0.130526192
    outer loop
      vertex 119.900000000 5.773502692 4.600000000
      vertex 109.900000000 0.000000000 4.600000000
      vertex 109.954370468 0.000000000 4.806492352
    endloop
  endfacet
  facet normal -0.495722431 0.858616436 0.130526192
    outer loop
      vertex 119.900000000 5.773502692 4.600000000
      vertex 109.954370468 0.000000000 4.806492352
      vertex 109.954518678 0.000000000 4.807055236
    endloop
  endfacet
  facet normal -0.495722431 0.858616436 0.130526192
    outer loop
      vertex 119.900000000 5.773502692 4.600000000
      vertex 109.954518678 0.000000000 4.807055236
      vertex 119.900000000 5.742026319 4.807055236
    endloop
  endfacet
  facet normal 0.461939766 0.800103145 0.382683432
    outer loop
      vertex 129.845481322 0.000000000 4.807055236
      vertex 119.900000000 5.742026319 4.807055236
      vertex 119.900000000 5.649742261 5.000000000
    endloop
  endfacet
  facet normal 0.461939762 0.800103138 0.382683453
    outer loop
      vertex 129.845481322 0.000000000 4.807055236
      vertex 119.900000000 5.649742261 5.000000000
      vertex 129.845037299 0.000000000 4.807591219
    endloop
  endfacet
  facet normal 0.461939766 0.800103145 0.382683432
    outer loop
      vertex 129.845037299 0.000000000 4.807591219
      vertex 119.900000000 5.649742261 5.000000000
      vertex 129.685640646 0.000000000 5.000000000
    endloop
  endfacet
  facet normal -0.461939766 0.800103145 0.382683432
    outer loop
      vertex 119.900000000 5.742026319 4.807055236
      vertex 109.954518678 0.000000000 4.807055236
      vertex 110.112655161 0.000000000 4.997942857
    endloop
  endfacet
  facet normal -0.461939767 0.800103147 0.382683427
    outer loop
      vertex 119.900000000 5.742026319 4.807055236
      vertex 110.112655161 0.000000000 4.997942857
      vertex 110.114359354 0.000000000 5.000000000
    endloop
  endfacet
  facet normal -0.461939766 0.800103145 0.382683432
    outer loop
      vertex 119.900000000 5.742026319 4.807055236
      vertex 110.114359354 0.000000000 5.000000000
      vertex 119.900000000 5.649742261 5.000000000
    endloop
  endfacet
  facet normal 0.39667667 0.687064147 0.608761429
    outer loop
      vertex 129.685640646 0.000000000 5.000000000
      vertex 119.900000000 5.649742261 5.000000000
      vertex 119.900000000 5.502939526 5.165685425
    endloop
  endfacet
  facet normal 0.39667667 0.687064147 0.608761429
    outer loop
      vertex 129.685640646 0.000000000 5.000000000
      vertex 119.900000000 5.502939526 5.165685425
      vertex 129.682813192 0.000000000 5.001842405
    endloop
  endfacet
  facet normal 0.39667667 0.687064147 0.608761429
    outer loop
      vertex 129.682813192 0.000000000 5.001842405
      vertex 119.900000000 5.502939526 5.165685425
      vertex 129.431370850 0.000000000 5.165685425
    endloop
  endfacet
  facet normal -0.39667667 0.687064147 0.608761429
    outer loop
      vertex 119.900000000 5.649742261 5.000000000
      vertex 110.114359354 0.000000000 5.000000000
      vertex 110.362683104 0.000000000 5.161810906
    endloop
  endfacet
  facet normal -0.396676669 0.687064145 0.608761432
    outer loop
      vertex 119.900000000 5.649742261 5.000000000
      vertex 110.362683104 0.000000000 5.161810906
      vertex 110.368629150 0.000000000 5.165685425
    endloop
  endfacet
  facet normal -0.39667667 0.687064147 0.608761429
    outer loop
      vertex 119.900000000 5.649742261 5.000000000
      vertex 110.368629150 0.000000000 5.165685425
      vertex 119.900000000 5.502939526 5.165685425
    endloop
  endfacet
  facet normal 0.304380714 0.527202862 0.79335334
    outer loop
      vertex 129.431370850 0.000000000 5.165685425
      vertex 119.900000000 5.502939526 5.165685425
      vertex 119.900000000 5.311622477 5.292820323
    endloop
  endfacet
  facet normal 0.304380713 0.527202861 0.793353342
    outer loop
      vertex 129.431370850 0.000000000 5.165685425
      vertex 119.900000000 5.311622477 5.292820323
      vertex 129.423140785 0.000000000 5.168843000
    endloop
  endfacet
  facet normal 0.304380714 0.527202862 0.79335334
    outer loop
      vertex 129.423140785 0.000000000 5.168843000
      vertex 119.900000000 5.311622477 5.292820323
      vertex 129.100000000 0.000000000 5.292820323
    endloop
  endfacet
  facet normal -0.304380714 0.527202862 0.79335334
    outer loop
      vertex 119.900000000 5.502939526 5.165685425
      vertex 110.368629150 0.000000000 5.165685425
      vertex 110.686653571 0.000000000 5.287699785
    endloop
  endfacet
  facet normal -0.304380713 0.52720286 0.793353342
    outer loop
      vertex 119.900000000 5.502939526 5.165685425
      vertex 110.686653571 0.000000000 5.287699785
      vertex 110.700000000 0.000000000 5.292820323
    endloop
  endfacet
  facet normal -0.304380714 0.527202862 0.79335334
    outer loop
      vertex 119.900000000 5.502939526 5.165685425
      vertex 110.700000000 0.000000000 5.292820323
      vertex 119.900000000 5.311622477 5.292820323
    endloop
  endfacet
  facet normal 0.191341716 0.331413574 0.923879533
    outer loop
      vertex 129.100000000 0.000000000 5.292820323
      vertex 119.900000000 5.311622477 5.292820323
      vertex 119.900000000 5.088829054 5.372740661
    endloop
  endfacet
  facet normal 0.191341715 0.331413573 0.923879533
    outer loop
      vertex 129.100000000 0.000000000 5.292820323
      vertex 119.900000000 5.088829054 5.372740661
      vertex 129.083247888 0.000000000 5.296289799
    endloop
  endfacet
  facet normal 0.191341716 0.331413574 0.923879532
    outer loop
      vertex 129.083247888 0.000000000 5.296289799
      vertex 119.900000000 5.088829054 5.372740661
      vertex 128.714110472 0.000000000 5.372740661
    endloop
  endfacet
  facet normal -0.191341716 0.331413574 0.923879532
    outer loop
      vertex 119.900000000 5.311622477 5.292820323
      vertex 110.700000000 0.000000000 5.292820323
      vertex 111.062524628 0.000000000 5.367901632
    endloop
  endfacet
  facet normal -0.191341715 0.331413572 0.923879533
    outer loop
      vertex 119.900000000 5.311622477 5.292820323
      vertex 111.062524628 0.000000000 5.367901632
      vertex 111.085889528 0.000000000 5.372740661
    endloop
  endfacet
  facet normal -0.191341716 0.331413574 0.923879533
    outer loop
      vertex 119.900000000 5.311622477 5.292820323
      vertex 111.085889528 0.000000000 5.372740661
      vertex 119.900000000 5.088829054 5.372740661
    endloop
  endfacet
  facet normal 0.0652630962 0.113038998 0.991444861
    outer loop
      vertex 128.714110472 0.000000000 5.372740661
      vertex 119.900000000 5.088829054 5.372740661
      vertex 119.900000000 4.849742261 5.400000000
    endloop
  endfacet
  facet normal 0.0652630957 0.113038998 0.991444861
    outer loop
      vertex 128.714110472 0.000000000 5.372740661
      vertex 119.900000000 4.849742261 5.400000000
      vertex 128.686806331 0.000000000 5.374537990
    endloop
  endfacet
  facet normal 0.0652630962 0.113038998 0.991444861
    outer loop
      vertex 128.686806331 0.000000000 5.374537990
      vertex 119.900000000 4.849742261 5.400000000
      vertex 128.300000000 0.000000000 5.400000000
    endloop
  endfacet
  facet normal -0.0652630961 0.113038998 0.991444861
    outer loop
      vertex 119.900000000 5.088829054 5.372740661
      vertex 111.085889528 0.000000000 5.372740661
      vertex 111.465541443 0.000000000 5.397731722
    endloop
  endfacet
  facet normal -0.0652630969 0.113039 0.991444861
    outer loop
      vertex 119.900000000 5.088829054 5.372740661
      vertex 111.465541443 0.000000000 5.397731722
      vertex 111.500000000 0.000000000 5.400000000
    endloop
  endfacet
  facet normal -0.0652630962 0.113038998 0.991444861
    outer loop
      vertex 119.900000000 5.088829054 5.372740661
      vertex 111.500000000 0.000000000 5.400000000
      vertex 119.900000000 4.849742261 5.400000000
    endloop
  endfacet
  facet normal 0 0 1
    outer loop
      vertex 128.300000000 0.000000000 5.400000000
      vertex 119.900000000 4.849742261 5.400000000
      vertex 111.500000000 0.000000000 5.400000000
    endloop
  endfacet
  facet normal 0 -1 -0
    outer loop
      vertex 119.900000000 0.000000000 4.829787706
      vertex 109.900000000 0.000000000 3.000000000
      vertex 129.900000000 0.000000000 3.000000000
    endloop
  endfacet
  facet normal 0 -1 0
    outer loop
      vertex 119.900000000 0.000000000 4.829787706
      vertex 129.900000000 0.000000000 3.000000000
      vertex 129.900000000 0.000000000 4.600000000
    endloop
  endfacet
  facet normal 0 -1 0
    outer loop
      vertex 119.900000000 0.000000000 4.829787706
      vertex 129.900000000 0.000000000 4.600000000
      vertex 129.845481322 0.000000000 4.807055236
    endloop
  endfacet
  facet normal 0 -1 0
    outer loop
      vertex 119.900000000 0.000000000 4.829787706
      vertex 129.845481322 0.000000000 4.807055236
      vertex 129.845037299 0.000000000 4.807591219
    endloop
  endfacet
  facet normal 0 -1 0
    outer loop
      vertex 119.900000000 0.000000000 4.829787706
      vertex 129.845037299 0.000000000 4.807591219
      vertex 129.685640646 0.000000000 5.000000000
    endloop
  endfacet
  facet normal 0 -1 0
    outer loop
      vertex 119.900000000 0.000000000 4.829787706
      vertex 129.685640646 0.000000000 5.000000000
      vertex 129.682813192 0.000000000 5.001842405
    endloop
  endfacet
  facet normal 0 -1 0
    outer loop
      vertex 119.900000000 0.000000000 4.829787706
      vertex 129.682813192 0.000000000 5.001842405
      vertex 129.431370850 0.000000000 5.165685425
    endloop
  endfacet
  facet normal 0 -1 0
    outer loop
      vertex 119.900000000 0.000000000 4.829787706
      vertex 129.431370850 0.000000000 5.165685425
      vertex 129.423140785 0.000000000 5.168843000
    endloop
  endfacet
  facet normal 0 -1 0
    outer loop
      vertex 119.900000000 0.000000000 4.829787706
      vertex 129.423140785 0.000000000 5.168843000
      vertex 129.100000000 0.000000000 5.292820323
    endloop
  endfacet
  facet normal 0 -1 0
    outer loop
      vertex 119.900000000 0.000000000 4.829787706
      vertex 129.100000000 0.000000000 5.292820323
      vertex 129.083247888 0.000000000 5.296289799
    endloop
  endfacet
  facet normal 0 -1 0
    outer loop
      vertex 119.900000000 0.000000000 4.829787706
      vertex 129.083247888 0.000000000 5.296289799
      vertex 128.714110472 0.000000000 5.372740661
    endloop
  endfacet
  facet normal 0 -1 0
    outer loop
      vertex 119.900000000 0.000000000 4.829787706
      vertex 128.714110472 0.000000000 5.372740661
      vertex 128.686806331 0.000000000 5.374537990
    endloop
  endfacet
  facet normal 0 -1 0
    outer loop
      vertex 119.900000000 0.000000000 4.829787706
      vertex 128.686806331 0.000000000 5.374537990
      vertex 128.300000000 0.000000000 5.400000000
    endloop
  endfacet
  facet normal 0 -1 0
    outer loop
      vertex 119.900000000 0.000000000 4.829787706
      vertex 128.300000000 0.000000000 5.400000000
      vertex 111.500000000 0.000000000 5.400000000
    endloop
  endfacet
  facet normal 0 -1 0
    outer loop
      vertex 119.900000000 0.000000000 4.829787706
      vertex 111.500000000 0.000000000 5.400000000
      vertex 111.465541443 0.000000000 5.397731722
    endloop
  endfacet
  facet normal 0 -1 0
    outer loop
      vertex 119.900000000 0.000000000 4.829787706
      vertex 111.465541443 0.000000000 5.397731722
      vertex 111.085889528 0.000000000 5.372740661
    endloop
  endfacet
  facet normal 0 -1 0
    outer loop
      vertex 119.900000000 0.000000000 4.829787706
      vertex 111.085889528 0.000000000 5.372740661
      vertex 111.062524628 0.000000000 5.367901632
    endloop
  endfacet
  facet normal 0 -1 0
    outer loop
      vertex 119.900000000 0.000000000 4.829787706
      vertex 111.062524628 0.000000000 5.367901632
      vertex 110.700000000 0.000000000 5.292820323
    endloop
  endfacet
  facet normal 0 -1 0
    outer loop
      vertex 119.900000000 0.000000000 4.829787706
      vertex 110.700000000 0.000000000 5.292820323
      vertex 110.686653571 0.000000000 5.287699785
    endloop
  endfacet
  facet normal 0 -1 0
    outer loop
      vertex 119.900000000 0.000000000 4.829787706
      vertex 110.686653571 0.000000000 5.287699785
      vertex 110.368629150 0.000000000 5.165685425
    endloop
  endfacet
  facet normal 0 -1 0
    outer loop
      vertex 119.900000000 0.000000000 4.829787706
      vertex 110.368629150 0.000000000 5.165685425
      vertex 110.362683104 0.000000000 5.161810906
    endloop
  endfacet
  facet normal 0 -1 0
    outer loop
      vertex 119.900000000 0.000000000 4.829787706
      vertex 110.362683104 0.000000000 5.161810906
      vertex 110.114359354 0.000000000 5.000000000
    endloop
  endfacet
  facet normal 0 -1 0
    outer loop
      vertex 119.900000000 0.000000000 4.829787706
      vertex 110.114359354 0.000000000 5.000000000
      vertex 110.112655161 0.000000000 4.997942857
    endloop
  endfacet
  facet normal -0 -1 0
    outer loop
      vertex 119.900000000 0.000000000 4.829787706
      vertex 110.112655161 0.000000000 4.997942857
      vertex 109.954518678 0.000000000 4.807055236
    endloop
  endfacet
  facet normal 0 -1 0
    outer loop
      vertex 119.900000000 0.000000000 4.829787706
      vertex 109.954518678 0.000000000 4.807055236
      vertex 109.954370468 0.000000000 4.806492352
    endloop
  endfacet
  facet normal 0 -1 0
    outer loop
      vertex 119.900000000 0.000000000 4.829787706
      vertex 109.954370468 0.000000000 4.806492352
      vertex 109.900000000 0.000000000 4.600000000
    endloop
  endfacet
  facet normal 0 -1 0
    outer loop
      vertex 119.900000000 0.000000000 4.829787706
      vertex 109.900000000 0.000000000 4.600000000
      vertex 109.900000000 0.000000000 3.000000000
    endloop
  endfacet
  facet normal -0 0 -1
    outer loop
      vertex 10.000000000 18.879353803 3.000000000
      vertex 0.900000000 18.879353802 3.000000000
      vertex 0.900000000 24.133241252 3.000000000
    endloop
  endfacet
  facet normal 0 0 -1
    outer loop
      vertex 10.000000000 18.879353803 3.000000000
      vertex 0.900000000 13.625466353 3.000000000
      vertex 0.900000000 18.879353802 3.000000000
    endloop
  endfacet
  facet normal 0 0 -1
    outer loop
      vertex 10.000000000 18.879353803 3.000000000
      vertex 0.900000000 3.117691454 3.000000000
      vertex 0.900000000 13.625466353 3.000000000
    endloop
  endfacet
  facet normal 0 0 -1
    outer loop
      vertex 10.000000000 18.879353803 3.000000000
      vertex 10.000000000 7.332348419 3.000000000
      vertex 0.900000000 2.078460969 3.000000000
    endloop
  endfacet
  facet normal 0 0 -1
    outer loop
      vertex 10.000000000 18.879353803 3.000000000
      vertex 0.900000000 2.078460969 3.000000000
      vertex 0.900000000 3.117691454 3.000000000
    endloop
  endfacet
  facet normal 0.5 0.866025404 0
    outer loop
      vertex 10.000000000 18.879353803 3.000000000
      vertex 0.900000000 24.133241252 3.000000000
      vertex 0.900000000 24.133241252 4.456000000
    endloop
  endfacet
  facet normal 0.5 0.866025404 0
    outer loop
      vertex 10.000000000 18.879353803 3.000000000
      vertex 0.900000000 24.133241252 4.456000000
      vertex 0.900000000 24.133241252 4.600000000
    endloop
  endfacet
  facet normal 0.5 0.866025404 -0
    outer loop
      vertex 10.000000000 18.879353803 3.000000000
      vertex 0.900000000 24.133241252 4.600000000
      vertex 10.000000000 18.879353803 4.600000000
    endloop
  endfacet
  facet normal 0.5 -0.866025404 0
    outer loop
      vertex 0.900000000 2.078460969 3.000000000
      vertex 10.000000000 7.332348419 3.000000000
      vertex 10.000000000 7.332348419 4.600000000
    endloop
  endfacet
  facet normal 0.5 -0.866025404 0
    outer loop
      vertex 0.900000000 2.078460969 3.000000000
      vertex 10.000000000 7.332348419 4.600000000
      vertex 0.900000000 2.078460969 3.144000000
    endloop
  endfacet
  facet normal 0.5 -0.866025404 0
    outer loop
      vertex 0.900000000 2.078460969 3.144000000
      vertex 10.000000000 7.332348419 4.600000000
      vertex 0.900000000 2.078460969 4.600000000
    endloop
  endfacet
  facet normal 1 -3.0767403e-16 0
    outer loop
      vertex 10.000000000 7.332348419 3.000000000
      vertex 10.000000000 18.879353803 3.000000000
      vertex 10.000000000 18.879353803 4.600000000
    endloop
  endfacet
  facet normal 1 -3.0767403e-16 0
    outer loop
      vertex 10.000000000 7.332348419 3.000000000
      vertex 10.000000000 18.879353803 4.600000000
      vertex 10.000000000 7.332348419 4.600000000
    endloop
  endfacet
  facet normal 0.495722431 0.858616436 0.130526192
    outer loop
      vertex 10.000000000 18.879353803 4.600000000
      vertex 0.900000000 24.133241252 4.600000000
      vertex 0.900000000 24.104597752 4.788420265
    endloop
  endfacet
  facet normal 0.495722431 0.858616436 0.130526192
    outer loop
      vertex 10.000000000 18.879353803 4.600000000
      vertex 0.900000000 24.104597752 4.788420265
      vertex 0.900000000 24.101764879 4.807055236
    endloop
  endfacet
  facet normal 0.495722431 0.858616436 0.130526192
    outer loop
      vertex 10.000000000 18.879353803 4.600000000
      vertex 0.900000000 24.101764879 4.807055236
      vertex 9.972740661 18.863615616 4.807055236
    endloop
  endfacet
  facet normal 0.495722431 -0.858616436 0.130526192
    outer loop
      vertex 0.900000000 2.078460969 4.600000000
      vertex 10.000000000 7.332348419 4.600000000
      vertex 9.972740661 7.348086605 4.807055236
    endloop
  endfacet
  facet normal 0.495722431 -0.858616437 0.13052619
    outer loop
      vertex 0.900000000 2.078460969 4.600000000
      vertex 9.972740661 7.348086605 4.807055236
      vertex 0.900000000 2.081301586 4.618685908
    endloop
  endfacet
  facet normal 0.495722431 -0.858616436 0.130526193
    outer loop
      vertex 0.900000000 2.081301586 4.618685908
      vertex 9.972740661 7.348086605 4.807055236
      vertex 0.900000000 2.109937342 4.807055236
    endloop
  endfacet
  facet normal 0.991444861 -3.05041836e-16 0.130526192
    outer loop
      vertex 10.000000000 7.332348419 4.600000000
      vertex 10.000000000 18.879353803 4.600000000
      vertex 9.972740661 18.863615616 4.807055236
    endloop
  endfacet
  facet normal 0.991444861 -4.58760298e-16 0.130526192
    outer loop
      vertex 10.000000000 7.332348419 4.600000000
      vertex 9.972740661 18.863615616 4.807055236
      vertex 9.972740661 7.348086605 4.807055236
    endloop
  endfacet
  facet normal 0.461939766 0.800103145 0.382683432
    outer loop
      vertex 9.972740661 18.863615616 4.807055236
      vertex 0.900000000 24.101764879 4.807055236
      vertex 0.900000000 24.017809089 4.982587506
    endloop
  endfacet
  facet normal 0.461939766 0.800103145 0.382683433
    outer loop
      vertex 9.972740661 18.863615616 4.807055236
      vertex 0.900000000 24.017809089 4.982587506
      vertex 0.900000000 24.009480821 5.000000000
    endloop
  endfacet
  facet normal 0.461939766 0.800103145 0.382683432
    outer loop
      vertex 9.972740661 18.863615616 4.807055236
      vertex 0.900000000 24.009480821 5.000000000
      vertex 9.892820323 18.817473587 5.000000000
    endloop
  endfacet
  facet normal 0.461939766 -0.800103145 0.382683432
    outer loop
      vertex 0.900000000 2.109937342 4.807055236
      vertex 9.972740661 7.348086605 4.807055236
      vertex 9.892820323 7.394228634 5.000000000
    endloop
  endfacet
  facet normal 0.461939767 -0.800103146 0.382683429
    outer loop
      vertex 0.900000000 2.109937342 4.807055236
      vertex 9.892820323 7.394228634 5.000000000
      vertex 0.900000000 2.118332891 4.824608399
    endloop
  endfacet
  facet normal 0.461939766 -0.800103145 0.382683432
    outer loop
      vertex 0.900000000 2.118332891 4.824608399
      vertex 9.892820323 7.394228634 5.000000000
      vertex 0.900000000 2.202221400 5.000000000
    endloop
  endfacet
  facet normal 0.923879533 -4.27546071e-16 0.382683432
    outer loop
      vertex 9.972740661 7.348086605 4.807055236
      vertex 9.972740661 18.863615616 4.807055236
      vertex 9.892820323 18.817473587 5.000000000
    endloop
  endfacet
  facet normal 0.923879533 -2.87223659e-16 0.382683432
    outer loop
      vertex 9.972740661 7.348086605 4.807055236
      vertex 9.892820323 18.817473587 5.000000000
      vertex 9.892820323 7.394228634 5.000000000
    endloop
  endfacet
  facet normal 0.39667667 0.687064147 0.608761429
    outer loop
      vertex 9.892820323 18.817473587 5.000000000
      vertex 0.900000000 24.009480821 5.000000000
      vertex 0.900000000 23.876033475 5.150612182
    endloop
  endfacet
  facet normal 0.39667667 0.687064147 0.608761428
    outer loop
      vertex 9.892820323 18.817473587 5.000000000
      vertex 0.900000000 23.876033475 5.150612182
      vertex 0.900000000 23.862678086 5.165685425
    endloop
  endfacet
  facet normal 0.39667667 0.687064147 0.608761429
    outer loop
      vertex 9.892820323 18.817473587 5.000000000
      vertex 0.900000000 23.862678086 5.165685425
      vertex 9.765685425 18.744072220 5.165685425
    endloop
  endfacet
  facet normal 0.39667667 -0.687064147 0.608761429
    outer loop
      vertex 0.900000000 2.202221400 5.000000000
      vertex 9.892820323 7.394228634 5.000000000
      vertex 9.765685425 7.467630002 5.165685425
    endloop
  endfacet
  facet normal 0.39667667 -0.687064147 0.608761429
    outer loop
      vertex 0.900000000 2.202221400 5.000000000
      vertex 9.765685425 7.467630002 5.165685425
      vertex 0.900000000 2.215750656 5.015269474
    endloop
  endfacet
  facet normal 0.39667667 -0.687064147 0.608761429
    outer loop
      vertex 0.900000000 2.215750656 5.015269474
      vertex 9.765685425 7.467630002 5.165685425
      vertex 0.900000000 2.349024135 5.165685425
    endloop
  endfacet
  facet normal 0.79335334 -2.46738757e-16 0.608761429
    outer loop
      vertex 9.892820323 7.394228634 5.000000000
      vertex 9.892820323 18.817473587 5.000000000
      vertex 9.765685425 18.744072220 5.165685425
    endloop
  endfacet
  facet normal 0.79335334 -2.5044907e-16 0.608761429
    outer loop
      vertex 9.892820323 7.394228634 5.000000000
      vertex 9.765685425 18.744072220 5.165685425
      vertex 9.765685425 7.467630002 5.165685425
    endloop
  endfacet
  facet normal 0.304380714 0.527202862 0.79335334
    outer loop
      vertex 9.765685425 18.744072220 5.165685425
      vertex 0.900000000 23.862678086 5.165685425
      vertex 0.900000000 23.688992707 5.281103643
    endloop
  endfacet
  facet normal 0.304380714 0.527202862 0.793353341
    outer loop
      vertex 9.765685425 18.744072220 5.165685425
      vertex 0.900000000 23.688992707 5.281103643
      vertex 0.900000000 23.671361037 5.292820323
    endloop
  endfacet
  facet normal 0.304380714 0.527202862 0.79335334
    outer loop
      vertex 9.765685425 18.744072220 5.165685425
      vertex 0.900000000 23.671361037 5.292820323
      vertex 9.600000000 18.648413695 5.292820323
    endloop
  endfacet
  facet normal 0.304380714 -0.527202862 0.79335334
    outer loop
      vertex 0.900000000 2.349024135 5.165685425
      vertex 9.765685425 7.467630002 5.165685425
      vertex 9.600000000 7.563288526 5.292820323
    endloop
  endfacet
  facet normal 0.304380714 -0.527202862 0.79335334
    outer loop
      vertex 0.900000000 2.349024135 5.165685425
      vertex 9.600000000 7.563288526 5.292820323
      vertex 0.900000000 2.366960108 5.177604322
    endloop
  endfacet
  facet normal 0.304380714 -0.527202862 0.79335334
    outer loop
      vertex 0.900000000 2.366960108 5.177604322
      vertex 9.600000000 7.563288526 5.292820323
      vertex 0.900000000 2.540341184 5.292820323
    endloop
  endfacet
  facet normal 0.608761429 -1.91794097e-16 0.79335334
    outer loop
      vertex 9.765685425 7.467630002 5.165685425
      vertex 9.765685425 18.744072220 5.165685425
      vertex 9.600000000 18.648413695 5.292820323
    endloop
  endfacet
  facet normal 0.608761429 -1.94825299e-16 0.79335334
    outer loop
      vertex 9.765685425 7.467630002 5.165685425
      vertex 9.600000000 18.648413695 5.292820323
      vertex 9.600000000 7.563288526 5.292820323
    endloop
  endfacet
  facet normal 0.191341716 0.331413574 0.923879533
    outer loop
      vertex 9.600000000 18.648413695 5.292820323
      vertex 0.900000000 23.671361037 5.292820323
      vertex 0.900000000 23.469454497 5.365248129
    endloop
  endfacet
  facet normal 0.191341716 0.331413574 0.923879532
    outer loop
      vertex 9.600000000 18.648413695 5.292820323
      vertex 0.900000000 23.469454497 5.365248129
      vertex 0.900000000 23.448567614 5.372740661
    endloop
  endfacet
  facet normal 0.191341716 0.331413574 0.923879533
    outer loop
      vertex 9.600000000 18.648413695 5.292820323
      vertex 0.900000000 23.448567614 5.372740661
      vertex 9.407055236 18.537016983 5.372740661
    endloop
  endfacet
  facet normal 0.191341716 -0.331413574 0.923879533
    outer loop
      vertex 0.900000000 2.540341184 5.292820323
      vertex 9.600000000 7.563288526 5.292820323
      vertex 9.407055236 7.674685238 5.372740661
    endloop
  endfacet
  facet normal 0.191341715 -0.331413572 0.923879534
    outer loop
      vertex 0.900000000 2.540341184 5.292820323
      vertex 9.407055236 7.674685238 5.372740661
      vertex 0.900000000 2.561656471 5.300466531
    endloop
  endfacet
  facet normal 0.191341716 -0.331413574 0.923879532
    outer loop
      vertex 0.900000000 2.561656471 5.300466531
      vertex 9.407055236 7.674685238 5.372740661
      vertex 0.900000000 2.763134607 5.372740661
    endloop
  endfacet
  facet normal 0.382683432 -1.2264766e-16 0.923879533
    outer loop
      vertex 9.600000000 7.563288526 5.292820323
      vertex 9.600000000 18.648413695 5.292820323
      vertex 9.407055236 18.537016983 5.372740661
    endloop
  endfacet
  facet normal 0.382683432 -1.24645656e-16 0.923879533
    outer loop
      vertex 9.600000000 7.563288526 5.292820323
      vertex 9.407055236 18.537016983 5.372740661
      vertex 9.407055236 7.674685238 5.372740661
    endloop
  endfacet
  facet normal 0.0652630961 0.113038998 0.991444861
    outer loop
      vertex 9.407055236 18.537016983 5.372740661
      vertex 0.900000000 23.448567614 5.372740661
      vertex 0.900000000 23.232354942 5.397392021
    endloop
  endfacet
  facet normal 0.0652630968 0.113039 0.991444861
    outer loop
      vertex 9.407055236 18.537016983 5.372740661
      vertex 0.900000000 23.232354942 5.397392021
      vertex 0.900000000 23.209480821 5.400000000
    endloop
  endfacet
  facet normal 0.0652630962 0.113038998 0.991444861
    outer loop
      vertex 9.407055236 18.537016983 5.372740661
      vertex 0.900000000 23.209480821 5.400000000
      vertex 9.200000000 18.417473587 5.400000000
    endloop
  endfacet
  facet normal 0.0652630962 -0.113038998 0.991444861
    outer loop
      vertex 0.900000000 2.763134607 5.372740661
      vertex 9.407055236 7.674685238 5.372740661
      vertex 9.200000000 7.794228634 5.400000000
    endloop
  endfacet
  facet normal 0.0652630969 -0.113039 0.991444861
    outer loop
      vertex 0.900000000 2.763134607 5.372740661
      vertex 9.200000000 7.794228634 5.400000000
      vertex 0.900000000 2.786523533 5.375407336
    endloop
  endfacet
  facet normal 0.0652630961 -0.113038998 0.991444861
    outer loop
      vertex 0.900000000 2.786523533 5.375407336
      vertex 9.200000000 7.794228634 5.400000000
      vertex 0.900000000 3.002221400 5.400000000
    endloop
  endfacet
  facet normal 0.130526192 -4.26908513e-17 0.991444861
    outer loop
      vertex 9.407055236 7.674685238 5.372740661
      vertex 9.407055236 18.537016983 5.372740661
      vertex 9.200000000 18.417473587 5.400000000
    endloop
  endfacet
  facet normal 0.130526192 -6.56802345e-17 0.991444861
    outer loop
      vertex 9.407055236 7.674685238 5.372740661
      vertex 9.200000000 18.417473587 5.400000000
      vertex 9.200000000 7.794228634 5.400000000
    endloop
  endfacet
  facet normal 0 0 1
    outer loop
      vertex 9.200000000 18.417473587 5.400000000
      vertex 0.900000000 23.209480821 5.400000000
      vertex 0.900000000 18.417473587 5.400000000
    endloop
  endfacet
  facet normal 0 0 1
    outer loop
      vertex 9.200000000 18.417473587 5.400000000
      vertex 0.900000000 18.417473587 5.400000000
      vertex 0.900000000 13.625466353 5.400000000
    endloop
  endfacet
  facet normal 0 0 1
    outer loop
      vertex 9.200000000 18.417473587 5.400000000
      vertex 0.900000000 13.625466353 5.400000000
      vertex 0.900000000 4.041451884 5.400000000
    endloop
  endfacet
  facet normal 0 0 1
    outer loop
      vertex 9.200000000 18.417473587 5.400000000
      vertex 0.900000000 4.041451884 5.400000000
      vertex 0.900000000 3.002221400 5.400000000
    endloop
  endfacet
  facet normal 0 0 1
    outer loop
      vertex 9.200000000 18.417473587 5.400000000
      vertex 0.900000000 3.002221400 5.400000000
      vertex 9.200000000 7.794228634 5.400000000
    endloop
  endfacet
  facet normal -1 0 0
    outer loop
      vertex 0.900000000 13.105851111 4.829787706
      vertex 0.900000000 3.117691454 3.000000000
      vertex 0.900000000 2.078460969 3.000000000
    endloop
  endfacet
  facet normal -1 0 -0
    outer loop
      vertex 0.900000000 13.105851111 4.829787706
      vertex 0.900000000 13.625466353 3.000000000
      vertex 0.900000000 3.117691454 3.000000000
    endloop
  endfacet
  facet normal -1 0 0
    outer loop
      vertex 0.900000000 13.105851111 4.829787706
      vertex 0.900000000 18.879353802 3.000000000
      vertex 0.900000000 13.625466353 3.000000000
    endloop
  endfacet
  facet normal -1 0 0
    outer loop
      vertex 0.900000000 13.105851111 4.829787706
      vertex 0.900000000 24.133241252 3.000000000
      vertex 0.900000000 18.879353802 3.000000000
    endloop
  endfacet
  facet normal -1 0 0
    outer loop
      vertex 0.900000000 13.105851111 4.829787706
      vertex 0.900000000 24.133241252 4.456000000
      vertex 0.900000000 24.133241252 3.000000000
    endloop
  endfacet
  facet normal -1 0 0
    outer loop
      vertex 0.900000000 13.105851111 4.829787706
      vertex 0.900000000 24.133241252 4.600000000
      vertex 0.900000000 24.133241252 4.456000000
    endloop
  endfacet
  facet normal -1 0 0
    outer loop
      vertex 0.900000000 13.105851111 4.829787706
      vertex 0.900000000 24.104597752 4.788420265
      vertex 0.900000000 24.133241252 4.600000000
    endloop
  endfacet
  facet normal -1 0 0
    outer loop
      vertex 0.900000000 13.105851111 4.829787706
      vertex 0.900000000 24.101764879 4.807055236
      vertex 0.900000000 24.104597752 4.788420265
    endloop
  endfacet
  facet normal -1 0 0
    outer loop
      vertex 0.900000000 13.105851111 4.829787706
      vertex 0.900000000 24.017809089 4.982587506
      vertex 0.900000000 24.101764879 4.807055236
    endloop
  endfacet
  facet normal -1 0 0
    outer loop
      vertex 0.900000000 13.105851111 4.829787706
      vertex 0.900000000 24.009480821 5.000000000
      vertex 0.900000000 24.017809089 4.982587506
    endloop
  endfacet
  facet normal -1 0 0
    outer loop
      vertex 0.900000000 13.105851111 4.829787706
      vertex 0.900000000 23.876033475 5.150612182
      vertex 0.900000000 24.009480821 5.000000000
    endloop
  endfacet
  facet normal -1 0 0
    outer loop
      vertex 0.900000000 13.105851111 4.829787706
      vertex 0.900000000 23.862678086 5.165685425
      vertex 0.900000000 23.876033475 5.150612182
    endloop
  endfacet
  facet normal -1 0 0
    outer loop
      vertex 0.900000000 13.105851111 4.829787706
      vertex 0.900000000 23.688992707 5.281103643
      vertex 0.900000000 23.862678086 5.165685425
    endloop
  endfacet
  facet normal -1 0 0
    outer loop
      vertex 0.900000000 13.105851111 4.829787706
      vertex 0.900000000 23.671361037 5.292820323
      vertex 0.900000000 23.688992707 5.281103643
    endloop
  endfacet
  facet normal -1 0 0
    outer loop
      vertex 0.900000000 13.105851111 4.829787706
      vertex 0.900000000 23.469454497 5.365248129
      vertex 0.900000000 23.671361037 5.292820323
    endloop
  endfacet
  facet normal -1 0 0
    outer loop
      vertex 0.900000000 13.105851111 4.829787706
      vertex 0.900000000 23.448567614 5.372740661
      vertex 0.900000000 23.469454497 5.365248129
    endloop
  endfacet
  facet normal -1 0 0
    outer loop
      vertex 0.900000000 13.105851111 4.829787706
      vertex 0.900000000 23.232354942 5.397392021
      vertex 0.900000000 23.448567614 5.372740661
    endloop
  endfacet
  facet normal -1 0 0
    outer loop
      vertex 0.900000000 13.105851111 4.829787706
      vertex 0.900000000 23.209480821 5.400000000
      vertex 0.900000000 23.232354942 5.397392021
    endloop
  endfacet
  facet normal -1 0 0
    outer loop
      vertex 0.900000000 13.105851111 4.829787706
      vertex 0.900000000 18.417473587 5.400000000
      vertex 0.900000000 23.209480821 5.400000000
    endloop
  endfacet
  facet normal -1 0 0
    outer loop
      vertex 0.900000000 13.105851111 4.829787706
      vertex 0.900000000 13.625466353 5.400000000
      vertex 0.900000000 18.417473587 5.400000000
    endloop
  endfacet
  facet normal -1 0 0
    outer loop
      vertex 0.900000000 13.105851111 4.829787706
      vertex 0.900000000 4.041451884 5.400000000
      vertex 0.900000000 13.625466353 5.400000000
    endloop
  endfacet
  facet normal -1 0 0
    outer loop
      vertex 0.900000000 13.105851111 4.829787706
      vertex 0.900000000 3.002221400 5.400000000
      vertex 0.900000000 4.041451884 5.400000000
    endloop
  endfacet
  facet normal -1 0 0
    outer loop
      vertex 0.900000000 13.105851111 4.829787706
      vertex 0.900000000 2.786523533 5.375407336
      vertex 0.900000000 3.002221400 5.400000000
    endloop
  endfacet
  facet normal -1 0 0
    outer loop
      vertex 0.900000000 13.105851111 4.829787706
      vertex 0.900000000 2.763134607 5.372740661
      vertex 0.900000000 2.786523533 5.375407336
    endloop
  endfacet
  facet normal -1 0 0
    outer loop
      vertex 0.900000000 13.105851111 4.829787706
      vertex 0.900000000 2.561656471 5.300466531
      vertex 0.900000000 2.763134607 5.372740661
    endloop
  endfacet
  facet normal -1 0 0
    outer loop
      vertex 0.900000000 13.105851111 4.829787706
      vertex 0.900000000 2.540341184 5.292820323
      vertex 0.900000000 2.561656471 5.300466531
    endloop
  endfacet
  facet normal -1 0 0
    outer loop
      vertex 0.900000000 13.105851111 4.829787706
      vertex 0.900000000 2.366960108 5.177604322
      vertex 0.900000000 2.540341184 5.292820323
    endloop
  endfacet
  facet normal -1 0 0
    outer loop
      vertex 0.900000000 13.105851111 4.829787706
      vertex 0.900000000 2.349024135 5.165685425
      vertex 0.900000000 2.366960108 5.177604322
    endloop
  endfacet
  facet normal -1 0 0
    outer loop
      vertex 0.900000000 13.105851111 4.829787706
      vertex 0.900000000 2.215750656 5.015269474
      vertex 0.900000000 2.349024135 5.165685425
    endloop
  endfacet
  facet normal -1 0 0
    outer loop
      vertex 0.900000000 13.105851111 4.829787706
      vertex 0.900000000 2.202221400 5.000000000
      vertex 0.900000000 2.215750656 5.015269474
    endloop
  endfacet
  facet normal -1 -0 0
    outer loop
      vertex 0.900000000 13.105851111 4.829787706
      vertex 0.900000000 2.118332891 4.824608399
      vertex 0.900000000 2.202221400 5.000000000
    endloop
  endfacet
  facet normal -1 0 0
    outer loop
      vertex 0.900000000 13.105851111 4.829787706
      vertex 0.900000000 2.109937342 4.807055236
      vertex 0.900000000 2.118332891 4.824608399
    endloop
  endfacet
  facet normal -1 0 0
    outer loop
      vertex 0.900000000 13.105851111 4.829787706
      vertex 0.900000000 2.081301586 4.618685908
      vertex 0.900000000 2.109937342 4.807055236
    endloop
  endfacet
  facet normal -1 0 0
    outer loop
      vertex 0.900000000 13.105851111 4.829787706
      vertex 0.900000000 2.078460969 4.600000000
      vertex 0.900000000 2.081301586 4.618685908
    endloop
  endfacet
  facet normal -1 0 0
    outer loop
      vertex 0.900000000 13.105851111 4.829787706
      vertex 0.900000000 2.078460969 3.144000000
      vertex 0.900000000 2.078460969 4.600000000
    endloop
  endfacet
  facet normal -1 0 0
    outer loop
      vertex 0.900000000 13.105851111 4.829787706
      vertex 0.900000000 2.078460969 3.000000000
      vertex 0.900000000 2.078460969 3.144000000
    endloop
  endfacet
  facet normal 0 0 -1
    outer loop
      vertex 53.600000000 18.879353803 3.000000000
      vertex 33.600000000 18.879353803 3.000000000
      vertex 43.600000000 24.652856494 3.000000000
    endloop
  endfacet
  facet normal -0 0 -1
    outer loop
      vertex 53.600000000 18.879353803 3.000000000
      vertex 33.600000000 7.332348419 3.000000000
      vertex 33.600000000 18.879353803 3.000000000
    endloop
  endfacet
  facet normal 0 0 -1
    outer loop
      vertex 53.600000000 18.879353803 3.000000000
      vertex 43.600000000 1.558845727 3.000000000
      vertex 33.600000000 7.332348419 3.000000000
    endloop
  endfacet
  facet normal 0 -0 -1
    outer loop
      vertex 53.600000000 18.879353803 3.000000000
      vertex 53.600000000 7.332348419 3.000000000
      vertex 43.600000000 1.558845727 3.000000000
    endloop
  endfacet
  facet normal 0.5 0.866025404 0
    outer loop
      vertex 53.600000000 18.879353803 3.000000000
      vertex 43.600000000 24.652856494 3.000000000
      vertex 43.600000000 24.652856494 4.600000000
    endloop
  endfacet
  facet normal 0.5 0.866025404 -0
    outer loop
      vertex 53.600000000 18.879353803 3.000000000
      vertex 43.600000000 24.652856494 4.600000000
      vertex 53.600000000 18.879353803 4.600000000
    endloop
  endfacet
  facet normal -0.5 0.866025404 0
    outer loop
      vertex 43.600000000 24.652856494 3.000000000
      vertex 33.600000000 18.879353803 3.000000000
      vertex 33.600000000 18.879353803 4.600000000
    endloop
  endfacet
  facet normal -0.5 0.866025404 0
    outer loop
      vertex 43.600000000 24.652856494 3.000000000
      vertex 33.600000000 18.879353803 4.600000000
      vertex 43.600000000 24.652856494 4.600000000
    endloop
  endfacet
  facet normal -1 0 0
    outer loop
      vertex 33.600000000 18.879353803 3.000000000
      vertex 33.600000000 7.332348419 3.000000000
      vertex 33.600000000 7.332348419 4.600000000
    endloop
  endfacet
  facet normal -1 0 0
    outer loop
      vertex 33.600000000 18.879353803 3.000000000
      vertex 33.600000000 7.332348419 4.600000000
      vertex 33.600000000 18.879353803 4.600000000
    endloop
  endfacet
  facet normal -0.5 -0.866025404 0
    outer loop
      vertex 33.600000000 7.332348419 3.000000000
      vertex 43.600000000 1.558845727 3.000000000
      vertex 43.600000000 1.558845727 4.600000000
    endloop
  endfacet
  facet normal -0.5 -0.866025404 0
    outer loop
      vertex 33.600000000 7.332348419 3.000000000
      vertex 43.600000000 1.558845727 4.600000000
      vertex 33.600000000 7.332348419 4.600000000
    endloop
  endfacet
  facet normal 0.5 -0.866025404 0
    outer loop
      vertex 43.600000000 1.558845727 3.000000000
      vertex 53.600000000 7.332348419 3.000000000
      vertex 53.600000000 7.332348419 4.600000000
    endloop
  endfacet
  facet normal 0.5 -0.866025404 0
    outer loop
      vertex 43.600000000 1.558845727 3.000000000
      vertex 53.600000000 7.332348419 4.600000000
      vertex 43.600000000 1.558845727 4.600000000
    endloop
  endfacet
  facet normal 1 0 0
    outer loop
      vertex 53.600000000 7.332348419 3.000000000
      vertex 53.600000000 18.879353803 3.000000000
      vertex 53.600000000 18.879353803 4.600000000
    endloop
  endfacet
  facet normal 1 0 0
    outer loop
      vertex 53.600000000 7.332348419 3.000000000
      vertex 53.600000000 18.879353803 4.600000000
      vertex 53.600000000 7.332348419 4.600000000
    endloop
  endfacet
  facet normal 0.495722431 0.858616436 0.130526192
    outer loop
      vertex 53.600000000 18.879353803 4.600000000
      vertex 43.600000000 24.652856494 4.600000000
      vertex 43.600000000 24.621380121 4.807055236
    endloop
  endfacet
  facet normal 0.495722431 0.858616436 0.130526192
    outer loop
      vertex 53.600000000 18.879353803 4.600000000
      vertex 43.600000000 24.621380121 4.807055236
      vertex 53.572740661 18.863615616 4.807055236
    endloop
  endfacet
  facet normal -0.495722431 0.858616436 0.130526192
    outer loop
      vertex 43.600000000 24.652856494 4.600000000
      vertex 33.600000000 18.879353803 4.600000000
      vertex 33.627259339 18.863615616 4.807055236
    endloop
  endfacet
  facet normal -0.495722431 0.858616436 0.130526192
    outer loop
      vertex 43.600000000 24.652856494 4.600000000
      vertex 33.627259339 18.863615616 4.807055236
      vertex 43.600000000 24.621380121 4.807055236
    endloop
  endfacet
  facet normal -0.991444861 0 0.130526192
    outer loop
      vertex 33.600000000 18.879353803 4.600000000
      vertex 33.600000000 7.332348419 4.600000000
      vertex 33.627259339 7.348086605 4.807055236
    endloop
  endfacet
  facet normal -0.991444861 0 0.130526192
    outer loop
      vertex 33.600000000 18.879353803 4.600000000
      vertex 33.627259339 7.348086605 4.807055236
      vertex 33.627259339 18.863615616 4.807055236
    endloop
  endfacet
  facet normal -0.495722431 -0.858616436 0.130526192
    outer loop
      vertex 33.600000000 7.332348419 4.600000000
      vertex 43.600000000 1.558845727 4.600000000
      vertex 43.600000000 1.590322100 4.807055236
    endloop
  endfacet
  facet normal -0.495722431 -0.858616436 0.130526192
    outer loop
      vertex 33.600000000 7.332348419 4.600000000
      vertex 43.600000000 1.590322100 4.807055236
      vertex 33.627259339 7.348086605 4.807055236
    endloop
  endfacet
  facet normal 0.495722431 -0.858616436 0.130526192
    outer loop
      vertex 43.600000000 1.558845727 4.600000000
      vertex 53.600000000 7.332348419 4.600000000
      vertex 53.572740661 7.348086605 4.807055236
    endloop
  endfacet
  facet normal 0.495722431 -0.858616436 0.130526192
    outer loop
      vertex 43.600000000 1.558845727 4.600000000
      vertex 53.572740661 7.348086605 4.807055236
      vertex 43.600000000 1.590322100 4.807055236
    endloop
  endfacet
  facet normal 0.991444861 -0 0.130526192
    outer loop
      vertex 53.600000000 7.332348419 4.600000000
      vertex 53.600000000 18.879353803 4.600000000
      vertex 53.572740661 18.863615616 4.807055236
    endloop
  endfacet
  facet normal 0.991444861 0 0.130526192
    outer loop
      vertex 53.600000000 7.332348419 4.600000000
      vertex 53.572740661 18.863615616 4.807055236
      vertex 53.572740661 7.348086605 4.807055236
    endloop
  endfacet
  facet normal 0.461939766 0.800103145 0.382683432
    outer loop
      vertex 53.572740661 18.863615616 4.807055236
      vertex 43.600000000 24.621380121 4.807055236
      vertex 43.600000000 24.529096064 5.000000000
    endloop
  endfacet
  facet normal 0.461939766 0.800103145 0.382683432
    outer loop
      vertex 53.572740661 18.863615616 4.807055236
      vertex 43.600000000 24.529096064 5.000000000
      vertex 53.492820323 18.817473587 5.000000000
    endloop
  endfacet
  facet normal -0.461939766 0.800103145 0.382683432
    outer loop
      vertex 43.600000000 24.621380121 4.807055236
      vertex 33.627259339 18.863615616 4.807055236
      vertex 33.707179677 18.817473587 5.000000000
    endloop
  endfacet
  facet normal -0.461939766 0.800103145 0.382683432
    outer loop
      vertex 43.600000000 24.621380121 4.807055236
      vertex 33.707179677 18.817473587 5.000000000
      vertex 43.600000000 24.529096064 5.000000000
    endloop
  endfacet
  facet normal -0.923879533 0 0.382683432
    outer loop
      vertex 33.627259339 18.863615616 4.807055236
      vertex 33.627259339 7.348086605 4.807055236
      vertex 33.707179677 7.394228634 5.000000000
    endloop
  endfacet
  facet normal -0.923879533 0 0.382683432
    outer loop
      vertex 33.627259339 18.863615616 4.807055236
      vertex 33.707179677 7.394228634 5.000000000
      vertex 33.707179677 18.817473587 5.000000000
    endloop
  endfacet
  facet normal -0.461939766 -0.800103145 0.382683432
    outer loop
      vertex 33.627259339 7.348086605 4.807055236
      vertex 43.600000000 1.590322100 4.807055236
      vertex 43.600000000 1.682606158 5.000000000
    endloop
  endfacet
  facet normal -0.461939766 -0.800103145 0.382683432
    outer loop
      vertex 33.627259339 7.348086605 4.807055236
      vertex 43.600000000 1.682606158 5.000000000
      vertex 33.707179677 7.394228634 5.000000000
    endloop
  endfacet
  facet normal 0.461939766 -0.800103145 0.382683432
    outer loop
      vertex 43.600000000 1.590322100 4.807055236
      vertex 53.572740661 7.348086605 4.807055236
      vertex 53.492820323 7.394228634 5.000000000
    endloop
  endfacet
  facet normal 0.461939766 -0.800103145 0.382683432
    outer loop
      vertex 43.600000000 1.590322100 4.807055236
      vertex 53.492820323 7.394228634 5.000000000
      vertex 43.600000000 1.682606158 5.000000000
    endloop
  endfacet
  facet normal 0.923879533 -0 0.382683432
    outer loop
      vertex 53.572740661 7.348086605 4.807055236
      vertex 53.572740661 18.863615616 4.807055236
      vertex 53.492820323 18.817473587 5.000000000
    endloop
  endfacet
  facet normal 0.923879533 0 0.382683432
    outer loop
      vertex 53.572740661 7.348086605 4.807055236
      vertex 53.492820323 18.817473587 5.000000000
      vertex 53.492820323 7.394228634 5.000000000
    endloop
  endfacet
  facet normal 0.39667667 0.687064147 0.608761429
    outer loop
      vertex 53.492820323 18.817473587 5.000000000
      vertex 43.600000000 24.529096064 5.000000000
      vertex 43.600000000 24.382293328 5.165685425
    endloop
  endfacet
  facet normal 0.39667667 0.687064147 0.608761429
    outer loop
      vertex 53.492820323 18.817473587 5.000000000
      vertex 43.600000000 24.382293328 5.165685425
      vertex 53.365685425 18.744072220 5.165685425
    endloop
  endfacet
  facet normal -0.39667667 0.687064147 0.608761429
    outer loop
      vertex 43.600000000 24.529096064 5.000000000
      vertex 33.707179677 18.817473587 5.000000000
      vertex 33.834314575 18.744072220 5.165685425
    endloop
  endfacet
  facet normal -0.39667667 0.687064147 0.608761429
    outer loop
      vertex 43.600000000 24.529096064 5.000000000
      vertex 33.834314575 18.744072220 5.165685425
      vertex 43.600000000 24.382293328 5.165685425
    endloop
  endfacet
  facet normal -0.79335334 0 0.608761429
    outer loop
      vertex 33.707179677 18.817473587 5.000000000
      vertex 33.707179677 7.394228634 5.000000000
      vertex 33.834314575 7.467630002 5.165685425
    endloop
  endfacet
  facet normal -0.79335334 0 0.608761429
    outer loop
      vertex 33.707179677 18.817473587 5.000000000
      vertex 33.834314575 7.467630002 5.165685425
      vertex 33.834314575 18.744072220 5.165685425
    endloop
  endfacet
  facet normal -0.39667667 -0.687064147 0.608761429
    outer loop
      vertex 33.707179677 7.394228634 5.000000000
      vertex 43.600000000 1.682606158 5.000000000
      vertex 43.600000000 1.829408893 5.165685425
    endloop
  endfacet
  facet normal -0.39667667 -0.687064147 0.608761429
    outer loop
      vertex 33.707179677 7.394228634 5.000000000
      vertex 43.600000000 1.829408893 5.165685425
      vertex 33.834314575 7.467630002 5.165685425
    endloop
  endfacet
  facet normal 0.39667667 -0.687064147 0.608761429
    outer loop
      vertex 43.600000000 1.682606158 5.000000000
      vertex 53.492820323 7.394228634 5.000000000
      vertex 53.365685425 7.467630002 5.165685425
    endloop
  endfacet
  facet normal 0.39667667 -0.687064147 0.608761429
    outer loop
      vertex 43.600000000 1.682606158 5.000000000
      vertex 53.365685425 7.467630002 5.165685425
      vertex 43.600000000 1.829408893 5.165685425
    endloop
  endfacet
  facet normal 0.79335334 -0 0.608761429
    outer loop
      vertex 53.492820323 7.394228634 5.000000000
      vertex 53.492820323 18.817473587 5.000000000
      vertex 53.365685425 18.744072220 5.165685425
    endloop
  endfacet
  facet normal 0.79335334 0 0.608761429
    outer loop
      vertex 53.492820323 7.394228634 5.000000000
      vertex 53.365685425 18.744072220 5.165685425
      vertex 53.365685425 7.467630002 5.165685425
    endloop
  endfacet
  facet normal 0.304380714 0.527202862 0.79335334
    outer loop
      vertex 53.365685425 18.744072220 5.165685425
      vertex 43.600000000 24.382293328 5.165685425
      vertex 43.600000000 24.190976279 5.292820323
    endloop
  endfacet
  facet normal 0.304380714 0.527202862 0.79335334
    outer loop
      vertex 53.365685425 18.744072220 5.165685425
      vertex 43.600000000 24.190976279 5.292820323
      vertex 53.200000000 18.648413695 5.292820323
    endloop
  endfacet
  facet normal -0.304380714 0.527202862 0.79335334
    outer loop
      vertex 43.600000000 24.382293328 5.165685425
      vertex 33.834314575 18.744072220 5.165685425
      vertex 34.000000000 18.648413695 5.292820323
    endloop
  endfacet
  facet normal -0.304380714 0.527202862 0.79335334
    outer loop
      vertex 43.600000000 24.382293328 5.165685425
      vertex 34.000000000 18.648413695 5.292820323
      vertex 43.600000000 24.190976279 5.292820323
    endloop
  endfacet
  facet normal -0.608761429 0 0.79335334
    outer loop
      vertex 33.834314575 18.744072220 5.165685425
      vertex 33.834314575 7.467630002 5.165685425
      vertex 34.000000000 7.563288526 5.292820323
    endloop
  endfacet
  facet normal -0.608761429 0 0.79335334
    outer loop
      vertex 33.834314575 18.744072220 5.165685425
      vertex 34.000000000 7.563288526 5.292820323
      vertex 34.000000000 18.648413695 5.292820323
    endloop
  endfacet
  facet normal -0.304380714 -0.527202862 0.79335334
    outer loop
      vertex 33.834314575 7.467630002 5.165685425
      vertex 43.600000000 1.829408893 5.165685425
      vertex 43.600000000 2.020725942 5.292820323
    endloop
  endfacet
  facet normal -0.304380714 -0.527202862 0.79335334
    outer loop
      vertex 33.834314575 7.467630002 5.165685425
      vertex 43.600000000 2.020725942 5.292820323
      vertex 34.000000000 7.563288526 5.292820323
    endloop
  endfacet
  facet normal 0.304380714 -0.527202862 0.79335334
    outer loop
      vertex 43.600000000 1.829408893 5.165685425
      vertex 53.365685425 7.467630002 5.165685425
      vertex 53.200000000 7.563288526 5.292820323
    endloop
  endfacet
  facet normal 0.304380714 -0.527202862 0.79335334
    outer loop
      vertex 43.600000000 1.829408893 5.165685425
      vertex 53.200000000 7.563288526 5.292820323
      vertex 43.600000000 2.020725942 5.292820323
    endloop
  endfacet
  facet normal 0.608761429 -0 0.79335334
    outer loop
      vertex 53.365685425 7.467630002 5.165685425
      vertex 53.365685425 18.744072220 5.165685425
      vertex 53.200000000 18.648413695 5.292820323
    endloop
  endfacet
  facet normal 0.608761429 0 0.79335334
    outer loop
      vertex 53.365685425 7.467630002 5.165685425
      vertex 53.200000000 18.648413695 5.292820323
      vertex 53.200000000 7.563288526 5.292820323
    endloop
  endfacet
  facet normal 0.191341716 0.331413574 0.923879533
    outer loop
      vertex 53.200000000 18.648413695 5.292820323
      vertex 43.600000000 24.190976279 5.292820323
      vertex 43.600000000 23.968182856 5.372740661
    endloop
  endfacet
  facet normal 0.191341716 0.331413574 0.923879533
    outer loop
      vertex 53.200000000 18.648413695 5.292820323
      vertex 43.600000000 23.968182856 5.372740661
      vertex 53.007055236 18.537016983 5.372740661
    endloop
  endfacet
  facet normal -0.191341716 0.331413574 0.923879533
    outer loop
      vertex 43.600000000 24.190976279 5.292820323
      vertex 34.000000000 18.648413695 5.292820323
      vertex 34.192944764 18.537016983 5.372740661
    endloop
  endfacet
  facet normal -0.191341716 0.331413574 0.923879533
    outer loop
      vertex 43.600000000 24.190976279 5.292820323
      vertex 34.192944764 18.537016983 5.372740661
      vertex 43.600000000 23.968182856 5.372740661
    endloop
  endfacet
  facet normal -0.382683432 0 0.923879533
    outer loop
      vertex 34.000000000 18.648413695 5.292820323
      vertex 34.000000000 7.563288526 5.292820323
      vertex 34.192944764 7.674685238 5.372740661
    endloop
  endfacet
  facet normal -0.382683432 0 0.923879533
    outer loop
      vertex 34.000000000 18.648413695 5.292820323
      vertex 34.192944764 7.674685238 5.372740661
      vertex 34.192944764 18.537016983 5.372740661
    endloop
  endfacet
  facet normal -0.191341716 -0.331413574 0.923879533
    outer loop
      vertex 34.000000000 7.563288526 5.292820323
      vertex 43.600000000 2.020725942 5.292820323
      vertex 43.600000000 2.243519365 5.372740661
    endloop
  endfacet
  facet normal -0.191341716 -0.331413574 0.923879533
    outer loop
      vertex 34.000000000 7.563288526 5.292820323
      vertex 43.600000000 2.243519365 5.372740661
      vertex 34.192944764 7.674685238 5.372740661
    endloop
  endfacet
  facet normal 0.191341716 -0.331413574 0.923879533
    outer loop
      vertex 43.600000000 2.020725942 5.292820323
      vertex 53.200000000 7.563288526 5.292820323
      vertex 53.007055236 7.674685238 5.372740661
    endloop
  endfacet
  facet normal 0.191341716 -0.331413574 0.923879533
    outer loop
      vertex 43.600000000 2.020725942 5.292820323
      vertex 53.007055236 7.674685238 5.372740661
      vertex 43.600000000 2.243519365 5.372740661
    endloop
  endfacet
  facet normal 0.382683432 -0 0.923879533
    outer loop
      vertex 53.200000000 7.563288526 5.292820323
      vertex 53.200000000 18.648413695 5.292820323
      vertex 53.007055236 18.537016983 5.372740661
    endloop
  endfacet
  facet normal 0.382683432 0 0.923879533
    outer loop
      vertex 53.200000000 7.563288526 5.292820323
      vertex 53.007055236 18.537016983 5.372740661
      vertex 53.007055236 7.674685238 5.372740661
    endloop
  endfacet
  facet normal 0.0652630962 0.113038998 0.991444861
    outer loop
      vertex 53.007055236 18.537016983 5.372740661
      vertex 43.600000000 23.968182856 5.372740661
      vertex 43.600000000 23.729096064 5.400000000
    endloop
  endfacet
  facet normal 0.0652630962 0.113038998 0.991444861
    outer loop
      vertex 53.007055236 18.537016983 5.372740661
      vertex 43.600000000 23.729096064 5.400000000
      vertex 52.800000000 18.417473587 5.400000000
    endloop
  endfacet
  facet normal -0.0652630962 0.113038998 0.991444861
    outer loop
      vertex 43.600000000 23.968182856 5.372740661
      vertex 34.192944764 18.537016983 5.372740661
      vertex 34.400000000 18.417473587 5.400000000
    endloop
  endfacet
  facet normal -0.0652630962 0.113038998 0.991444861
    outer loop
      vertex 43.600000000 23.968182856 5.372740661
      vertex 34.400000000 18.417473587 5.400000000
      vertex 43.600000000 23.729096064 5.400000000
    endloop
  endfacet
  facet normal -0.130526192 0 0.991444861
    outer loop
      vertex 34.192944764 18.537016983 5.372740661
      vertex 34.192944764 7.674685238 5.372740661
      vertex 34.400000000 7.794228634 5.400000000
    endloop
  endfacet
  facet normal -0.130526192 0 0.991444861
    outer loop
      vertex 34.192944764 18.537016983 5.372740661
      vertex 34.400000000 7.794228634 5.400000000
      vertex 34.400000000 18.417473587 5.400000000
    endloop
  endfacet
  facet normal -0.0652630962 -0.113038998 0.991444861
    outer loop
      vertex 34.192944764 7.674685238 5.372740661
      vertex 43.600000000 2.243519365 5.372740661
      vertex 43.600000000 2.482606158 5.400000000
    endloop
  endfacet
  facet normal -0.0652630962 -0.113038998 0.991444861
    outer loop
      vertex 34.192944764 7.674685238 5.372740661
      vertex 43.600000000 2.482606158 5.400000000
      vertex 34.400000000 7.794228634 5.400000000
    endloop
  endfacet
  facet normal 0.0652630962 -0.113038998 0.991444861
    outer loop
      vertex 43.600000000 2.243519365 5.372740661
      vertex 53.007055236 7.674685238 5.372740661
      vertex 52.800000000 7.794228634 5.400000000
    endloop
  endfacet
  facet normal 0.0652630962 -0.113038998 0.991444861
    outer loop
      vertex 43.600000000 2.243519365 5.372740661
      vertex 52.800000000 7.794228634 5.400000000
      vertex 43.600000000 2.482606158 5.400000000
    endloop
  endfacet
  facet normal 0.130526192 -0 0.991444861
    outer loop
      vertex 53.007055236 7.674685238 5.372740661
      vertex 53.007055236 18.537016983 5.372740661
      vertex 52.800000000 18.417473587 5.400000000
    endloop
  endfacet
  facet normal 0.130526192 0 0.991444861
    outer loop
      vertex 53.007055236 7.674685238 5.372740661
      vertex 52.800000000 18.417473587 5.400000000
      vertex 52.800000000 7.794228634 5.400000000
    endloop
  endfacet
  facet normal 0 0 1
    outer loop
      vertex 52.800000000 18.417473587 5.400000000
      vertex 43.600000000 23.729096064 5.400000000
      vertex 34.400000000 18.417473587 5.400000000
    endloop
  endfacet
  facet normal 0 0 1
    outer loop
      vertex 52.800000000 18.417473587 5.400000000
      vertex 34.400000000 18.417473587 5.400000000
      vertex 34.400000000 7.794228634 5.400000000
    endloop
  endfacet
  facet normal 0 0 1
    outer loop
      vertex 52.800000000 18.417473587 5.400000000
      vertex 34.400000000 7.794228634 5.400000000
      vertex 43.600000000 2.482606158 5.400000000
    endloop
  endfacet
  facet normal 0 0 1
    outer loop
      vertex 52.800000000 18.417473587 5.400000000
      vertex 43.600000000 2.482606158 5.400000000
      vertex 52.800000000 7.794228634 5.400000000
    endloop
  endfacet
  facet normal 0 0 -1
    outer loop
      vertex 75.400000000 18.879353803 3.000000000
      vertex 55.400000000 18.879353803 3.000000000
      vertex 65.400000000 24.652856494 3.000000000
    endloop
  endfacet
  facet normal -0 0 -1
    outer loop
      vertex 75.400000000 18.879353803 3.000000000
      vertex 55.400000000 7.332348419 3.000000000
      vertex 55.400000000 18.879353803 3.000000000
    endloop
  endfacet
  facet normal 0 0 -1
    outer loop
      vertex 75.400000000 18.879353803 3.000000000
      vertex 65.400000000 1.558845727 3.000000000
      vertex 55.400000000 7.332348419 3.000000000
    endloop
  endfacet
  facet normal 0 0 -1
    outer loop
      vertex 75.400000000 18.879353803 3.000000000
      vertex 75.400000000 7.332348419 3.000000000
      vertex 65.400000000 1.558845727 3.000000000
    endloop
  endfacet
  facet normal 0.5 0.866025404 0
    outer loop
      vertex 75.400000000 18.879353803 3.000000000
      vertex 65.400000000 24.652856494 3.000000000
      vertex 65.400000000 24.652856494 4.600000000
    endloop
  endfacet
  facet normal 0.5 0.866025404 -0
    outer loop
      vertex 75.400000000 18.879353803 3.000000000
      vertex 65.400000000 24.652856494 4.600000000
      vertex 75.400000000 18.879353803 4.600000000
    endloop
  endfacet
  facet normal -0.5 0.866025404 0
    outer loop
      vertex 65.400000000 24.652856494 3.000000000
      vertex 55.400000000 18.879353803 3.000000000
      vertex 55.400000000 18.879353803 4.600000000
    endloop
  endfacet
  facet normal -0.5 0.866025404 0
    outer loop
      vertex 65.400000000 24.652856494 3.000000000
      vertex 55.400000000 18.879353803 4.600000000
      vertex 65.400000000 24.652856494 4.600000000
    endloop
  endfacet
  facet normal -1 0 0
    outer loop
      vertex 55.400000000 18.879353803 3.000000000
      vertex 55.400000000 7.332348419 3.000000000
      vertex 55.400000000 7.332348419 4.600000000
    endloop
  endfacet
  facet normal -1 0 0
    outer loop
      vertex 55.400000000 18.879353803 3.000000000
      vertex 55.400000000 7.332348419 4.600000000
      vertex 55.400000000 18.879353803 4.600000000
    endloop
  endfacet
  facet normal -0.5 -0.866025404 0
    outer loop
      vertex 55.400000000 7.332348419 3.000000000
      vertex 65.400000000 1.558845727 3.000000000
      vertex 65.400000000 1.558845727 4.600000000
    endloop
  endfacet
  facet normal -0.5 -0.866025404 0
    outer loop
      vertex 55.400000000 7.332348419 3.000000000
      vertex 65.400000000 1.558845727 4.600000000
      vertex 55.400000000 7.332348419 4.600000000
    endloop
  endfacet
  facet normal 0.5 -0.866025404 0
    outer loop
      vertex 65.400000000 1.558845727 3.000000000
      vertex 75.400000000 7.332348419 3.000000000
      vertex 75.400000000 7.332348419 4.600000000
    endloop
  endfacet
  facet normal 0.5 -0.866025404 0
    outer loop
      vertex 65.400000000 1.558845727 3.000000000
      vertex 75.400000000 7.332348419 4.600000000
      vertex 65.400000000 1.558845727 4.600000000
    endloop
  endfacet
  facet normal 1 -1.23069612e-15 0
    outer loop
      vertex 75.400000000 7.332348419 3.000000000
      vertex 75.400000000 18.879353803 3.000000000
      vertex 75.400000000 18.879353803 4.600000000
    endloop
  endfacet
  facet normal 1 -1.23069612e-15 0
    outer loop
      vertex 75.400000000 7.332348419 3.000000000
      vertex 75.400000000 18.879353803 4.600000000
      vertex 75.400000000 7.332348419 4.600000000
    endloop
  endfacet
  facet normal 0.495722431 0.858616436 0.130526192
    outer loop
      vertex 75.400000000 18.879353803 4.600000000
      vertex 65.400000000 24.652856494 4.600000000
      vertex 65.400000000 24.621380121 4.807055236
    endloop
  endfacet
  facet normal 0.495722431 0.858616436 0.130526192
    outer loop
      vertex 75.400000000 18.879353803 4.600000000
      vertex 65.400000000 24.621380121 4.807055236
      vertex 75.372740661 18.863615616 4.807055236
    endloop
  endfacet
  facet normal -0.495722431 0.858616436 0.130526192
    outer loop
      vertex 65.400000000 24.652856494 4.600000000
      vertex 55.400000000 18.879353803 4.600000000
      vertex 55.427259339 18.863615616 4.807055236
    endloop
  endfacet
  facet normal -0.495722431 0.858616436 0.130526192
    outer loop
      vertex 65.400000000 24.652856494 4.600000000
      vertex 55.427259339 18.863615616 4.807055236
      vertex 65.400000000 24.621380121 4.807055236
    endloop
  endfacet
  facet normal -0.991444861 0 0.130526192
    outer loop
      vertex 55.400000000 18.879353803 4.600000000
      vertex 55.400000000 7.332348419 4.600000000
      vertex 55.427259339 7.348086605 4.807055236
    endloop
  endfacet
  facet normal -0.991444861 0 0.130526192
    outer loop
      vertex 55.400000000 18.879353803 4.600000000
      vertex 55.427259339 7.348086605 4.807055236
      vertex 55.427259339 18.863615616 4.807055236
    endloop
  endfacet
  facet normal -0.495722431 -0.858616436 0.130526192
    outer loop
      vertex 55.400000000 7.332348419 4.600000000
      vertex 65.400000000 1.558845727 4.600000000
      vertex 65.400000000 1.590322100 4.807055236
    endloop
  endfacet
  facet normal -0.495722431 -0.858616436 0.130526192
    outer loop
      vertex 55.400000000 7.332348419 4.600000000
      vertex 65.400000000 1.590322100 4.807055236
      vertex 55.427259339 7.348086605 4.807055236
    endloop
  endfacet
  facet normal 0.495722431 -0.858616436 0.130526192
    outer loop
      vertex 65.400000000 1.558845727 4.600000000
      vertex 75.400000000 7.332348419 4.600000000
      vertex 75.372740661 7.348086605 4.807055236
    endloop
  endfacet
  facet normal 0.495722431 -0.858616436 0.130526192
    outer loop
      vertex 65.400000000 1.558845727 4.600000000
      vertex 75.372740661 7.348086605 4.807055236
      vertex 65.400000000 1.590322100 4.807055236
    endloop
  endfacet
  facet normal 0.991444861 -1.22016734e-15 0.130526192
    outer loop
      vertex 75.400000000 7.332348419 4.600000000
      vertex 75.400000000 18.879353803 4.600000000
      vertex 75.372740661 18.863615616 4.807055236
    endloop
  endfacet
  facet normal 0.991444861 -1.2233608e-15 0.130526192
    outer loop
      vertex 75.400000000 7.332348419 4.600000000
      vertex 75.372740661 18.863615616 4.807055236
      vertex 75.372740661 7.348086605 4.807055236
    endloop
  endfacet
  facet normal 0.461939766 0.800103145 0.382683432
    outer loop
      vertex 75.372740661 18.863615616 4.807055236
      vertex 65.400000000 24.621380121 4.807055236
      vertex 65.400000000 24.529096064 5.000000000
    endloop
  endfacet
  facet normal 0.461939766 0.800103145 0.382683432
    outer loop
      vertex 75.372740661 18.863615616 4.807055236
      vertex 65.400000000 24.529096064 5.000000000
      vertex 75.292820323 18.817473587 5.000000000
    endloop
  endfacet
  facet normal -0.461939766 0.800103145 0.382683432
    outer loop
      vertex 65.400000000 24.621380121 4.807055236
      vertex 55.427259339 18.863615616 4.807055236
      vertex 55.507179677 18.817473587 5.000000000
    endloop
  endfacet
  facet normal -0.461939766 0.800103145 0.382683432
    outer loop
      vertex 65.400000000 24.621380121 4.807055236
      vertex 55.507179677 18.817473587 5.000000000
      vertex 65.400000000 24.529096064 5.000000000
    endloop
  endfacet
  facet normal -0.923879533 0 0.382683432
    outer loop
      vertex 55.427259339 18.863615616 4.807055236
      vertex 55.427259339 7.348086605 4.807055236
      vertex 55.507179677 7.394228634 5.000000000
    endloop
  endfacet
  facet normal -0.923879533 0 0.382683432
    outer loop
      vertex 55.427259339 18.863615616 4.807055236
      vertex 55.507179677 7.394228634 5.000000000
      vertex 55.507179677 18.817473587 5.000000000
    endloop
  endfacet
  facet normal -0.461939766 -0.800103145 0.382683432
    outer loop
      vertex 55.427259339 7.348086605 4.807055236
      vertex 65.400000000 1.590322100 4.807055236
      vertex 65.400000000 1.682606158 5.000000000
    endloop
  endfacet
  facet normal -0.461939766 -0.800103145 0.382683432
    outer loop
      vertex 55.427259339 7.348086605 4.807055236
      vertex 65.400000000 1.682606158 5.000000000
      vertex 55.507179677 7.394228634 5.000000000
    endloop
  endfacet
  facet normal 0.461939766 -0.800103145 0.382683432
    outer loop
      vertex 65.400000000 1.590322100 4.807055236
      vertex 75.372740661 7.348086605 4.807055236
      vertex 75.292820323 7.394228634 5.000000000
    endloop
  endfacet
  facet normal 0.461939766 -0.800103145 0.382683432
    outer loop
      vertex 65.400000000 1.590322100 4.807055236
      vertex 75.292820323 7.394228634 5.000000000
      vertex 65.400000000 1.682606158 5.000000000
    endloop
  endfacet
  facet normal 0.923879533 -1.14012285e-15 0.382683432
    outer loop
      vertex 75.372740661 7.348086605 4.807055236
      vertex 75.372740661 18.863615616 4.807055236
      vertex 75.292820323 18.817473587 5.000000000
    endloop
  endfacet
  facet normal 0.923879533 -1.14889464e-15 0.382683432
    outer loop
      vertex 75.372740661 7.348086605 4.807055236
      vertex 75.292820323 18.817473587 5.000000000
      vertex 75.292820323 7.394228634 5.000000000
    endloop
  endfacet
  facet normal 0.39667667 0.687064147 0.608761429
    outer loop
      vertex 75.292820323 18.817473587 5.000000000
      vertex 65.400000000 24.529096064 5.000000000
      vertex 65.400000000 24.382293328 5.165685425
    endloop
  endfacet
  facet normal 0.39667667 0.687064147 0.608761429
    outer loop
      vertex 75.292820323 18.817473587 5.000000000
      vertex 65.400000000 24.382293328 5.165685425
      vertex 75.165685425 18.744072220 5.165685425
    endloop
  endfacet
  facet normal -0.39667667 0.687064147 0.608761429
    outer loop
      vertex 65.400000000 24.529096064 5.000000000
      vertex 55.507179677 18.817473587 5.000000000
      vertex 55.634314575 18.744072220 5.165685425
    endloop
  endfacet
  facet normal -0.39667667 0.687064147 0.608761429
    outer loop
      vertex 65.400000000 24.529096064 5.000000000
      vertex 55.634314575 18.744072220 5.165685425
      vertex 65.400000000 24.382293328 5.165685425
    endloop
  endfacet
  facet normal -0.79335334 0 0.608761429
    outer loop
      vertex 55.507179677 18.817473587 5.000000000
      vertex 55.507179677 7.394228634 5.000000000
      vertex 55.634314575 7.467630002 5.165685425
    endloop
  endfacet
  facet normal -0.79335334 0 0.608761429
    outer loop
      vertex 55.507179677 18.817473587 5.000000000
      vertex 55.634314575 7.467630002 5.165685425
      vertex 55.634314575 18.744072220 5.165685425
    endloop
  endfacet
  facet normal -0.39667667 -0.687064147 0.608761429
    outer loop
      vertex 55.507179677 7.394228634 5.000000000
      vertex 65.400000000 1.682606158 5.000000000
      vertex 65.400000000 1.829408893 5.165685425
    endloop
  endfacet
  facet normal -0.39667667 -0.687064147 0.608761429
    outer loop
      vertex 55.507179677 7.394228634 5.000000000
      vertex 65.400000000 1.829408893 5.165685425
      vertex 55.634314575 7.467630002 5.165685425
    endloop
  endfacet
  facet normal 0.39667667 -0.687064147 0.608761429
    outer loop
      vertex 65.400000000 1.682606158 5.000000000
      vertex 75.292820323 7.394228634 5.000000000
      vertex 75.165685425 7.467630002 5.165685425
    endloop
  endfacet
  facet normal 0.39667667 -0.687064147 0.608761429
    outer loop
      vertex 65.400000000 1.682606158 5.000000000
      vertex 75.165685425 7.467630002 5.165685425
      vertex 65.400000000 1.829408893 5.165685425
    endloop
  endfacet
  facet normal 0.79335334 -9.86955029e-16 0.608761429
    outer loop
      vertex 75.292820323 7.394228634 5.000000000
      vertex 75.292820323 18.817473587 5.000000000
      vertex 75.165685425 18.744072220 5.165685425
    endloop
  endfacet
  facet normal 0.79335334 -9.98849818e-16 0.608761429
    outer loop
      vertex 75.292820323 7.394228634 5.000000000
      vertex 75.165685425 18.744072220 5.165685425
      vertex 75.165685425 7.467630002 5.165685425
    endloop
  endfacet
  facet normal 0.304380714 0.527202862 0.79335334
    outer loop
      vertex 75.165685425 18.744072220 5.165685425
      vertex 65.400000000 24.382293328 5.165685425
      vertex 65.400000000 24.190976279 5.292820323
    endloop
  endfacet
  facet normal 0.304380714 0.527202862 0.79335334
    outer loop
      vertex 75.165685425 18.744072220 5.165685425
      vertex 65.400000000 24.190976279 5.292820323
      vertex 75.000000000 18.648413695 5.292820323
    endloop
  endfacet
  facet normal -0.304380714 0.527202862 0.79335334
    outer loop
      vertex 65.400000000 24.382293328 5.165685425
      vertex 55.634314575 18.744072220 5.165685425
      vertex 55.800000000 18.648413695 5.292820323
    endloop
  endfacet
  facet normal -0.304380714 0.527202862 0.79335334
    outer loop
      vertex 65.400000000 24.382293328 5.165685425
      vertex 55.800000000 18.648413695 5.292820323
      vertex 65.400000000 24.190976279 5.292820323
    endloop
  endfacet
  facet normal -0.608761429 0 0.79335334
    outer loop
      vertex 55.634314575 18.744072220 5.165685425
      vertex 55.634314575 7.467630002 5.165685425
      vertex 55.800000000 7.563288526 5.292820323
    endloop
  endfacet
  facet normal -0.608761429 0 0.79335334
    outer loop
      vertex 55.634314575 18.744072220 5.165685425
      vertex 55.800000000 7.563288526 5.292820323
      vertex 55.800000000 18.648413695 5.292820323
    endloop
  endfacet
  facet normal -0.304380714 -0.527202862 0.79335334
    outer loop
      vertex 55.634314575 7.467630002 5.165685425
      vertex 65.400000000 1.829408893 5.165685425
      vertex 65.400000000 2.020725942 5.292820323
    endloop
  endfacet
  facet normal -0.304380714 -0.527202862 0.79335334
    outer loop
      vertex 55.634314575 7.467630002 5.165685425
      vertex 65.400000000 2.020725942 5.292820323
      vertex 55.800000000 7.563288526 5.292820323
    endloop
  endfacet
  facet normal 0.304380714 -0.527202862 0.79335334
    outer loop
      vertex 65.400000000 1.829408893 5.165685425
      vertex 75.165685425 7.467630002 5.165685425
      vertex 75.000000000 7.563288526 5.292820323
    endloop
  endfacet
  facet normal 0.304380714 -0.527202862 0.79335334
    outer loop
      vertex 65.400000000 1.829408893 5.165685425
      vertex 75.000000000 7.563288526 5.292820323
      vertex 65.400000000 2.020725942 5.292820323
    endloop
  endfacet
  facet normal 0.608761429 -7.67176389e-16 0.79335334
    outer loop
      vertex 75.165685425 7.467630002 5.165685425
      vertex 75.165685425 18.744072220 5.165685425
      vertex 75.000000000 18.648413695 5.292820323
    endloop
  endfacet
  facet normal 0.608761429 -7.80799852e-16 0.79335334
    outer loop
      vertex 75.165685425 7.467630002 5.165685425
      vertex 75.000000000 18.648413695 5.292820323
      vertex 75.000000000 7.563288526 5.292820323
    endloop
  endfacet
  facet normal 0.191341716 0.331413574 0.923879533
    outer loop
      vertex 75.000000000 18.648413695 5.292820323
      vertex 65.400000000 24.190976279 5.292820323
      vertex 65.400000000 23.968182856 5.372740661
    endloop
  endfacet
  facet normal 0.191341716 0.331413574 0.923879533
    outer loop
      vertex 75.000000000 18.648413695 5.292820323
      vertex 65.400000000 23.968182856 5.372740661
      vertex 74.807055236 18.537016983 5.372740661
    endloop
  endfacet
  facet normal -0.191341716 0.331413574 0.923879533
    outer loop
      vertex 65.400000000 24.190976279 5.292820323
      vertex 55.800000000 18.648413695 5.292820323
      vertex 55.992944764 18.537016983 5.372740661
    endloop
  endfacet
  facet normal -0.191341716 0.331413574 0.923879533
    outer loop
      vertex 65.400000000 24.190976279 5.292820323
      vertex 55.992944764 18.537016983 5.372740661
      vertex 65.400000000 23.968182856 5.372740661
    endloop
  endfacet
  facet normal -0.382683432 0 0.923879533
    outer loop
      vertex 55.800000000 18.648413695 5.292820323
      vertex 55.800000000 7.563288526 5.292820323
      vertex 55.992944764 7.674685238 5.372740661
    endloop
  endfacet
  facet normal -0.382683432 0 0.923879533
    outer loop
      vertex 55.800000000 18.648413695 5.292820323
      vertex 55.992944764 7.674685238 5.372740661
      vertex 55.992944764 18.537016983 5.372740661
    endloop
  endfacet
  facet normal -0.191341716 -0.331413574 0.923879533
    outer loop
      vertex 55.800000000 7.563288526 5.292820323
      vertex 65.400000000 2.020725942 5.292820323
      vertex 65.400000000 2.243519365 5.372740661
    endloop
  endfacet
  facet normal -0.191341716 -0.331413574 0.923879533
    outer loop
      vertex 55.800000000 7.563288526 5.292820323
      vertex 65.400000000 2.243519365 5.372740661
      vertex 55.992944764 7.674685238 5.372740661
    endloop
  endfacet
  facet normal 0.191341716 -0.331413574 0.923879533
    outer loop
      vertex 65.400000000 2.020725942 5.292820323
      vertex 75.000000000 7.563288526 5.292820323
      vertex 74.807055236 7.674685238 5.372740661
    endloop
  endfacet
  facet normal 0.191341716 -0.331413574 0.923879533
    outer loop
      vertex 65.400000000 2.020725942 5.292820323
      vertex 74.807055236 7.674685238 5.372740661
      vertex 65.400000000 2.243519365 5.372740661
    endloop
  endfacet
  facet normal 0.382683432 -4.90590641e-16 0.923879533
    outer loop
      vertex 75.000000000 7.563288526 5.292820323
      vertex 75.000000000 18.648413695 5.292820323
      vertex 74.807055236 18.537016983 5.372740661
    endloop
  endfacet
  facet normal 0.382683432 -5.00876714e-16 0.923879533
    outer loop
      vertex 75.000000000 7.563288526 5.292820323
      vertex 74.807055236 18.537016983 5.372740661
      vertex 74.807055236 7.674685238 5.372740661
    endloop
  endfacet
  facet normal 0.0652630962 0.113038998 0.991444861
    outer loop
      vertex 74.807055236 18.537016983 5.372740661
      vertex 65.400000000 23.968182856 5.372740661
      vertex 65.400000000 23.729096064 5.400000000
    endloop
  endfacet
  facet normal 0.0652630962 0.113038998 0.991444861
    outer loop
      vertex 74.807055236 18.537016983 5.372740661
      vertex 65.400000000 23.729096064 5.400000000
      vertex 74.600000000 18.417473587 5.400000000
    endloop
  endfacet
  facet normal -0.0652630962 0.113038998 0.991444861
    outer loop
      vertex 65.400000000 23.968182856 5.372740661
      vertex 55.992944764 18.537016983 5.372740661
      vertex 56.200000000 18.417473587 5.400000000
    endloop
  endfacet
  facet normal -0.0652630962 0.113038998 0.991444861
    outer loop
      vertex 65.400000000 23.968182856 5.372740661
      vertex 56.200000000 18.417473587 5.400000000
      vertex 65.400000000 23.729096064 5.400000000
    endloop
  endfacet
  facet normal -0.130526192 0 0.991444861
    outer loop
      vertex 55.992944764 18.537016983 5.372740661
      vertex 55.992944764 7.674685238 5.372740661
      vertex 56.200000000 7.794228634 5.400000000
    endloop
  endfacet
  facet normal -0.130526192 0 0.991444861
    outer loop
      vertex 55.992944764 18.537016983 5.372740661
      vertex 56.200000000 7.794228634 5.400000000
      vertex 56.200000000 18.417473587 5.400000000
    endloop
  endfacet
  facet normal -0.0652630962 -0.113038998 0.991444861
    outer loop
      vertex 55.992944764 7.674685238 5.372740661
      vertex 65.400000000 2.243519365 5.372740661
      vertex 65.400000000 2.482606158 5.400000000
    endloop
  endfacet
  facet normal -0.0652630962 -0.113038998 0.991444861
    outer loop
      vertex 55.992944764 7.674685238 5.372740661
      vertex 65.400000000 2.482606158 5.400000000
      vertex 56.200000000 7.794228634 5.400000000
    endloop
  endfacet
  facet normal 0.0652630962 -0.113038998 0.991444861
    outer loop
      vertex 65.400000000 2.243519365 5.372740661
      vertex 74.807055236 7.674685238 5.372740661
      vertex 74.600000000 7.794228634 5.400000000
    endloop
  endfacet
  facet normal 0.0652630962 -0.113038998 0.991444861
    outer loop
      vertex 65.400000000 2.243519365 5.372740661
      vertex 74.600000000 7.794228634 5.400000000
      vertex 65.400000000 2.482606158 5.400000000
    endloop
  endfacet
  facet normal 0.130526192 -1.70763405e-16 0.991444861
    outer loop
      vertex 74.807055236 7.674685238 5.372740661
      vertex 74.807055236 18.537016983 5.372740661
      vertex 74.600000000 18.417473587 5.400000000
    endloop
  endfacet
  facet normal 0.130526192 -1.74365385e-16 0.991444861
    outer loop
      vertex 74.807055236 7.674685238 5.372740661
      vertex 74.600000000 18.417473587 5.400000000
      vertex 74.600000000 7.794228634 5.400000000
    endloop
  endfacet
  facet normal 0 0 1
    outer loop
      vertex 74.600000000 18.417473587 5.400000000
      vertex 65.400000000 23.729096064 5.400000000
      vertex 56.200000000 18.417473587 5.400000000
    endloop
  endfacet
  facet normal 0 0 1
    outer loop
      vertex 74.600000000 18.417473587 5.400000000
      vertex 56.200000000 18.417473587 5.400000000
      vertex 56.200000000 7.794228634 5.400000000
    endloop
  endfacet
  facet normal 0 0 1
    outer loop
      vertex 74.600000000 18.417473587 5.400000000
      vertex 56.200000000 7.794228634 5.400000000
      vertex 65.400000000 2.482606158 5.400000000
    endloop
  endfacet
  facet normal 0 0 1
    outer loop
      vertex 74.600000000 18.417473587 5.400000000
      vertex 65.400000000 2.482606158 5.400000000
      vertex 74.600000000 7.794228634 5.400000000
    endloop
  endfacet
  facet normal 0 0 -1
    outer loop
      vertex 97.200000000 18.879353803 3.000000000
      vertex 77.200000000 18.879353803 3.000000000
      vertex 87.200000000 24.652856494 3.000000000
    endloop
  endfacet
  facet normal -0 0 -1
    outer loop
      vertex 97.200000000 18.879353803 3.000000000
      vertex 77.200000000 7.332348419 3.000000000
      vertex 77.200000000 18.879353803 3.000000000
    endloop
  endfacet
  facet normal 0 0 -1
    outer loop
      vertex 97.200000000 18.879353803 3.000000000
      vertex 87.200000000 1.558845727 3.000000000
      vertex 77.200000000 7.332348419 3.000000000
    endloop
  endfacet
  facet normal 0 0 -1
    outer loop
      vertex 97.200000000 18.879353803 3.000000000
      vertex 97.200000000 7.332348419 3.000000000
      vertex 87.200000000 1.558845727 3.000000000
    endloop
  endfacet
  facet normal 0.5 0.866025404 0
    outer loop
      vertex 97.200000000 18.879353803 3.000000000
      vertex 87.200000000 24.652856494 3.000000000
      vertex 87.200000000 24.652856494 4.600000000
    endloop
  endfacet
  facet normal 0.5 0.866025404 -0
    outer loop
      vertex 97.200000000 18.879353803 3.000000000
      vertex 87.200000000 24.652856494 4.600000000
      vertex 97.200000000 18.879353803 4.600000000
    endloop
  endfacet
  facet normal -0.5 0.866025404 0
    outer loop
      vertex 87.200000000 24.652856494 3.000000000
      vertex 77.200000000 18.879353803 3.000000000
      vertex 77.200000000 18.879353803 4.600000000
    endloop
  endfacet
  facet normal -0.5 0.866025404 0
    outer loop
      vertex 87.200000000 24.652856494 3.000000000
      vertex 77.200000000 18.879353803 4.600000000
      vertex 87.200000000 24.652856494 4.600000000
    endloop
  endfacet
  facet normal -1 0 0
    outer loop
      vertex 77.200000000 18.879353803 3.000000000
      vertex 77.200000000 7.332348419 3.000000000
      vertex 77.200000000 7.332348419 4.600000000
    endloop
  endfacet
  facet normal -1 0 0
    outer loop
      vertex 77.200000000 18.879353803 3.000000000
      vertex 77.200000000 7.332348419 4.600000000
      vertex 77.200000000 18.879353803 4.600000000
    endloop
  endfacet
  facet normal -0.5 -0.866025404 0
    outer loop
      vertex 77.200000000 7.332348419 3.000000000
      vertex 87.200000000 1.558845727 3.000000000
      vertex 87.200000000 1.558845727 4.600000000
    endloop
  endfacet
  facet normal -0.5 -0.866025404 0
    outer loop
      vertex 77.200000000 7.332348419 3.000000000
      vertex 87.200000000 1.558845727 4.600000000
      vertex 77.200000000 7.332348419 4.600000000
    endloop
  endfacet
  facet normal 0.5 -0.866025404 0
    outer loop
      vertex 87.200000000 1.558845727 3.000000000
      vertex 97.200000000 7.332348419 3.000000000
      vertex 97.200000000 7.332348419 4.600000000
    endloop
  endfacet
  facet normal 0.5 -0.866025404 0
    outer loop
      vertex 87.200000000 1.558845727 3.000000000
      vertex 97.200000000 7.332348419 4.600000000
      vertex 87.200000000 1.558845727 4.600000000
    endloop
  endfacet
  facet normal 1 -1.23069612e-15 0
    outer loop
      vertex 97.200000000 7.332348419 3.000000000
      vertex 97.200000000 18.879353803 3.000000000
      vertex 97.200000000 18.879353803 4.600000000
    endloop
  endfacet
  facet normal 1 -1.23069612e-15 0
    outer loop
      vertex 97.200000000 7.332348419 3.000000000
      vertex 97.200000000 18.879353803 4.600000000
      vertex 97.200000000 7.332348419 4.600000000
    endloop
  endfacet
  facet normal 0.495722431 0.858616436 0.130526192
    outer loop
      vertex 97.200000000 18.879353803 4.600000000
      vertex 87.200000000 24.652856494 4.600000000
      vertex 87.200000000 24.621380121 4.807055236
    endloop
  endfacet
  facet normal 0.495722431 0.858616436 0.130526192
    outer loop
      vertex 97.200000000 18.879353803 4.600000000
      vertex 87.200000000 24.621380121 4.807055236
      vertex 97.172740661 18.863615616 4.807055236
    endloop
  endfacet
  facet normal -0.495722431 0.858616436 0.130526192
    outer loop
      vertex 87.200000000 24.652856494 4.600000000
      vertex 77.200000000 18.879353803 4.600000000
      vertex 77.227259339 18.863615616 4.807055236
    endloop
  endfacet
  facet normal -0.495722431 0.858616436 0.130526192
    outer loop
      vertex 87.200000000 24.652856494 4.600000000
      vertex 77.227259339 18.863615616 4.807055236
      vertex 87.200000000 24.621380121 4.807055236
    endloop
  endfacet
  facet normal -0.991444861 0 0.130526192
    outer loop
      vertex 77.200000000 18.879353803 4.600000000
      vertex 77.200000000 7.332348419 4.600000000
      vertex 77.227259339 7.348086605 4.807055236
    endloop
  endfacet
  facet normal -0.991444861 0 0.130526192
    outer loop
      vertex 77.200000000 18.879353803 4.600000000
      vertex 77.227259339 7.348086605 4.807055236
      vertex 77.227259339 18.863615616 4.807055236
    endloop
  endfacet
  facet normal -0.495722431 -0.858616436 0.130526192
    outer loop
      vertex 77.200000000 7.332348419 4.600000000
      vertex 87.200000000 1.558845727 4.600000000
      vertex 87.200000000 1.590322100 4.807055236
    endloop
  endfacet
  facet normal -0.495722431 -0.858616436 0.130526192
    outer loop
      vertex 77.200000000 7.332348419 4.600000000
      vertex 87.200000000 1.590322100 4.807055236
      vertex 77.227259339 7.348086605 4.807055236
    endloop
  endfacet
  facet normal 0.495722431 -0.858616436 0.130526192
    outer loop
      vertex 87.200000000 1.558845727 4.600000000
      vertex 97.200000000 7.332348419 4.600000000
      vertex 97.172740661 7.348086605 4.807055236
    endloop
  endfacet
  facet normal 0.495722431 -0.858616436 0.130526192
    outer loop
      vertex 87.200000000 1.558845727 4.600000000
      vertex 97.172740661 7.348086605 4.807055236
      vertex 87.200000000 1.590322100 4.807055236
    endloop
  endfacet
  facet normal 0.991444861 -1.22016734e-15 0.130526192
    outer loop
      vertex 97.200000000 7.332348419 4.600000000
      vertex 97.200000000 18.879353803 4.600000000
      vertex 97.172740661 18.863615616 4.807055236
    endloop
  endfacet
  facet normal 0.991444861 -1.2233608e-15 0.130526192
    outer loop
      vertex 97.200000000 7.332348419 4.600000000
      vertex 97.172740661 18.863615616 4.807055236
      vertex 97.172740661 7.348086605 4.807055236
    endloop
  endfacet
  facet normal 0.461939766 0.800103145 0.382683432
    outer loop
      vertex 97.172740661 18.863615616 4.807055236
      vertex 87.200000000 24.621380121 4.807055236
      vertex 87.200000000 24.529096064 5.000000000
    endloop
  endfacet
  facet normal 0.461939766 0.800103145 0.382683432
    outer loop
      vertex 97.172740661 18.863615616 4.807055236
      vertex 87.200000000 24.529096064 5.000000000
      vertex 97.092820323 18.817473587 5.000000000
    endloop
  endfacet
  facet normal -0.461939766 0.800103145 0.382683432
    outer loop
      vertex 87.200000000 24.621380121 4.807055236
      vertex 77.227259339 18.863615616 4.807055236
      vertex 77.307179677 18.817473587 5.000000000
    endloop
  endfacet
  facet normal -0.461939766 0.800103145 0.382683432
    outer loop
      vertex 87.200000000 24.621380121 4.807055236
      vertex 77.307179677 18.817473587 5.000000000
      vertex 87.200000000 24.529096064 5.000000000
    endloop
  endfacet
  facet normal -0.923879533 0 0.382683432
    outer loop
      vertex 77.227259339 18.863615616 4.807055236
      vertex 77.227259339 7.348086605 4.807055236
      vertex 77.307179677 7.394228634 5.000000000
    endloop
  endfacet
  facet normal -0.923879533 0 0.382683432
    outer loop
      vertex 77.227259339 18.863615616 4.807055236
      vertex 77.307179677 7.394228634 5.000000000
      vertex 77.307179677 18.817473587 5.000000000
    endloop
  endfacet
  facet normal -0.461939766 -0.800103145 0.382683432
    outer loop
      vertex 77.227259339 7.348086605 4.807055236
      vertex 87.200000000 1.590322100 4.807055236
      vertex 87.200000000 1.682606158 5.000000000
    endloop
  endfacet
  facet normal -0.461939766 -0.800103145 0.382683432
    outer loop
      vertex 77.227259339 7.348086605 4.807055236
      vertex 87.200000000 1.682606158 5.000000000
      vertex 77.307179677 7.394228634 5.000000000
    endloop
  endfacet
  facet normal 0.461939766 -0.800103145 0.382683432
    outer loop
      vertex 87.200000000 1.590322100 4.807055236
      vertex 97.172740661 7.348086605 4.807055236
      vertex 97.092820323 7.394228634 5.000000000
    endloop
  endfacet
  facet normal 0.461939766 -0.800103145 0.382683432
    outer loop
      vertex 87.200000000 1.590322100 4.807055236
      vertex 97.092820323 7.394228634 5.000000000
      vertex 87.200000000 1.682606158 5.000000000
    endloop
  endfacet
  facet normal 0.923879533 -1.14012285e-15 0.382683432
    outer loop
      vertex 97.172740661 7.348086605 4.807055236
      vertex 97.172740661 18.863615616 4.807055236
      vertex 97.092820323 18.817473587 5.000000000
    endloop
  endfacet
  facet normal 0.923879533 -1.14889464e-15 0.382683432
    outer loop
      vertex 97.172740661 7.348086605 4.807055236
      vertex 97.092820323 18.817473587 5.000000000
      vertex 97.092820323 7.394228634 5.000000000
    endloop
  endfacet
  facet normal 0.39667667 0.687064147 0.608761429
    outer loop
      vertex 97.092820323 18.817473587 5.000000000
      vertex 87.200000000 24.529096064 5.000000000
      vertex 87.200000000 24.382293328 5.165685425
    endloop
  endfacet
  facet normal 0.39667667 0.687064147 0.608761429
    outer loop
      vertex 97.092820323 18.817473587 5.000000000
      vertex 87.200000000 24.382293328 5.165685425
      vertex 96.965685425 18.744072220 5.165685425
    endloop
  endfacet
  facet normal -0.39667667 0.687064147 0.608761429
    outer loop
      vertex 87.200000000 24.529096064 5.000000000
      vertex 77.307179677 18.817473587 5.000000000
      vertex 77.434314575 18.744072220 5.165685425
    endloop
  endfacet
  facet normal -0.39667667 0.687064147 0.608761429
    outer loop
      vertex 87.200000000 24.529096064 5.000000000
      vertex 77.434314575 18.744072220 5.165685425
      vertex 87.200000000 24.382293328 5.165685425
    endloop
  endfacet
  facet normal -0.79335334 0 0.608761429
    outer loop
      vertex 77.307179677 18.817473587 5.000000000
      vertex 77.307179677 7.394228634 5.000000000
      vertex 77.434314575 7.467630002 5.165685425
    endloop
  endfacet
  facet normal -0.79335334 0 0.608761429
    outer loop
      vertex 77.307179677 18.817473587 5.000000000
      vertex 77.434314575 7.467630002 5.165685425
      vertex 77.434314575 18.744072220 5.165685425
    endloop
  endfacet
  facet normal -0.39667667 -0.687064147 0.608761429
    outer loop
      vertex 77.307179677 7.394228634 5.000000000
      vertex 87.200000000 1.682606158 5.000000000
      vertex 87.200000000 1.829408893 5.165685425
    endloop
  endfacet
  facet normal -0.39667667 -0.687064147 0.608761429
    outer loop
      vertex 77.307179677 7.394228634 5.000000000
      vertex 87.200000000 1.829408893 5.165685425
      vertex 77.434314575 7.467630002 5.165685425
    endloop
  endfacet
  facet normal 0.39667667 -0.687064147 0.608761429
    outer loop
      vertex 87.200000000 1.682606158 5.000000000
      vertex 97.092820323 7.394228634 5.000000000
      vertex 96.965685425 7.467630002 5.165685425
    endloop
  endfacet
  facet normal 0.39667667 -0.687064147 0.608761429
    outer loop
      vertex 87.200000000 1.682606158 5.000000000
      vertex 96.965685425 7.467630002 5.165685425
      vertex 87.200000000 1.829408893 5.165685425
    endloop
  endfacet
  facet normal 0.79335334 -9.86955029e-16 0.608761429
    outer loop
      vertex 97.092820323 7.394228634 5.000000000
      vertex 97.092820323 18.817473587 5.000000000
      vertex 96.965685425 18.744072220 5.165685425
    endloop
  endfacet
  facet normal 0.79335334 -9.98849818e-16 0.608761429
    outer loop
      vertex 97.092820323 7.394228634 5.000000000
      vertex 96.965685425 18.744072220 5.165685425
      vertex 96.965685425 7.467630002 5.165685425
    endloop
  endfacet
  facet normal 0.304380714 0.527202862 0.79335334
    outer loop
      vertex 96.965685425 18.744072220 5.165685425
      vertex 87.200000000 24.382293328 5.165685425
      vertex 87.200000000 24.190976279 5.292820323
    endloop
  endfacet
  facet normal 0.304380714 0.527202862 0.79335334
    outer loop
      vertex 96.965685425 18.744072220 5.165685425
      vertex 87.200000000 24.190976279 5.292820323
      vertex 96.800000000 18.648413695 5.292820323
    endloop
  endfacet
  facet normal -0.304380714 0.527202862 0.79335334
    outer loop
      vertex 87.200000000 24.382293328 5.165685425
      vertex 77.434314575 18.744072220 5.165685425
      vertex 77.600000000 18.648413695 5.292820323
    endloop
  endfacet
  facet normal -0.304380714 0.527202862 0.79335334
    outer loop
      vertex 87.200000000 24.382293328 5.165685425
      vertex 77.600000000 18.648413695 5.292820323
      vertex 87.200000000 24.190976279 5.292820323
    endloop
  endfacet
  facet normal -0.608761429 0 0.79335334
    outer loop
      vertex 77.434314575 18.744072220 5.165685425
      vertex 77.434314575 7.467630002 5.165685425
      vertex 77.600000000 7.563288526 5.292820323
    endloop
  endfacet
  facet normal -0.608761429 0 0.79335334
    outer loop
      vertex 77.434314575 18.744072220 5.165685425
      vertex 77.600000000 7.563288526 5.292820323
      vertex 77.600000000 18.648413695 5.292820323
    endloop
  endfacet
  facet normal -0.304380714 -0.527202862 0.79335334
    outer loop
      vertex 77.434314575 7.467630002 5.165685425
      vertex 87.200000000 1.829408893 5.165685425
      vertex 87.200000000 2.020725942 5.292820323
    endloop
  endfacet
  facet normal -0.304380714 -0.527202862 0.79335334
    outer loop
      vertex 77.434314575 7.467630002 5.165685425
      vertex 87.200000000 2.020725942 5.292820323
      vertex 77.600000000 7.563288526 5.292820323
    endloop
  endfacet
  facet normal 0.304380714 -0.527202862 0.79335334
    outer loop
      vertex 87.200000000 1.829408893 5.165685425
      vertex 96.965685425 7.467630002 5.165685425
      vertex 96.800000000 7.563288526 5.292820323
    endloop
  endfacet
  facet normal 0.304380714 -0.527202862 0.79335334
    outer loop
      vertex 87.200000000 1.829408893 5.165685425
      vertex 96.800000000 7.563288526 5.292820323
      vertex 87.200000000 2.020725942 5.292820323
    endloop
  endfacet
  facet normal 0.608761429 -7.67176389e-16 0.79335334
    outer loop
      vertex 96.965685425 7.467630002 5.165685425
      vertex 96.965685425 18.744072220 5.165685425
      vertex 96.800000000 18.648413695 5.292820323
    endloop
  endfacet
  facet normal 0.608761429 -7.80799852e-16 0.79335334
    outer loop
      vertex 96.965685425 7.467630002 5.165685425
      vertex 96.800000000 18.648413695 5.292820323
      vertex 96.800000000 7.563288526 5.292820323
    endloop
  endfacet
  facet normal 0.191341716 0.331413574 0.923879533
    outer loop
      vertex 96.800000000 18.648413695 5.292820323
      vertex 87.200000000 24.190976279 5.292820323
      vertex 87.200000000 23.968182856 5.372740661
    endloop
  endfacet
  facet normal 0.191341716 0.331413574 0.923879533
    outer loop
      vertex 96.800000000 18.648413695 5.292820323
      vertex 87.200000000 23.968182856 5.372740661
      vertex 96.607055236 18.537016983 5.372740661
    endloop
  endfacet
  facet normal -0.191341716 0.331413574 0.923879533
    outer loop
      vertex 87.200000000 24.190976279 5.292820323
      vertex 77.600000000 18.648413695 5.292820323
      vertex 77.792944764 18.537016983 5.372740661
    endloop
  endfacet
  facet normal -0.191341716 0.331413574 0.923879533
    outer loop
      vertex 87.200000000 24.190976279 5.292820323
      vertex 77.792944764 18.537016983 5.372740661
      vertex 87.200000000 23.968182856 5.372740661
    endloop
  endfacet
  facet normal -0.382683432 0 0.923879533
    outer loop
      vertex 77.600000000 18.648413695 5.292820323
      vertex 77.600000000 7.563288526 5.292820323
      vertex 77.792944764 7.674685238 5.372740661
    endloop
  endfacet
  facet normal -0.382683432 0 0.923879533
    outer loop
      vertex 77.600000000 18.648413695 5.292820323
      vertex 77.792944764 7.674685238 5.372740661
      vertex 77.792944764 18.537016983 5.372740661
    endloop
  endfacet
  facet normal -0.191341716 -0.331413574 0.923879533
    outer loop
      vertex 77.600000000 7.563288526 5.292820323
      vertex 87.200000000 2.020725942 5.292820323
      vertex 87.200000000 2.243519365 5.372740661
    endloop
  endfacet
  facet normal -0.191341716 -0.331413574 0.923879533
    outer loop
      vertex 77.600000000 7.563288526 5.292820323
      vertex 87.200000000 2.243519365 5.372740661
      vertex 77.792944764 7.674685238 5.372740661
    endloop
  endfacet
  facet normal 0.191341716 -0.331413574 0.923879533
    outer loop
      vertex 87.200000000 2.020725942 5.292820323
      vertex 96.800000000 7.563288526 5.292820323
      vertex 96.607055236 7.674685238 5.372740661
    endloop
  endfacet
  facet normal 0.191341716 -0.331413574 0.923879533
    outer loop
      vertex 87.200000000 2.020725942 5.292820323
      vertex 96.607055236 7.674685238 5.372740661
      vertex 87.200000000 2.243519365 5.372740661
    endloop
  endfacet
  facet normal 0.382683432 -4.90590641e-16 0.923879533
    outer loop
      vertex 96.800000000 7.563288526 5.292820323
      vertex 96.800000000 18.648413695 5.292820323
      vertex 96.607055236 18.537016983 5.372740661
    endloop
  endfacet
  facet normal 0.382683432 -5.00876714e-16 0.923879533
    outer loop
      vertex 96.800000000 7.563288526 5.292820323
      vertex 96.607055236 18.537016983 5.372740661
      vertex 96.607055236 7.674685238 5.372740661
    endloop
  endfacet
  facet normal 0.0652630962 0.113038998 0.991444861
    outer loop
      vertex 96.607055236 18.537016983 5.372740661
      vertex 87.200000000 23.968182856 5.372740661
      vertex 87.200000000 23.729096064 5.400000000
    endloop
  endfacet
  facet normal 0.0652630962 0.113038998 0.991444861
    outer loop
      vertex 96.607055236 18.537016983 5.372740661
      vertex 87.200000000 23.729096064 5.400000000
      vertex 96.400000000 18.417473587 5.400000000
    endloop
  endfacet
  facet normal -0.0652630962 0.113038998 0.991444861
    outer loop
      vertex 87.200000000 23.968182856 5.372740661
      vertex 77.792944764 18.537016983 5.372740661
      vertex 78.000000000 18.417473587 5.400000000
    endloop
  endfacet
  facet normal -0.0652630962 0.113038998 0.991444861
    outer loop
      vertex 87.200000000 23.968182856 5.372740661
      vertex 78.000000000 18.417473587 5.400000000
      vertex 87.200000000 23.729096064 5.400000000
    endloop
  endfacet
  facet normal -0.130526192 0 0.991444861
    outer loop
      vertex 77.792944764 18.537016983 5.372740661
      vertex 77.792944764 7.674685238 5.372740661
      vertex 78.000000000 7.794228634 5.400000000
    endloop
  endfacet
  facet normal -0.130526192 0 0.991444861
    outer loop
      vertex 77.792944764 18.537016983 5.372740661
      vertex 78.000000000 7.794228634 5.400000000
      vertex 78.000000000 18.417473587 5.400000000
    endloop
  endfacet
  facet normal -0.0652630962 -0.113038998 0.991444861
    outer loop
      vertex 77.792944764 7.674685238 5.372740661
      vertex 87.200000000 2.243519365 5.372740661
      vertex 87.200000000 2.482606158 5.400000000
    endloop
  endfacet
  facet normal -0.0652630962 -0.113038998 0.991444861
    outer loop
      vertex 77.792944764 7.674685238 5.372740661
      vertex 87.200000000 2.482606158 5.400000000
      vertex 78.000000000 7.794228634 5.400000000
    endloop
  endfacet
  facet normal 0.0652630962 -0.113038998 0.991444861
    outer loop
      vertex 87.200000000 2.243519365 5.372740661
      vertex 96.607055236 7.674685238 5.372740661
      vertex 96.400000000 7.794228634 5.400000000
    endloop
  endfacet
  facet normal 0.0652630962 -0.113038998 0.991444861
    outer loop
      vertex 87.200000000 2.243519365 5.372740661
      vertex 96.400000000 7.794228634 5.400000000
      vertex 87.200000000 2.482606158 5.400000000
    endloop
  endfacet
  facet normal 0.130526192 -1.70763405e-16 0.991444861
    outer loop
      vertex 96.607055236 7.674685238 5.372740661
      vertex 96.607055236 18.537016983 5.372740661
      vertex 96.400000000 18.417473587 5.400000000
    endloop
  endfacet
  facet normal 0.130526192 -1.74365385e-16 0.991444861
    outer loop
      vertex 96.607055236 7.674685238 5.372740661
      vertex 96.400000000 18.417473587 5.400000000
      vertex 96.400000000 7.794228634 5.400000000
    endloop
  endfacet
  facet normal 0 0 1
    outer loop
      vertex 96.400000000 18.417473587 5.400000000
      vertex 87.200000000 23.729096064 5.400000000
      vertex 78.000000000 18.417473587 5.400000000
    endloop
  endfacet
  facet normal 0 0 1
    outer loop
      vertex 96.400000000 18.417473587 5.400000000
      vertex 78.000000000 18.417473587 5.400000000
      vertex 78.000000000 7.794228634 5.400000000
    endloop
  endfacet
  facet normal 0 0 1
    outer loop
      vertex 96.400000000 18.417473587 5.400000000
      vertex 78.000000000 7.794228634 5.400000000
      vertex 87.200000000 2.482606158 5.400000000
    endloop
  endfacet
  facet normal 0 0 1
    outer loop
      vertex 96.400000000 18.417473587 5.400000000
      vertex 87.200000000 2.482606158 5.400000000
      vertex 96.400000000 7.794228634 5.400000000
    endloop
  endfacet
  facet normal 0 0 -1
    outer loop
      vertex 129.900000000 18.879353802 3.000000000
      vertex 120.800000000 18.879353803 3.000000000
      vertex 129.900000000 24.133241252 3.000000000
    endloop
  endfacet
  facet normal -0 0 -1
    outer loop
      vertex 129.900000000 12.586235868 3.000000000
      vertex 120.800000000 7.332348419 3.000000000
      vertex 120.800000000 18.879353803 3.000000000
    endloop
  endfacet
  facet normal 0 0 -1
    outer loop
      vertex 129.900000000 12.586235868 3.000000000
      vertex 120.800000000 18.879353803 3.000000000
      vertex 129.900000000 18.879353802 3.000000000
    endloop
  endfacet
  facet normal 0 0 -1
    outer loop
      vertex 129.900000000 2.078460969 3.000000000
      vertex 120.800000000 7.332348419 3.000000000
      vertex 129.900000000 12.586235868 3.000000000
    endloop
  endfacet
  facet normal -0.5 0.866025404 0
    outer loop
      vertex 129.900000000 24.133241252 3.000000000
      vertex 120.800000000 18.879353803 3.000000000
      vertex 120.800000000 18.879353803 4.600000000
    endloop
  endfacet
  facet normal -0.5 0.866025404 0
    outer loop
      vertex 129.900000000 24.133241252 3.000000000
      vertex 120.800000000 18.879353803 4.600000000
      vertex 129.900000000 24.133241252 3.144000000
    endloop
  endfacet
  facet normal -0.5 0.866025404 0
    outer loop
      vertex 129.900000000 24.133241252 3.144000000
      vertex 120.800000000 18.879353803 4.600000000
      vertex 129.900000000 24.133241252 4.600000000
    endloop
  endfacet
  facet normal -1 0 0
    outer loop
      vertex 120.800000000 18.879353803 3.000000000
      vertex 120.800000000 7.332348419 3.000000000
      vertex 120.800000000 7.332348419 4.600000000
    endloop
  endfacet
  facet normal -1 0 0
    outer loop
      vertex 120.800000000 18.879353803 3.000000000
      vertex 120.800000000 7.332348419 4.600000000
      vertex 120.800000000 18.879353803 4.600000000
    endloop
  endfacet
  facet normal -0.5 -0.866025404 0
    outer loop
      vertex 120.800000000 7.332348419 3.000000000
      vertex 129.900000000 2.078460969 3.000000000
      vertex 129.900000000 2.078460969 4.456000000
    endloop
  endfacet
  facet normal -0.5 -0.866025404 0
    outer loop
      vertex 120.800000000 7.332348419 3.000000000
      vertex 129.900000000 2.078460969 4.456000000
      vertex 129.900000000 2.078460969 4.600000000
    endloop
  endfacet
  facet normal -0.5 -0.866025404 0
    outer loop
      vertex 120.800000000 7.332348419 3.000000000
      vertex 129.900000000 2.078460969 4.600000000
      vertex 120.800000000 7.332348419 4.600000000
    endloop
  endfacet
  facet normal -0.495722431 0.858616436 0.130526192
    outer loop
      vertex 129.900000000 24.133241252 4.600000000
      vertex 120.800000000 18.879353803 4.600000000
      vertex 120.827259339 18.863615616 4.807055236
    endloop
  endfacet
  facet normal -0.495722431 0.858616437 0.13052619
    outer loop
      vertex 129.900000000 24.133241252 4.600000000
      vertex 120.827259339 18.863615616 4.807055236
      vertex 129.900000000 24.130400635 4.618685908
    endloop
  endfacet
  facet normal -0.495722431 0.858616436 0.130526193
    outer loop
      vertex 129.900000000 24.130400635 4.618685908
      vertex 120.827259339 18.863615616 4.807055236
      vertex 129.900000000 24.101764879 4.807055236
    endloop
  endfacet
  facet normal -0.991444861 0 0.130526192
    outer loop
      vertex 120.800000000 18.879353803 4.600000000
      vertex 120.800000000 7.332348419 4.600000000
      vertex 120.827259339 7.348086605 4.807055236
    endloop
  endfacet
  facet normal -0.991444861 0 0.130526192
    outer loop
      vertex 120.800000000 18.879353803 4.600000000
      vertex 120.827259339 7.348086605 4.807055236
      vertex 120.827259339 18.863615616 4.807055236
    endloop
  endfacet
  facet normal -0.495722431 -0.858616436 0.130526192
    outer loop
      vertex 120.800000000 7.332348419 4.600000000
      vertex 129.900000000 2.078460969 4.600000000
      vertex 129.900000000 2.107104469 4.788420265
    endloop
  endfacet
  facet normal -0.495722431 -0.858616436 0.130526192
    outer loop
      vertex 120.800000000 7.332348419 4.600000000
      vertex 129.900000000 2.107104469 4.788420265
      vertex 129.900000000 2.109937342 4.807055236
    endloop
  endfacet
  facet normal -0.495722431 -0.858616436 0.130526192
    outer loop
      vertex 120.800000000 7.332348419 4.600000000
      vertex 129.900000000 2.109937342 4.807055236
      vertex 120.827259339 7.348086605 4.807055236
    endloop
  endfacet
  facet normal -0.461939766 0.800103145 0.382683432
    outer loop
      vertex 129.900000000 24.101764879 4.807055236
      vertex 120.827259339 18.863615616 4.807055236
      vertex 120.907179677 18.817473587 5.000000000
    endloop
  endfacet
  facet normal -0.461939767 0.800103146 0.382683429
    outer loop
      vertex 129.900000000 24.101764879 4.807055236
      vertex 120.907179677 18.817473587 5.000000000
      vertex 129.900000000 24.093369330 4.824608399
    endloop
  endfacet
  facet normal -0.461939766 0.800103145 0.382683432
    outer loop
      vertex 129.900000000 24.093369330 4.824608399
      vertex 120.907179677 18.817473587 5.000000000
      vertex 129.900000000 24.009480821 5.000000000
    endloop
  endfacet
  facet normal -0.923879533 0 0.382683432
    outer loop
      vertex 120.827259339 18.863615616 4.807055236
      vertex 120.827259339 7.348086605 4.807055236
      vertex 120.907179677 7.394228634 5.000000000
    endloop
  endfacet
  facet normal -0.923879533 0 0.382683432
    outer loop
      vertex 120.827259339 18.863615616 4.807055236
      vertex 120.907179677 7.394228634 5.000000000
      vertex 120.907179677 18.817473587 5.000000000
    endloop
  endfacet
  facet normal -0.461939766 -0.800103145 0.382683432
    outer loop
      vertex 120.827259339 7.348086605 4.807055236
      vertex 129.900000000 2.109937342 4.807055236
      vertex 129.900000000 2.193893132 4.982587506
    endloop
  endfacet
  facet normal -0.461939766 -0.800103145 0.382683433
    outer loop
      vertex 120.827259339 7.348086605 4.807055236
      vertex 129.900000000 2.193893132 4.982587506
      vertex 129.900000000 2.202221400 5.000000000
    endloop
  endfacet
  facet normal -0.461939766 -0.800103145 0.382683432
    outer loop
      vertex 120.827259339 7.348086605 4.807055236
      vertex 129.900000000 2.202221400 5.000000000
      vertex 120.907179677 7.394228634 5.000000000
    endloop
  endfacet
  facet normal -0.39667667 0.687064147 0.608761429
    outer loop
      vertex 129.900000000 24.009480821 5.000000000
      vertex 120.907179677 18.817473587 5.000000000
      vertex 121.034314575 18.744072220 5.165685425
    endloop
  endfacet
  facet normal -0.396676671 0.687064148 0.608761427
    outer loop
      vertex 129.900000000 24.009480821 5.000000000
      vertex 121.034314575 18.744072220 5.165685425
      vertex 129.900000000 23.995951565 5.015269474
    endloop
  endfacet
  facet normal -0.39667667 0.687064147 0.608761429
    outer loop
      vertex 129.900000000 23.995951565 5.015269474
      vertex 121.034314575 18.744072220 5.165685425
      vertex 129.900000000 23.862678086 5.165685425
    endloop
  endfacet
  facet normal -0.79335334 0 0.608761429
    outer loop
      vertex 120.907179677 18.817473587 5.000000000
      vertex 120.907179677 7.394228634 5.000000000
      vertex 121.034314575 7.467630002 5.165685425
    endloop
  endfacet
  facet normal -0.79335334 0 0.608761429
    outer loop
      vertex 120.907179677 18.817473587 5.000000000
      vertex 121.034314575 7.467630002 5.165685425
      vertex 121.034314575 18.744072220 5.165685425
    endloop
  endfacet
  facet normal -0.39667667 -0.687064147 0.608761429
    outer loop
      vertex 120.907179677 7.394228634 5.000000000
      vertex 129.900000000 2.202221400 5.000000000
      vertex 129.900000000 2.335668746 5.150612182
    endloop
  endfacet
  facet normal -0.39667667 -0.687064147 0.608761428
    outer loop
      vertex 120.907179677 7.394228634 5.000000000
      vertex 129.900000000 2.335668746 5.150612182
      vertex 129.900000000 2.349024135 5.165685425
    endloop
  endfacet
  facet normal -0.39667667 -0.687064147 0.608761429
    outer loop
      vertex 120.907179677 7.394228634 5.000000000
      vertex 129.900000000 2.349024135 5.165685425
      vertex 121.034314575 7.467630002 5.165685425
    endloop
  endfacet
  facet normal -0.304380714 0.527202862 0.79335334
    outer loop
      vertex 129.900000000 23.862678086 5.165685425
      vertex 121.034314575 18.744072220 5.165685425
      vertex 121.200000000 18.648413695 5.292820323
    endloop
  endfacet
  facet normal -0.304380714 0.527202862 0.79335334
    outer loop
      vertex 129.900000000 23.862678086 5.165685425
      vertex 121.200000000 18.648413695 5.292820323
      vertex 129.900000000 23.844742113 5.177604322
    endloop
  endfacet
  facet normal -0.304380714 0.527202862 0.79335334
    outer loop
      vertex 129.900000000 23.844742113 5.177604322
      vertex 121.200000000 18.648413695 5.292820323
      vertex 129.900000000 23.671361037 5.292820323
    endloop
  endfacet
  facet normal -0.608761429 0 0.79335334
    outer loop
      vertex 121.034314575 18.744072220 5.165685425
      vertex 121.034314575 7.467630002 5.165685425
      vertex 121.200000000 7.563288526 5.292820323
    endloop
  endfacet
  facet normal -0.608761429 0 0.79335334
    outer loop
      vertex 121.034314575 18.744072220 5.165685425
      vertex 121.200000000 7.563288526 5.292820323
      vertex 121.200000000 18.648413695 5.292820323
    endloop
  endfacet
  facet normal -0.304380714 -0.527202862 0.793353341
    outer loop
      vertex 121.034314575 7.467630002 5.165685425
      vertex 129.900000000 2.349024135 5.165685425
      vertex 129.900000000 2.522709514 5.281103643
    endloop
  endfacet
  facet normal -0.304380715 -0.527202864 0.793353339
    outer loop
      vertex 121.034314575 7.467630002 5.165685425
      vertex 129.900000000 2.522709514 5.281103643
      vertex 129.900000000 2.540341184 5.292820323
    endloop
  endfacet
  facet normal -0.304380714 -0.527202862 0.79335334
    outer loop
      vertex 121.034314575 7.467630002 5.165685425
      vertex 129.900000000 2.540341184 5.292820323
      vertex 121.200000000 7.563288526 5.292820323
    endloop
  endfacet
  facet normal -0.191341716 0.331413574 0.923879533
    outer loop
      vertex 129.900000000 23.671361037 5.292820323
      vertex 121.200000000 18.648413695 5.292820323
      vertex 121.392944764 18.537016983 5.372740661
    endloop
  endfacet
  facet normal -0.191341715 0.331413573 0.923879533
    outer loop
      vertex 129.900000000 23.671361037 5.292820323
      vertex 121.392944764 18.537016983 5.372740661
      vertex 129.900000000 23.650045750 5.300466531
    endloop
  endfacet
  facet normal -0.191341716 0.331413574 0.923879532
    outer loop
      vertex 129.900000000 23.650045750 5.300466531
      vertex 121.392944764 18.537016983 5.372740661
      vertex 129.900000000 23.448567614 5.372740661
    endloop
  endfacet
  facet normal -0.382683432 0 0.923879533
    outer loop
      vertex 121.200000000 18.648413695 5.292820323
      vertex 121.200000000 7.563288526 5.292820323
      vertex 121.392944764 7.674685238 5.372740661
    endloop
  endfacet
  facet normal -0.382683432 0 0.923879533
    outer loop
      vertex 121.200000000 18.648413695 5.292820323
      vertex 121.392944764 7.674685238 5.372740661
      vertex 121.392944764 18.537016983 5.372740661
    endloop
  endfacet
  facet normal -0.191341716 -0.331413574 0.923879533
    outer loop
      vertex 121.200000000 7.563288526 5.292820323
      vertex 129.900000000 2.540341184 5.292820323
      vertex 129.900000000 2.742247724 5.365248129
    endloop
  endfacet
  facet normal -0.191341716 -0.331413574 0.923879532
    outer loop
      vertex 121.200000000 7.563288526 5.292820323
      vertex 129.900000000 2.742247724 5.365248129
      vertex 129.900000000 2.763134607 5.372740661
    endloop
  endfacet
  facet normal -0.191341716 -0.331413574 0.923879533
    outer loop
      vertex 121.200000000 7.563288526 5.292820323
      vertex 129.900000000 2.763134607 5.372740661
      vertex 121.392944764 7.674685238 5.372740661
    endloop
  endfacet
  facet normal -0.0652630962 0.113038998 0.991444861
    outer loop
      vertex 129.900000000 23.448567614 5.372740661
      vertex 121.392944764 18.537016983 5.372740661
      vertex 121.600000000 18.417473587 5.400000000
    endloop
  endfacet
  facet normal -0.0652630969 0.113039 0.991444861
    outer loop
      vertex 129.900000000 23.448567614 5.372740661
      vertex 121.600000000 18.417473587 5.400000000
      vertex 129.900000000 23.425178689 5.375407336
    endloop
  endfacet
  facet normal -0.0652630961 0.113038998 0.991444861
    outer loop
      vertex 129.900000000 23.425178689 5.375407336
      vertex 121.600000000 18.417473587 5.400000000
      vertex 129.900000000 23.209480821 5.400000000
    endloop
  endfacet
  facet normal -0.130526192 0 0.991444861
    outer loop
      vertex 121.392944764 18.537016983 5.372740661
      vertex 121.392944764 7.674685238 5.372740661
      vertex 121.600000000 7.794228634 5.400000000
    endloop
  endfacet
  facet normal -0.130526192 0 0.991444861
    outer loop
      vertex 121.392944764 18.537016983 5.372740661
      vertex 121.600000000 7.794228634 5.400000000
      vertex 121.600000000 18.417473587 5.400000000
    endloop
  endfacet
  facet normal -0.0652630961 -0.113038998 0.991444861
    outer loop
      vertex 121.392944764 7.674685238 5.372740661
      vertex 129.900000000 2.763134607 5.372740661
      vertex 129.900000000 2.979347279 5.397392021
    endloop
  endfacet
  facet normal -0.0652630968 -0.113039 0.991444861
    outer loop
      vertex 121.392944764 7.674685238 5.372740661
      vertex 129.900000000 2.979347279 5.397392021
      vertex 129.900000000 3.002221400 5.400000000
    endloop
  endfacet
  facet normal -0.0652630962 -0.113038998 0.991444861
    outer loop
      vertex 121.392944764 7.674685238 5.372740661
      vertex 129.900000000 3.002221400 5.400000000
      vertex 121.600000000 7.794228634 5.400000000
    endloop
  endfacet
  facet normal 0 0 1
    outer loop
      vertex 129.900000000 23.209480821 5.400000000
      vertex 121.600000000 18.417473587 5.400000000
      vertex 129.900000000 18.417473587 5.400000000
    endloop
  endfacet
  facet normal 0 0 1
    outer loop
      vertex 129.900000000 18.417473587 5.400000000
      vertex 121.600000000 18.417473587 5.400000000
      vertex 121.600000000 7.794228634 5.400000000
    endloop
  endfacet
  facet normal 0 0 1
    outer loop
      vertex 129.900000000 18.417473587 5.400000000
      vertex 121.600000000 7.794228634 5.400000000
      vertex 129.900000000 12.586235868 5.400000000
    endloop
  endfacet
  facet normal 0 0 1
    outer loop
      vertex 129.900000000 12.586235868 5.400000000
      vertex 121.600000000 7.794228634 5.400000000
      vertex 129.900000000 3.002221400 5.400000000
    endloop
  endfacet
  facet normal 1 0 0
    outer loop
      vertex 129.900000000 13.105851111 4.829787706
      vertex 129.900000000 2.078460969 3.000000000
      vertex 129.900000000 12.586235868 3.000000000
    endloop
  endfacet
  facet normal 1 0 0
    outer loop
      vertex 129.900000000 13.105851111 4.829787706
      vertex 129.900000000 12.586235868 3.000000000
      vertex 129.900000000 18.879353802 3.000000000
    endloop
  endfacet
  facet normal 1 0 0
    outer loop
      vertex 129.900000000 13.105851111 4.829787706
      vertex 129.900000000 18.879353802 3.000000000
      vertex 129.900000000 24.133241252 3.000000000
    endloop
  endfacet
  facet normal 1 0 0
    outer loop
      vertex 129.900000000 13.105851111 4.829787706
      vertex 129.900000000 24.133241252 3.000000000
      vertex 129.900000000 24.133241252 3.144000000
    endloop
  endfacet
  facet normal 1 0 0
    outer loop
      vertex 129.900000000 13.105851111 4.829787706
      vertex 129.900000000 24.133241252 3.144000000
      vertex 129.900000000 24.133241252 4.600000000
    endloop
  endfacet
  facet normal 1 0 0
    outer loop
      vertex 129.900000000 13.105851111 4.829787706
      vertex 129.900000000 24.133241252 4.600000000
      vertex 129.900000000 24.130400635 4.618685908
    endloop
  endfacet
  facet normal 1 0 0
    outer loop
      vertex 129.900000000 13.105851111 4.829787706
      vertex 129.900000000 24.130400635 4.618685908
      vertex 129.900000000 24.101764879 4.807055236
    endloop
  endfacet
  facet normal 1 0 0
    outer loop
      vertex 129.900000000 13.105851111 4.829787706
      vertex 129.900000000 24.101764879 4.807055236
      vertex 129.900000000 24.093369330 4.824608399
    endloop
  endfacet
  facet normal 1 -0 0
    outer loop
      vertex 129.900000000 13.105851111 4.829787706
      vertex 129.900000000 24.093369330 4.824608399
      vertex 129.900000000 24.009480821 5.000000000
    endloop
  endfacet
  facet normal 1 0 0
    outer loop
      vertex 129.900000000 13.105851111 4.829787706
      vertex 129.900000000 24.009480821 5.000000000
      vertex 129.900000000 23.995951565 5.015269474
    endloop
  endfacet
  facet normal 1 0 0
    outer loop
      vertex 129.900000000 13.105851111 4.829787706
      vertex 129.900000000 23.995951565 5.015269474
      vertex 129.900000000 23.862678086 5.165685425
    endloop
  endfacet
  facet normal 1 0 0
    outer loop
      vertex 129.900000000 13.105851111 4.829787706
      vertex 129.900000000 23.862678086 5.165685425
      vertex 129.900000000 23.844742113 5.177604322
    endloop
  endfacet
  facet normal 1 0 0
    outer loop
      vertex 129.900000000 13.105851111 4.829787706
      vertex 129.900000000 23.844742113 5.177604322
      vertex 129.900000000 23.671361037 5.292820323
    endloop
  endfacet
  facet normal 1 0 0
    outer loop
      vertex 129.900000000 13.105851111 4.829787706
      vertex 129.900000000 23.671361037 5.292820323
      vertex 129.900000000 23.650045750 5.300466531
    endloop
  endfacet
  facet normal 1 0 0
    outer loop
      vertex 129.900000000 13.105851111 4.829787706
      vertex 129.900000000 23.650045750 5.300466531
      vertex 129.900000000 23.448567614 5.372740661
    endloop
  endfacet
  facet normal 1 0 0
    outer loop
      vertex 129.900000000 13.105851111 4.829787706
      vertex 129.900000000 23.448567614 5.372740661
      vertex 129.900000000 23.425178689 5.375407336
    endloop
  endfacet
  facet normal 1 0 0
    outer loop
      vertex 129.900000000 13.105851111 4.829787706
      vertex 129.900000000 23.425178689 5.375407336
      vertex 129.900000000 23.209480821 5.400000000
    endloop
  endfacet
  facet normal 1 0 0
    outer loop
      vertex 129.900000000 13.105851111 4.829787706
      vertex 129.900000000 23.209480821 5.400000000
      vertex 129.900000000 18.417473587 5.400000000
    endloop
  endfacet
  facet normal 1 0 -0
    outer loop
      vertex 129.900000000 13.105851111 4.829787706
      vertex 129.900000000 18.417473587 5.400000000
      vertex 129.900000000 12.586235868 5.400000000
    endloop
  endfacet
  facet normal 1 0 0
    outer loop
      vertex 129.900000000 13.105851111 4.829787706
      vertex 129.900000000 12.586235868 5.400000000
      vertex 129.900000000 3.002221400 5.400000000
    endloop
  endfacet
  facet normal 1 0 0
    outer loop
      vertex 129.900000000 13.105851111 4.829787706
      vertex 129.900000000 3.002221400 5.400000000
      vertex 129.900000000 2.979347279 5.397392021
    endloop
  endfacet
  facet normal 1 0 0
    outer loop
      vertex 129.900000000 13.105851111 4.829787706
      vertex 129.900000000 2.979347279 5.397392021
      vertex 129.900000000 2.763134607 5.372740661
    endloop
  endfacet
  facet normal 1 0 0
    outer loop
      vertex 129.900000000 13.105851111 4.829787706
      vertex 129.900000000 2.763134607 5.372740661
      vertex 129.900000000 2.742247724 5.365248129
    endloop
  endfacet
  facet normal 1 0 0
    outer loop
      vertex 129.900000000 13.105851111 4.829787706
      vertex 129.900000000 2.742247724 5.365248129
      vertex 129.900000000 2.540341184 5.292820323
    endloop
  endfacet
  facet normal 1 0 0
    outer loop
      vertex 129.900000000 13.105851111 4.829787706
      vertex 129.900000000 2.540341184 5.292820323
      vertex 129.900000000 2.522709514 5.281103643
    endloop
  endfacet
  facet normal 1 0 0
    outer loop
      vertex 129.900000000 13.105851111 4.829787706
      vertex 129.900000000 2.522709514 5.281103643
      vertex 129.900000000 2.349024135 5.165685425
    endloop
  endfacet
  facet normal 1 0 0
    outer loop
      vertex 129.900000000 13.105851111 4.829787706
      vertex 129.900000000 2.349024135 5.165685425
      vertex 129.900000000 2.335668746 5.150612182
    endloop
  endfacet
  facet normal 1 0 0
    outer loop
      vertex 129.900000000 13.105851111 4.829787706
      vertex 129.900000000 2.335668746 5.150612182
      vertex 129.900000000 2.202221400 5.000000000
    endloop
  endfacet
  facet normal 1 0 0
    outer loop
      vertex 129.900000000 13.105851111 4.829787706
      vertex 129.900000000 2.202221400 5.000000000
      vertex 129.900000000 2.193893132 4.982587506
    endloop
  endfacet
  facet normal 1 0 0
    outer loop
      vertex 129.900000000 13.105851111 4.829787706
      vertex 129.900000000 2.193893132 4.982587506
      vertex 129.900000000 2.109937342 4.807055236
    endloop
  endfacet
  facet normal 1 0 0
    outer loop
      vertex 129.900000000 13.105851111 4.829787706
      vertex 129.900000000 2.109937342 4.807055236
      vertex 129.900000000 2.107104469 4.788420265
    endloop
  endfacet
  facet normal 1 0 0
    outer loop
      vertex 129.900000000 13.105851111 4.829787706
      vertex 129.900000000 2.107104469 4.788420265
      vertex 129.900000000 2.078460969 4.600000000
    endloop
  endfacet
  facet normal 1 0 0
    outer loop
      vertex 129.900000000 13.105851111 4.829787706
      vertex 129.900000000 2.078460969 4.600000000
      vertex 129.900000000 2.078460969 4.456000000
    endloop
  endfacet
  facet normal 1 0 0
    outer loop
      vertex 129.900000000 13.105851111 4.829787706
      vertex 129.900000000 2.078460969 4.456000000
      vertex 129.900000000 2.078460969 3.000000000
    endloop
  endfacet
  facet normal 0 0 -1
    outer loop
      vertex 20.900000000 37.758707605 3.000000000
      vertex 0.900000000 37.758707605 3.000000000
      vertex 10.900000000 43.532210297 3.000000000
    endloop
  endfacet
  facet normal -0 0 -1
    outer loop
      vertex 20.900000000 37.758707605 3.000000000
      vertex 0.900000000 26.211702221 3.000000000
      vertex 0.900000000 37.758707605 3.000000000
    endloop
  endfacet
  facet normal 0 0 -1
    outer loop
      vertex 20.900000000 37.758707605 3.000000000
      vertex 10.900000000 20.438199529 3.000000000
      vertex 0.900000000 26.211702221 3.000000000
    endloop
  endfacet
  facet normal 0 0 -1
    outer loop
      vertex 20.900000000 37.758707605 3.000000000
      vertex 20.900000000 26.211702221 3.000000000
      vertex 10.900000000 20.438199529 3.000000000
    endloop
  endfacet
  facet normal 0.5 0.866025404 0
    outer loop
      vertex 20.900000000 37.758707605 3.000000000
      vertex 10.900000000 43.532210297 3.000000000
      vertex 10.900000000 43.532210297 4.600000000
    endloop
  endfacet
  facet normal 0.5 0.866025404 -0
    outer loop
      vertex 20.900000000 37.758707605 3.000000000
      vertex 10.900000000 43.532210297 4.600000000
      vertex 20.900000000 37.758707605 4.600000000
    endloop
  endfacet
  facet normal -0.5 0.866025404 0
    outer loop
      vertex 10.900000000 43.532210297 3.000000000
      vertex 0.900000000 37.758707605 3.000000000
      vertex 0.900000000 37.758707605 4.600000000
    endloop
  endfacet
  facet normal -0.5 0.866025404 0
    outer loop
      vertex 10.900000000 43.532210297 3.000000000
      vertex 0.900000000 37.758707605 4.600000000
      vertex 10.900000000 43.532210297 4.600000000
    endloop
  endfacet
  facet normal -1 0 0
    outer loop
      vertex 0.900000000 37.758707605 3.000000000
      vertex 0.900000000 26.211702221 3.000000000
      vertex 0.900000000 26.211702221 4.600000000
    endloop
  endfacet
  facet normal -1 0 0
    outer loop
      vertex 0.900000000 37.758707605 3.000000000
      vertex 0.900000000 26.211702221 4.600000000
      vertex 0.900000000 37.758707605 4.600000000
    endloop
  endfacet
  facet normal -0.5 -0.866025404 0
    outer loop
      vertex 0.900000000 26.211702221 3.000000000
      vertex 10.900000000 20.438199529 3.000000000
      vertex 10.900000000 20.438199529 4.600000000
    endloop
  endfacet
  facet normal -0.5 -0.866025404 0
    outer loop
      vertex 0.900000000 26.211702221 3.000000000
      vertex 10.900000000 20.438199529 4.600000000
      vertex 0.900000000 26.211702221 4.600000000
    endloop
  endfacet
  facet normal 0.5 -0.866025404 0
    outer loop
      vertex 10.900000000 20.438199529 3.000000000
      vertex 20.900000000 26.211702221 3.000000000
      vertex 20.900000000 26.211702221 4.600000000
    endloop
  endfacet
  facet normal 0.5 -0.866025404 0
    outer loop
      vertex 10.900000000 20.438199529 3.000000000
      vertex 20.900000000 26.211702221 4.600000000
      vertex 10.900000000 20.438199529 4.600000000
    endloop
  endfacet
  facet normal 1 -3.0767403e-16 0
    outer loop
      vertex 20.900000000 26.211702221 3.000000000
      vertex 20.900000000 37.758707605 3.000000000
      vertex 20.900000000 37.758707605 4.600000000
    endloop
  endfacet
  facet normal 1 -3.0767403e-16 0
    outer loop
      vertex 20.900000000 26.211702221 3.000000000
      vertex 20.900000000 37.758707605 4.600000000
      vertex 20.900000000 26.211702221 4.600000000
    endloop
  endfacet
  facet normal 0.495722431 0.858616436 0.130526192
    outer loop
      vertex 20.900000000 37.758707605 4.600000000
      vertex 10.900000000 43.532210297 4.600000000
      vertex 10.900000000 43.500733924 4.807055236
    endloop
  endfacet
  facet normal 0.495722431 0.858616436 0.130526192
    outer loop
      vertex 20.900000000 37.758707605 4.600000000
      vertex 10.900000000 43.500733924 4.807055236
      vertex 20.872740661 37.742969418 4.807055236
    endloop
  endfacet
  facet normal -0.495722431 0.858616436 0.130526192
    outer loop
      vertex 10.900000000 43.532210297 4.600000000
      vertex 0.900000000 37.758707605 4.600000000
      vertex 0.927259339 37.742969418 4.807055236
    endloop
  endfacet
  facet normal -0.495722431 0.858616436 0.130526192
    outer loop
      vertex 10.900000000 43.532210297 4.600000000
      vertex 0.927259339 37.742969418 4.807055236
      vertex 10.900000000 43.500733924 4.807055236
    endloop
  endfacet
  facet normal -0.991444861 0 0.130526192
    outer loop
      vertex 0.900000000 37.758707605 4.600000000
      vertex 0.900000000 26.211702221 4.600000000
      vertex 0.927259339 26.227440408 4.807055236
    endloop
  endfacet
  facet normal -0.991444861 -5.73450373e-17 0.130526192
    outer loop
      vertex 0.900000000 37.758707605 4.600000000
      vertex 0.927259339 26.227440408 4.807055236
      vertex 0.927259339 37.742969418 4.807055236
    endloop
  endfacet
  facet normal -0.495722431 -0.858616436 0.130526192
    outer loop
      vertex 0.900000000 26.211702221 4.600000000
      vertex 10.900000000 20.438199529 4.600000000
      vertex 10.900000000 20.469675903 4.807055236
    endloop
  endfacet
  facet normal -0.495722431 -0.858616436 0.130526192
    outer loop
      vertex 0.900000000 26.211702221 4.600000000
      vertex 10.900000000 20.469675903 4.807055236
      vertex 0.927259339 26.227440408 4.807055236
    endloop
  endfacet
  facet normal 0.495722431 -0.858616436 0.130526192
    outer loop
      vertex 10.900000000 20.438199529 4.600000000
      vertex 20.900000000 26.211702221 4.600000000
      vertex 20.872740661 26.227440408 4.807055236
    endloop
  endfacet
  facet normal 0.495722431 -0.858616436 0.130526192
    outer loop
      vertex 10.900000000 20.438199529 4.600000000
      vertex 20.872740661 26.227440408 4.807055236
      vertex 10.900000000 20.469675903 4.807055236
    endloop
  endfacet
  facet normal 0.991444861 -3.05041836e-16 0.130526192
    outer loop
      vertex 20.900000000 26.211702221 4.600000000
      vertex 20.900000000 37.758707605 4.600000000
      vertex 20.872740661 37.742969418 4.807055236
    endloop
  endfacet
  facet normal 0.991444861 -3.05840199e-16 0.130526192
    outer loop
      vertex 20.900000000 26.211702221 4.600000000
      vertex 20.872740661 37.742969418 4.807055236
      vertex 20.872740661 26.227440408 4.807055236
    endloop
  endfacet
  facet normal 0.461939766 0.800103145 0.382683432
    outer loop
      vertex 20.872740661 37.742969418 4.807055236
      vertex 10.900000000 43.500733924 4.807055236
      vertex 10.900000000 43.408449866 5.000000000
    endloop
  endfacet
  facet normal 0.461939766 0.800103145 0.382683432
    outer loop
      vertex 20.872740661 37.742969418 4.807055236
      vertex 10.900000000 43.408449866 5.000000000
      vertex 20.792820323 37.696827390 5.000000000
    endloop
  endfacet
  facet normal -0.461939766 0.800103145 0.382683432
    outer loop
      vertex 10.900000000 43.500733924 4.807055236
      vertex 0.927259339 37.742969418 4.807055236
      vertex 1.007179677 37.696827390 5.000000000
    endloop
  endfacet
  facet normal -0.461939766 0.800103145 0.382683432
    outer loop
      vertex 10.900000000 43.500733924 4.807055236
      vertex 1.007179677 37.696827390 5.000000000
      vertex 10.900000000 43.408449866 5.000000000
    endloop
  endfacet
  facet normal -0.923879533 -5.34432588e-17 0.382683432
    outer loop
      vertex 0.927259339 37.742969418 4.807055236
      vertex 0.927259339 26.227440408 4.807055236
      vertex 1.007179677 26.273582437 5.000000000
    endloop
  endfacet
  facet normal -0.923879533 1.81787126e-17 0.382683432
    outer loop
      vertex 0.927259339 37.742969418 4.807055236
      vertex 1.007179677 26.273582437 5.000000000
      vertex 1.007179677 37.696827390 5.000000000
    endloop
  endfacet
  facet normal -0.461939766 -0.800103145 0.382683432
    outer loop
      vertex 0.927259339 26.227440408 4.807055236
      vertex 10.900000000 20.469675903 4.807055236
      vertex 10.900000000 20.561959960 5.000000000
    endloop
  endfacet
  facet normal -0.461939766 -0.800103145 0.382683432
    outer loop
      vertex 0.927259339 26.227440408 4.807055236
      vertex 10.900000000 20.561959960 5.000000000
      vertex 1.007179677 26.273582437 5.000000000
    endloop
  endfacet
  facet normal 0.461939766 -0.800103145 0.382683432
    outer loop
      vertex 10.900000000 20.469675903 4.807055236
      vertex 20.872740661 26.227440408 4.807055236
      vertex 20.792820323 26.273582437 5.000000000
    endloop
  endfacet
  facet normal 0.461939766 -0.800103145 0.382683432
    outer loop
      vertex 10.900000000 20.469675903 4.807055236
      vertex 20.792820323 26.273582437 5.000000000
      vertex 10.900000000 20.561959960 5.000000000
    endloop
  endfacet
  facet normal 0.923879533 -2.85030714e-16 0.382683432
    outer loop
      vertex 20.872740661 26.227440408 4.807055236
      vertex 20.872740661 37.742969418 4.807055236
      vertex 20.792820323 37.696827390 5.000000000
    endloop
  endfacet
  facet normal 0.923879533 -2.87950807e-16 0.382683432
    outer loop
      vertex 20.872740661 26.227440408 4.807055236
      vertex 20.792820323 37.696827390 5.000000000
      vertex 20.792820323 26.273582437 5.000000000
    endloop
  endfacet
  facet normal 0.39667667 0.687064147 0.608761429
    outer loop
      vertex 20.792820323 37.696827390 5.000000000
      vertex 10.900000000 43.408449866 5.000000000
      vertex 10.900000000 43.261647131 5.165685425
    endloop
  endfacet
  facet normal 0.39667667 0.687064147 0.608761429
    outer loop
      vertex 20.792820323 37.696827390 5.000000000
      vertex 10.900000000 43.261647131 5.165685425
      vertex 20.665685425 37.623426022 5.165685425
    endloop
  endfacet
  facet normal -0.39667667 0.687064147 0.608761429
    outer loop
      vertex 10.900000000 43.408449866 5.000000000
      vertex 1.007179677 37.696827390 5.000000000
      vertex 1.134314575 37.623426022 5.165685425
    endloop
  endfacet
  facet normal -0.39667667 0.687064147 0.608761429
    outer loop
      vertex 10.900000000 43.408449866 5.000000000
      vertex 1.134314575 37.623426022 5.165685425
      vertex 10.900000000 43.261647131 5.165685425
    endloop
  endfacet
  facet normal -0.79335334 1.54211723e-17 0.608761429
    outer loop
      vertex 1.007179677 37.696827390 5.000000000
      vertex 1.007179677 26.273582437 5.000000000
      vertex 1.134314575 26.346983804 5.165685425
    endloop
  endfacet
  facet normal -0.79335334 -4.71433543e-17 0.608761429
    outer loop
      vertex 1.007179677 37.696827390 5.000000000
      vertex 1.134314575 26.346983804 5.165685425
      vertex 1.134314575 37.623426022 5.165685425
    endloop
  endfacet
  facet normal -0.39667667 -0.687064147 0.608761429
    outer loop
      vertex 1.007179677 26.273582437 5.000000000
      vertex 10.900000000 20.561959960 5.000000000
      vertex 10.900000000 20.708762695 5.165685425
    endloop
  endfacet
  facet normal -0.39667667 -0.687064147 0.608761429
    outer loop
      vertex 1.007179677 26.273582437 5.000000000
      vertex 10.900000000 20.708762695 5.165685425
      vertex 1.134314575 26.346983804 5.165685425
    endloop
  endfacet
  facet normal 0.39667667 -0.687064147 0.608761429
    outer loop
      vertex 10.900000000 20.561959960 5.000000000
      vertex 20.792820323 26.273582437 5.000000000
      vertex 20.665685425 26.346983804 5.165685425
    endloop
  endfacet
  facet normal 0.39667667 -0.687064147 0.608761429
    outer loop
      vertex 10.900000000 20.561959960 5.000000000
      vertex 20.665685425 26.346983804 5.165685425
      vertex 10.900000000 20.708762695 5.165685425
    endloop
  endfacet
  facet normal 0.79335334 -2.46738757e-16 0.608761429
    outer loop
      vertex 20.792820323 26.273582437 5.000000000
      vertex 20.792820323 37.696827390 5.000000000
      vertex 20.665685425 37.623426022 5.165685425
    endloop
  endfacet
  facet normal 0.79335334 -2.4897584e-16 0.608761429
    outer loop
      vertex 20.792820323 26.273582437 5.000000000
      vertex 20.665685425 37.623426022 5.165685425
      vertex 20.665685425 26.346983804 5.165685425
    endloop
  endfacet
  facet normal 0.304380714 0.527202862 0.79335334
    outer loop
      vertex 20.665685425 37.623426022 5.165685425
      vertex 10.900000000 43.261647131 5.165685425
      vertex 10.900000000 43.070330082 5.292820323
    endloop
  endfacet
  facet normal 0.304380714 0.527202862 0.79335334
    outer loop
      vertex 20.665685425 37.623426022 5.165685425
      vertex 10.900000000 43.070330082 5.292820323
      vertex 20.500000000 37.527767497 5.292820323
    endloop
  endfacet
  facet normal -0.304380714 0.527202862 0.79335334
    outer loop
      vertex 10.900000000 43.261647131 5.165685425
      vertex 1.134314575 37.623426022 5.165685425
      vertex 1.300000000 37.527767497 5.292820323
    endloop
  endfacet
  facet normal -0.304380714 0.527202862 0.79335334
    outer loop
      vertex 10.900000000 43.261647131 5.165685425
      vertex 1.300000000 37.527767497 5.292820323
      vertex 10.900000000 43.070330082 5.292820323
    endloop
  endfacet
  facet normal -0.608761429 -3.59613932e-17 0.79335334
    outer loop
      vertex 1.134314575 37.623426022 5.165685425
      vertex 1.134314575 26.346983804 5.165685425
      vertex 1.300000000 26.442642329 5.292820323
    endloop
  endfacet
  facet normal -0.608761429 -2.54771545e-17 0.79335334
    outer loop
      vertex 1.134314575 37.623426022 5.165685425
      vertex 1.300000000 26.442642329 5.292820323
      vertex 1.300000000 37.527767497 5.292820323
    endloop
  endfacet
  facet normal -0.304380714 -0.527202862 0.79335334
    outer loop
      vertex 1.134314575 26.346983804 5.165685425
      vertex 10.900000000 20.708762695 5.165685425
      vertex 10.900000000 20.900079745 5.292820323
    endloop
  endfacet
  facet normal -0.304380714 -0.527202862 0.79335334
    outer loop
      vertex 1.134314575 26.346983804 5.165685425
      vertex 10.900000000 20.900079745 5.292820323
      vertex 1.300000000 26.442642329 5.292820323
    endloop
  endfacet
  facet normal 0.304380714 -0.527202862 0.79335334
    outer loop
      vertex 10.900000000 20.708762695 5.165685425
      vertex 20.665685425 26.346983804 5.165685425
      vertex 20.500000000 26.442642329 5.292820323
    endloop
  endfacet
  facet normal 0.304380714 -0.527202862 0.79335334
    outer loop
      vertex 10.900000000 20.708762695 5.165685425
      vertex 20.500000000 26.442642329 5.292820323
      vertex 10.900000000 20.900079745 5.292820323
    endloop
  endfacet
  facet normal 0.608761429 -1.91794097e-16 0.79335334
    outer loop
      vertex 20.665685425 26.346983804 5.165685425
      vertex 20.665685425 37.623426022 5.165685425
      vertex 20.500000000 37.527767497 5.292820323
    endloop
  endfacet
  facet normal 0.608761429 -1.94825299e-16 0.79335334
    outer loop
      vertex 20.665685425 26.346983804 5.165685425
      vertex 20.500000000 37.527767497 5.292820323
      vertex 20.500000000 26.442642329 5.292820323
    endloop
  endfacet
  facet normal 0.191341716 0.331413574 0.923879533
    outer loop
      vertex 20.500000000 37.527767497 5.292820323
      vertex 10.900000000 43.070330082 5.292820323
      vertex 10.900000000 42.847536659 5.372740661
    endloop
  endfacet
  facet normal 0.191341716 0.331413574 0.923879533
    outer loop
      vertex 20.500000000 37.527767497 5.292820323
      vertex 10.900000000 42.847536659 5.372740661
      vertex 20.307055236 37.416370786 5.372740661
    endloop
  endfacet
  facet normal -0.191341716 0.331413574 0.923879533
    outer loop
      vertex 10.900000000 43.070330082 5.292820323
      vertex 1.300000000 37.527767497 5.292820323
      vertex 1.492944764 37.416370786 5.372740661
    endloop
  endfacet
  facet normal -0.191341716 0.331413574 0.923879533
    outer loop
      vertex 10.900000000 43.070330082 5.292820323
      vertex 1.492944764 37.416370786 5.372740661
      vertex 10.900000000 42.847536659 5.372740661
    endloop
  endfacet
  facet normal -0.382683432 -1.53309575e-17 0.923879533
    outer loop
      vertex 1.300000000 37.527767497 5.292820323
      vertex 1.300000000 26.442642329 5.292820323
      vertex 1.492944764 26.554039040 5.372740661
    endloop
  endfacet
  facet normal -0.382683432 -6.19404792e-17 0.923879533
    outer loop
      vertex 1.300000000 37.527767497 5.292820323
      vertex 1.492944764 26.554039040 5.372740661
      vertex 1.492944764 37.416370786 5.372740661
    endloop
  endfacet
  facet normal -0.191341716 -0.331413574 0.923879533
    outer loop
      vertex 1.300000000 26.442642329 5.292820323
      vertex 10.900000000 20.900079745 5.292820323
      vertex 10.900000000 21.122873167 5.372740661
    endloop
  endfacet
  facet normal -0.191341716 -0.331413574 0.923879533
    outer loop
      vertex 1.300000000 26.442642329 5.292820323
      vertex 10.900000000 21.122873167 5.372740661
      vertex 1.492944764 26.554039040 5.372740661
    endloop
  endfacet
  facet normal 0.191341716 -0.331413574 0.923879533
    outer loop
      vertex 10.900000000 20.900079745 5.292820323
      vertex 20.500000000 26.442642329 5.292820323
      vertex 20.307055236 26.554039040 5.372740661
    endloop
  endfacet
  facet normal 0.191341716 -0.331413574 0.923879533
    outer loop
      vertex 10.900000000 20.900079745 5.292820323
      vertex 20.307055236 26.554039040 5.372740661
      vertex 10.900000000 21.122873167 5.372740661
    endloop
  endfacet
  facet normal 0.382683432 -1.2264766e-16 0.923879533
    outer loop
      vertex 20.500000000 26.442642329 5.292820323
      vertex 20.500000000 37.527767497 5.292820323
      vertex 20.307055236 37.416370786 5.372740661
    endloop
  endfacet
  facet normal 0.382683432 -1.24645656e-16 0.923879533
    outer loop
      vertex 20.500000000 26.442642329 5.292820323
      vertex 20.307055236 37.416370786 5.372740661
      vertex 20.307055236 26.554039040 5.372740661
    endloop
  endfacet
  facet normal 0.0652630962 0.113038998 0.991444861
    outer loop
      vertex 20.307055236 37.416370786 5.372740661
      vertex 10.900000000 42.847536659 5.372740661
      vertex 10.900000000 42.608449866 5.400000000
    endloop
  endfacet
  facet normal 0.0652630962 0.113038998 0.991444861
    outer loop
      vertex 20.307055236 37.416370786 5.372740661
      vertex 10.900000000 42.608449866 5.400000000
      vertex 20.100000000 37.296827390 5.400000000
    endloop
  endfacet
  facet normal -0.0652630962 0.113038998 0.991444861
    outer loop
      vertex 10.900000000 42.847536659 5.372740661
      vertex 1.492944764 37.416370786 5.372740661
      vertex 1.700000000 37.296827390 5.400000000
    endloop
  endfacet
  facet normal -0.0652630962 0.113038998 0.991444861
    outer loop
      vertex 10.900000000 42.847536659 5.372740661
      vertex 1.700000000 37.296827390 5.400000000
      vertex 10.900000000 42.608449866 5.400000000
    endloop
  endfacet
  facet normal -0.130526192 -2.13454256e-17 0.991444861
    outer loop
      vertex 1.492944764 37.416370786 5.372740661
      vertex 1.492944764 26.554039040 5.372740661
      vertex 1.700000000 26.673582437 5.400000000
    endloop
  endfacet
  facet normal -0.130526192 0 0.991444861
    outer loop
      vertex 1.492944764 37.416370786 5.372740661
      vertex 1.700000000 26.673582437 5.400000000
      vertex 1.700000000 37.296827390 5.400000000
    endloop
  endfacet
  facet normal -0.0652630962 -0.113038998 0.991444861
    outer loop
      vertex 1.492944764 26.554039040 5.372740661
      vertex 10.900000000 21.122873167 5.372740661
      vertex 10.900000000 21.361959960 5.400000000
    endloop
  endfacet
  facet normal -0.0652630962 -0.113038998 0.991444861
    outer loop
      vertex 1.492944764 26.554039040 5.372740661
      vertex 10.900000000 21.361959960 5.400000000
      vertex 1.700000000 26.673582437 5.400000000
    endloop
  endfacet
  facet normal 0.0652630962 -0.113038998 0.991444861
    outer loop
      vertex 10.900000000 21.122873167 5.372740661
      vertex 20.307055236 26.554039040 5.372740661
      vertex 20.100000000 26.673582437 5.400000000
    endloop
  endfacet
  facet normal 0.0652630962 -0.113038998 0.991444861
    outer loop
      vertex 10.900000000 21.122873167 5.372740661
      vertex 20.100000000 26.673582437 5.400000000
      vertex 10.900000000 21.361959960 5.400000000
    endloop
  endfacet
  facet normal 0.130526192 -4.26908513e-17 0.991444861
    outer loop
      vertex 20.307055236 26.554039040 5.372740661
      vertex 20.307055236 37.416370786 5.372740661
      vertex 20.100000000 37.296827390 5.400000000
    endloop
  endfacet
  facet normal 0.130526192 -4.3786823e-17 0.991444861
    outer loop
      vertex 20.307055236 26.554039040 5.372740661
      vertex 20.100000000 37.296827390 5.400000000
      vertex 20.100000000 26.673582437 5.400000000
    endloop
  endfacet
  facet normal 0 0 1
    outer loop
      vertex 20.100000000 37.296827390 5.400000000
      vertex 10.900000000 42.608449866 5.400000000
      vertex 1.700000000 37.296827390 5.400000000
    endloop
  endfacet
  facet normal 0 0 1
    outer loop
      vertex 20.100000000 37.296827390 5.400000000
      vertex 1.700000000 37.296827390 5.400000000
      vertex 1.700000000 26.673582437 5.400000000
    endloop
  endfacet
  facet normal 0 0 1
    outer loop
      vertex 20.100000000 37.296827390 5.400000000
      vertex 1.700000000 26.673582437 5.400000000
      vertex 10.900000000 21.361959960 5.400000000
    endloop
  endfacet
  facet normal 0 0 1
    outer loop
      vertex 20.100000000 37.296827390 5.400000000
      vertex 10.900000000 21.361959960 5.400000000
      vertex 20.100000000 26.673582437 5.400000000
    endloop
  endfacet
  facet normal 0 0 -1
    outer loop
      vertex 64.500000000 37.758707605 3.000000000
      vertex 44.500000000 37.758707605 3.000000000
      vertex 54.500000000 43.532210297 3.000000000
    endloop
  endfacet
  facet normal -0 0 -1
    outer loop
      vertex 64.500000000 37.758707605 3.000000000
      vertex 44.500000000 26.211702221 3.000000000
      vertex 44.500000000 37.758707605 3.000000000
    endloop
  endfacet
  facet normal 0 0 -1
    outer loop
      vertex 64.500000000 37.758707605 3.000000000
      vertex 54.500000000 20.438199529 3.000000000
      vertex 44.500000000 26.211702221 3.000000000
    endloop
  endfacet
  facet normal 0 -0 -1
    outer loop
      vertex 64.500000000 37.758707605 3.000000000
      vertex 64.500000000 26.211702221 3.000000000
      vertex 54.500000000 20.438199529 3.000000000
    endloop
  endfacet
  facet normal 0.5 0.866025404 0
    outer loop
      vertex 64.500000000 37.758707605 3.000000000
      vertex 54.500000000 43.532210297 3.000000000
      vertex 54.500000000 43.532210297 4.600000000
    endloop
  endfacet
  facet normal 0.5 0.866025404 -0
    outer loop
      vertex 64.500000000 37.758707605 3.000000000
      vertex 54.500000000 43.532210297 4.600000000
      vertex 64.500000000 37.758707605 4.600000000
    endloop
  endfacet
  facet normal -0.5 0.866025404 0
    outer loop
      vertex 54.500000000 43.532210297 3.000000000
      vertex 44.500000000 37.758707605 3.000000000
      vertex 44.500000000 37.758707605 4.600000000
    endloop
  endfacet
  facet normal -0.5 0.866025404 0
    outer loop
      vertex 54.500000000 43.532210297 3.000000000
      vertex 44.500000000 37.758707605 4.600000000
      vertex 54.500000000 43.532210297 4.600000000
    endloop
  endfacet
  facet normal -1 0 0
    outer loop
      vertex 44.500000000 37.758707605 3.000000000
      vertex 44.500000000 26.211702221 3.000000000
      vertex 44.500000000 26.211702221 4.600000000
    endloop
  endfacet
  facet normal -1 0 0
    outer loop
      vertex 44.500000000 37.758707605 3.000000000
      vertex 44.500000000 26.211702221 4.600000000
      vertex 44.500000000 37.758707605 4.600000000
    endloop
  endfacet
  facet normal -0.5 -0.866025404 0
    outer loop
      vertex 44.500000000 26.211702221 3.000000000
      vertex 54.500000000 20.438199529 3.000000000
      vertex 54.500000000 20.438199529 4.600000000
    endloop
  endfacet
  facet normal -0.5 -0.866025404 0
    outer loop
      vertex 44.500000000 26.211702221 3.000000000
      vertex 54.500000000 20.438199529 4.600000000
      vertex 44.500000000 26.211702221 4.600000000
    endloop
  endfacet
  facet normal 0.5 -0.866025404 0
    outer loop
      vertex 54.500000000 20.438199529 3.000000000
      vertex 64.500000000 26.211702221 3.000000000
      vertex 64.500000000 26.211702221 4.600000000
    endloop
  endfacet
  facet normal 0.5 -0.866025404 0
    outer loop
      vertex 54.500000000 20.438199529 3.000000000
      vertex 64.500000000 26.211702221 4.600000000
      vertex 54.500000000 20.438199529 4.600000000
    endloop
  endfacet
  facet normal 1 0 0
    outer loop
      vertex 64.500000000 26.211702221 3.000000000
      vertex 64.500000000 37.758707605 3.000000000
      vertex 64.500000000 37.758707605 4.600000000
    endloop
  endfacet
  facet normal 1 0 0
    outer loop
      vertex 64.500000000 26.211702221 3.000000000
      vertex 64.500000000 37.758707605 4.600000000
      vertex 64.500000000 26.211702221 4.600000000
    endloop
  endfacet
  facet normal 0.495722431 0.858616436 0.130526192
    outer loop
      vertex 64.500000000 37.758707605 4.600000000
      vertex 54.500000000 43.532210297 4.600000000
      vertex 54.500000000 43.500733924 4.807055236
    endloop
  endfacet
  facet normal 0.495722431 0.858616436 0.130526192
    outer loop
      vertex 64.500000000 37.758707605 4.600000000
      vertex 54.500000000 43.500733924 4.807055236
      vertex 64.472740661 37.742969418 4.807055236
    endloop
  endfacet
  facet normal -0.495722431 0.858616436 0.130526192
    outer loop
      vertex 54.500000000 43.532210297 4.600000000
      vertex 44.500000000 37.758707605 4.600000000
      vertex 44.527259339 37.742969418 4.807055236
    endloop
  endfacet
  facet normal -0.495722431 0.858616436 0.130526192
    outer loop
      vertex 54.500000000 43.532210297 4.600000000
      vertex 44.527259339 37.742969418 4.807055236
      vertex 54.500000000 43.500733924 4.807055236
    endloop
  endfacet
  facet normal -0.991444861 0 0.130526192
    outer loop
      vertex 44.500000000 37.758707605 4.600000000
      vertex 44.500000000 26.211702221 4.600000000
      vertex 44.527259339 26.227440408 4.807055236
    endloop
  endfacet
  facet normal -0.991444861 0 0.130526192
    outer loop
      vertex 44.500000000 37.758707605 4.600000000
      vertex 44.527259339 26.227440408 4.807055236
      vertex 44.527259339 37.742969418 4.807055236
    endloop
  endfacet
  facet normal -0.495722431 -0.858616436 0.130526192
    outer loop
      vertex 44.500000000 26.211702221 4.600000000
      vertex 54.500000000 20.438199529 4.600000000
      vertex 54.500000000 20.469675903 4.807055236
    endloop
  endfacet
  facet normal -0.495722431 -0.858616436 0.130526192
    outer loop
      vertex 44.500000000 26.211702221 4.600000000
      vertex 54.500000000 20.469675903 4.807055236
      vertex 44.527259339 26.227440408 4.807055236
    endloop
  endfacet
  facet normal 0.495722431 -0.858616436 0.130526192
    outer loop
      vertex 54.500000000 20.438199529 4.600000000
      vertex 64.500000000 26.211702221 4.600000000
      vertex 64.472740661 26.227440408 4.807055236
    endloop
  endfacet
  facet normal 0.495722431 -0.858616436 0.130526192
    outer loop
      vertex 54.500000000 20.438199529 4.600000000
      vertex 64.472740661 26.227440408 4.807055236
      vertex 54.500000000 20.469675903 4.807055236
    endloop
  endfacet
  facet normal 0.991444861 -0 0.130526192
    outer loop
      vertex 64.500000000 26.211702221 4.600000000
      vertex 64.500000000 37.758707605 4.600000000
      vertex 64.472740661 37.742969418 4.807055236
    endloop
  endfacet
  facet normal 0.991444861 0 0.130526192
    outer loop
      vertex 64.500000000 26.211702221 4.600000000
      vertex 64.472740661 37.742969418 4.807055236
      vertex 64.472740661 26.227440408 4.807055236
    endloop
  endfacet
  facet normal 0.461939766 0.800103145 0.382683432
    outer loop
      vertex 64.472740661 37.742969418 4.807055236
      vertex 54.500000000 43.500733924 4.807055236
      vertex 54.500000000 43.408449866 5.000000000
    endloop
  endfacet
  facet normal 0.461939766 0.800103145 0.382683432
    outer loop
      vertex 64.472740661 37.742969418 4.807055236
      vertex 54.500000000 43.408449866 5.000000000
      vertex 64.392820323 37.696827390 5.000000000
    endloop
  endfacet
  facet normal -0.461939766 0.800103145 0.382683432
    outer loop
      vertex 54.500000000 43.500733924 4.807055236
      vertex 44.527259339 37.742969418 4.807055236
      vertex 44.607179677 37.696827390 5.000000000
    endloop
  endfacet
  facet normal -0.461939766 0.800103145 0.382683432
    outer loop
      vertex 54.500000000 43.500733924 4.807055236
      vertex 44.607179677 37.696827390 5.000000000
      vertex 54.500000000 43.408449866 5.000000000
    endloop
  endfacet
  facet normal -0.923879533 0 0.382683432
    outer loop
      vertex 44.527259339 37.742969418 4.807055236
      vertex 44.527259339 26.227440408 4.807055236
      vertex 44.607179677 26.273582437 5.000000000
    endloop
  endfacet
  facet normal -0.923879533 0 0.382683432
    outer loop
      vertex 44.527259339 37.742969418 4.807055236
      vertex 44.607179677 26.273582437 5.000000000
      vertex 44.607179677 37.696827390 5.000000000
    endloop
  endfacet
  facet normal -0.461939766 -0.800103145 0.382683432
    outer loop
      vertex 44.527259339 26.227440408 4.807055236
      vertex 54.500000000 20.469675903 4.807055236
      vertex 54.500000000 20.561959960 5.000000000
    endloop
  endfacet
  facet normal -0.461939766 -0.800103145 0.382683432
    outer loop
      vertex 44.527259339 26.227440408 4.807055236
      vertex 54.500000000 20.561959960 5.000000000
      vertex 44.607179677 26.273582437 5.000000000
    endloop
  endfacet
  facet normal 0.461939766 -0.800103145 0.382683432
    outer loop
      vertex 54.500000000 20.469675903 4.807055236
      vertex 64.472740661 26.227440408 4.807055236
      vertex 64.392820323 26.273582437 5.000000000
    endloop
  endfacet
  facet normal 0.461939766 -0.800103145 0.382683432
    outer loop
      vertex 54.500000000 20.469675903 4.807055236
      vertex 64.392820323 26.273582437 5.000000000
      vertex 54.500000000 20.561959960 5.000000000
    endloop
  endfacet
  facet normal 0.923879533 -0 0.382683432
    outer loop
      vertex 64.472740661 26.227440408 4.807055236
      vertex 64.472740661 37.742969418 4.807055236
      vertex 64.392820323 37.696827390 5.000000000
    endloop
  endfacet
  facet normal 0.923879533 0 0.382683432
    outer loop
      vertex 64.472740661 26.227440408 4.807055236
      vertex 64.392820323 37.696827390 5.000000000
      vertex 64.392820323 26.273582437 5.000000000
    endloop
  endfacet
  facet normal 0.39667667 0.687064147 0.608761429
    outer loop
      vertex 64.392820323 37.696827390 5.000000000
      vertex 54.500000000 43.408449866 5.000000000
      vertex 54.500000000 43.261647131 5.165685425
    endloop
  endfacet
  facet normal 0.39667667 0.687064147 0.608761429
    outer loop
      vertex 64.392820323 37.696827390 5.000000000
      vertex 54.500000000 43.261647131 5.165685425
      vertex 64.265685425 37.623426022 5.165685425
    endloop
  endfacet
  facet normal -0.39667667 0.687064147 0.608761429
    outer loop
      vertex 54.500000000 43.408449866 5.000000000
      vertex 44.607179677 37.696827390 5.000000000
      vertex 44.734314575 37.623426022 5.165685425
    endloop
  endfacet
  facet normal -0.39667667 0.687064147 0.608761429
    outer loop
      vertex 54.500000000 43.408449866 5.000000000
      vertex 44.734314575 37.623426022 5.165685425
      vertex 54.500000000 43.261647131 5.165685425
    endloop
  endfacet
  facet normal -0.79335334 0 0.608761429
    outer loop
      vertex 44.607179677 37.696827390 5.000000000
      vertex 44.607179677 26.273582437 5.000000000
      vertex 44.734314575 26.346983804 5.165685425
    endloop
  endfacet
  facet normal -0.79335334 0 0.608761429
    outer loop
      vertex 44.607179677 37.696827390 5.000000000
      vertex 44.734314575 26.346983804 5.165685425
      vertex 44.734314575 37.623426022 5.165685425
    endloop
  endfacet
  facet normal -0.39667667 -0.687064147 0.608761429
    outer loop
      vertex 44.607179677 26.273582437 5.000000000
      vertex 54.500000000 20.561959960 5.000000000
      vertex 54.500000000 20.708762695 5.165685425
    endloop
  endfacet
  facet normal -0.39667667 -0.687064147 0.608761429
    outer loop
      vertex 44.607179677 26.273582437 5.000000000
      vertex 54.500000000 20.708762695 5.165685425
      vertex 44.734314575 26.346983804 5.165685425
    endloop
  endfacet
  facet normal 0.39667667 -0.687064147 0.608761429
    outer loop
      vertex 54.500000000 20.561959960 5.000000000
      vertex 64.392820323 26.273582437 5.000000000
      vertex 64.265685425 26.346983804 5.165685425
    endloop
  endfacet
  facet normal 0.39667667 -0.687064147 0.608761429
    outer loop
      vertex 54.500000000 20.561959960 5.000000000
      vertex 64.265685425 26.346983804 5.165685425
      vertex 54.500000000 20.708762695 5.165685425
    endloop
  endfacet
  facet normal 0.79335334 -0 0.608761429
    outer loop
      vertex 64.392820323 26.273582437 5.000000000
      vertex 64.392820323 37.696827390 5.000000000
      vertex 64.265685425 37.623426022 5.165685425
    endloop
  endfacet
  facet normal 0.79335334 0 0.608761429
    outer loop
      vertex 64.392820323 26.273582437 5.000000000
      vertex 64.265685425 37.623426022 5.165685425
      vertex 64.265685425 26.346983804 5.165685425
    endloop
  endfacet
  facet normal 0.304380714 0.527202862 0.79335334
    outer loop
      vertex 64.265685425 37.623426022 5.165685425
      vertex 54.500000000 43.261647131 5.165685425
      vertex 54.500000000 43.070330082 5.292820323
    endloop
  endfacet
  facet normal 0.304380714 0.527202862 0.79335334
    outer loop
      vertex 64.265685425 37.623426022 5.165685425
      vertex 54.500000000 43.070330082 5.292820323
      vertex 64.100000000 37.527767497 5.292820323
    endloop
  endfacet
  facet normal -0.304380714 0.527202862 0.79335334
    outer loop
      vertex 54.500000000 43.261647131 5.165685425
      vertex 44.734314575 37.623426022 5.165685425
      vertex 44.900000000 37.527767497 5.292820323
    endloop
  endfacet
  facet normal -0.304380714 0.527202862 0.79335334
    outer loop
      vertex 54.500000000 43.261647131 5.165685425
      vertex 44.900000000 37.527767497 5.292820323
      vertex 54.500000000 43.070330082 5.292820323
    endloop
  endfacet
  facet normal -0.608761429 0 0.79335334
    outer loop
      vertex 44.734314575 37.623426022 5.165685425
      vertex 44.734314575 26.346983804 5.165685425
      vertex 44.900000000 26.442642329 5.292820323
    endloop
  endfacet
  facet normal -0.608761429 0 0.79335334
    outer loop
      vertex 44.734314575 37.623426022 5.165685425
      vertex 44.900000000 26.442642329 5.292820323
      vertex 44.900000000 37.527767497 5.292820323
    endloop
  endfacet
  facet normal -0.304380714 -0.527202862 0.79335334
    outer loop
      vertex 44.734314575 26.346983804 5.165685425
      vertex 54.500000000 20.708762695 5.165685425
      vertex 54.500000000 20.900079745 5.292820323
    endloop
  endfacet
  facet normal -0.304380714 -0.527202862 0.79335334
    outer loop
      vertex 44.734314575 26.346983804 5.165685425
      vertex 54.500000000 20.900079745 5.292820323
      vertex 44.900000000 26.442642329 5.292820323
    endloop
  endfacet
  facet normal 0.304380714 -0.527202862 0.79335334
    outer loop
      vertex 54.500000000 20.708762695 5.165685425
      vertex 64.265685425 26.346983804 5.165685425
      vertex 64.100000000 26.442642329 5.292820323
    endloop
  endfacet
  facet normal 0.304380714 -0.527202862 0.79335334
    outer loop
      vertex 54.500000000 20.708762695 5.165685425
      vertex 64.100000000 26.442642329 5.292820323
      vertex 54.500000000 20.900079745 5.292820323
    endloop
  endfacet
  facet normal 0.608761429 -0 0.79335334
    outer loop
      vertex 64.265685425 26.346983804 5.165685425
      vertex 64.265685425 37.623426022 5.165685425
      vertex 64.100000000 37.527767497 5.292820323
    endloop
  endfacet
  facet normal 0.608761429 0 0.79335334
    outer loop
      vertex 64.265685425 26.346983804 5.165685425
      vertex 64.100000000 37.527767497 5.292820323
      vertex 64.100000000 26.442642329 5.292820323
    endloop
  endfacet
  facet normal 0.191341716 0.331413574 0.923879533
    outer loop
      vertex 64.100000000 37.527767497 5.292820323
      vertex 54.500000000 43.070330082 5.292820323
      vertex 54.500000000 42.847536659 5.372740661
    endloop
  endfacet
  facet normal 0.191341716 0.331413574 0.923879533
    outer loop
      vertex 64.100000000 37.527767497 5.292820323
      vertex 54.500000000 42.847536659 5.372740661
      vertex 63.907055236 37.416370786 5.372740661
    endloop
  endfacet
  facet normal -0.191341716 0.331413574 0.923879533
    outer loop
      vertex 54.500000000 43.070330082 5.292820323
      vertex 44.900000000 37.527767497 5.292820323
      vertex 45.092944764 37.416370786 5.372740661
    endloop
  endfacet
  facet normal -0.191341716 0.331413574 0.923879533
    outer loop
      vertex 54.500000000 43.070330082 5.292820323
      vertex 45.092944764 37.416370786 5.372740661
      vertex 54.500000000 42.847536659 5.372740661
    endloop
  endfacet
  facet normal -0.382683432 0 0.923879533
    outer loop
      vertex 44.900000000 37.527767497 5.292820323
      vertex 44.900000000 26.442642329 5.292820323
      vertex 45.092944764 26.554039040 5.372740661
    endloop
  endfacet
  facet normal -0.382683432 0 0.923879533
    outer loop
      vertex 44.900000000 37.527767497 5.292820323
      vertex 45.092944764 26.554039040 5.372740661
      vertex 45.092944764 37.416370786 5.372740661
    endloop
  endfacet
  facet normal -0.191341716 -0.331413574 0.923879533
    outer loop
      vertex 44.900000000 26.442642329 5.292820323
      vertex 54.500000000 20.900079745 5.292820323
      vertex 54.500000000 21.122873167 5.372740661
    endloop
  endfacet
  facet normal -0.191341716 -0.331413574 0.923879533
    outer loop
      vertex 44.900000000 26.442642329 5.292820323
      vertex 54.500000000 21.122873167 5.372740661
      vertex 45.092944764 26.554039040 5.372740661
    endloop
  endfacet
  facet normal 0.191341716 -0.331413574 0.923879533
    outer loop
      vertex 54.500000000 20.900079745 5.292820323
      vertex 64.100000000 26.442642329 5.292820323
      vertex 63.907055236 26.554039040 5.372740661
    endloop
  endfacet
  facet normal 0.191341716 -0.331413574 0.923879533
    outer loop
      vertex 54.500000000 20.900079745 5.292820323
      vertex 63.907055236 26.554039040 5.372740661
      vertex 54.500000000 21.122873167 5.372740661
    endloop
  endfacet
  facet normal 0.382683432 -0 0.923879533
    outer loop
      vertex 64.100000000 26.442642329 5.292820323
      vertex 64.100000000 37.527767497 5.292820323
      vertex 63.907055236 37.416370786 5.372740661
    endloop
  endfacet
  facet normal 0.382683432 0 0.923879533
    outer loop
      vertex 64.100000000 26.442642329 5.292820323
      vertex 63.907055236 37.416370786 5.372740661
      vertex 63.907055236 26.554039040 5.372740661
    endloop
  endfacet
  facet normal 0.0652630962 0.113038998 0.991444861
    outer loop
      vertex 63.907055236 37.416370786 5.372740661
      vertex 54.500000000 42.847536659 5.372740661
      vertex 54.500000000 42.608449866 5.400000000
    endloop
  endfacet
  facet normal 0.0652630962 0.113038998 0.991444861
    outer loop
      vertex 63.907055236 37.416370786 5.372740661
      vertex 54.500000000 42.608449866 5.400000000
      vertex 63.700000000 37.296827390 5.400000000
    endloop
  endfacet
  facet normal -0.0652630962 0.113038998 0.991444861
    outer loop
      vertex 54.500000000 42.847536659 5.372740661
      vertex 45.092944764 37.416370786 5.372740661
      vertex 45.300000000 37.296827390 5.400000000
    endloop
  endfacet
  facet normal -0.0652630962 0.113038998 0.991444861
    outer loop
      vertex 54.500000000 42.847536659 5.372740661
      vertex 45.300000000 37.296827390 5.400000000
      vertex 54.500000000 42.608449866 5.400000000
    endloop
  endfacet
  facet normal -0.130526192 0 0.991444861
    outer loop
      vertex 45.092944764 37.416370786 5.372740661
      vertex 45.092944764 26.554039040 5.372740661
      vertex 45.300000000 26.673582437 5.400000000
    endloop
  endfacet
  facet normal -0.130526192 0 0.991444861
    outer loop
      vertex 45.092944764 37.416370786 5.372740661
      vertex 45.300000000 26.673582437 5.400000000
      vertex 45.300000000 37.296827390 5.400000000
    endloop
  endfacet
  facet normal -0.0652630962 -0.113038998 0.991444861
    outer loop
      vertex 45.092944764 26.554039040 5.372740661
      vertex 54.500000000 21.122873167 5.372740661
      vertex 54.500000000 21.361959960 5.400000000
    endloop
  endfacet
  facet normal -0.0652630962 -0.113038998 0.991444861
    outer loop
      vertex 45.092944764 26.554039040 5.372740661
      vertex 54.500000000 21.361959960 5.400000000
      vertex 45.300000000 26.673582437 5.400000000
    endloop
  endfacet
  facet normal 0.0652630962 -0.113038998 0.991444861
    outer loop
      vertex 54.500000000 21.122873167 5.372740661
      vertex 63.907055236 26.554039040 5.372740661
      vertex 63.700000000 26.673582437 5.400000000
    endloop
  endfacet
  facet normal 0.0652630962 -0.113038998 0.991444861
    outer loop
      vertex 54.500000000 21.122873167 5.372740661
      vertex 63.700000000 26.673582437 5.400000000
      vertex 54.500000000 21.361959960 5.400000000
    endloop
  endfacet
  facet normal 0.130526192 -0 0.991444861
    outer loop
      vertex 63.907055236 26.554039040 5.372740661
      vertex 63.907055236 37.416370786 5.372740661
      vertex 63.700000000 37.296827390 5.400000000
    endloop
  endfacet
  facet normal 0.130526192 0 0.991444861
    outer loop
      vertex 63.907055236 26.554039040 5.372740661
      vertex 63.700000000 37.296827390 5.400000000
      vertex 63.700000000 26.673582437 5.400000000
    endloop
  endfacet
  facet normal 0 0 1
    outer loop
      vertex 63.700000000 37.296827390 5.400000000
      vertex 54.500000000 42.608449866 5.400000000
      vertex 45.300000000 37.296827390 5.400000000
    endloop
  endfacet
  facet normal 0 0 1
    outer loop
      vertex 63.700000000 37.296827390 5.400000000
      vertex 45.300000000 37.296827390 5.400000000
      vertex 45.300000000 26.673582437 5.400000000
    endloop
  endfacet
  facet normal 0 0 1
    outer loop
      vertex 63.700000000 37.296827390 5.400000000
      vertex 45.300000000 26.673582437 5.400000000
      vertex 54.500000000 21.361959960 5.400000000
    endloop
  endfacet
  facet normal 0 0 1
    outer loop
      vertex 63.700000000 37.296827390 5.400000000
      vertex 54.500000000 21.361959960 5.400000000
      vertex 63.700000000 26.673582437 5.400000000
    endloop
  endfacet
  facet normal 0 0 -1
    outer loop
      vertex 86.300000000 37.758707605 3.000000000
      vertex 66.300000000 37.758707605 3.000000000
      vertex 76.300000000 43.532210297 3.000000000
    endloop
  endfacet
  facet normal -0 0 -1
    outer loop
      vertex 86.300000000 37.758707605 3.000000000
      vertex 66.300000000 26.211702221 3.000000000
      vertex 66.300000000 37.758707605 3.000000000
    endloop
  endfacet
  facet normal 0 0 -1
    outer loop
      vertex 86.300000000 37.758707605 3.000000000
      vertex 76.300000000 20.438199529 3.000000000
      vertex 66.300000000 26.211702221 3.000000000
    endloop
  endfacet
  facet normal 0 0 -1
    outer loop
      vertex 86.300000000 37.758707605 3.000000000
      vertex 86.300000000 26.211702221 3.000000000
      vertex 76.300000000 20.438199529 3.000000000
    endloop
  endfacet
  facet normal 0.5 0.866025404 0
    outer loop
      vertex 86.300000000 37.758707605 3.000000000
      vertex 76.300000000 43.532210297 3.000000000
      vertex 76.300000000 43.532210297 4.600000000
    endloop
  endfacet
  facet normal 0.5 0.866025404 -0
    outer loop
      vertex 86.300000000 37.758707605 3.000000000
      vertex 76.300000000 43.532210297 4.600000000
      vertex 86.300000000 37.758707605 4.600000000
    endloop
  endfacet
  facet normal -0.5 0.866025404 0
    outer loop
      vertex 76.300000000 43.532210297 3.000000000
      vertex 66.300000000 37.758707605 3.000000000
      vertex 66.300000000 37.758707605 4.600000000
    endloop
  endfacet
  facet normal -0.5 0.866025404 0
    outer loop
      vertex 76.300000000 43.532210297 3.000000000
      vertex 66.300000000 37.758707605 4.600000000
      vertex 76.300000000 43.532210297 4.600000000
    endloop
  endfacet
  facet normal -1 0 0
    outer loop
      vertex 66.300000000 37.758707605 3.000000000
      vertex 66.300000000 26.211702221 3.000000000
      vertex 66.300000000 26.211702221 4.600000000
    endloop
  endfacet
  facet normal -1 0 0
    outer loop
      vertex 66.300000000 37.758707605 3.000000000
      vertex 66.300000000 26.211702221 4.600000000
      vertex 66.300000000 37.758707605 4.600000000
    endloop
  endfacet
  facet normal -0.5 -0.866025404 0
    outer loop
      vertex 66.300000000 26.211702221 3.000000000
      vertex 76.300000000 20.438199529 3.000000000
      vertex 76.300000000 20.438199529 4.600000000
    endloop
  endfacet
  facet normal -0.5 -0.866025404 0
    outer loop
      vertex 66.300000000 26.211702221 3.000000000
      vertex 76.300000000 20.438199529 4.600000000
      vertex 66.300000000 26.211702221 4.600000000
    endloop
  endfacet
  facet normal 0.5 -0.866025404 0
    outer loop
      vertex 76.300000000 20.438199529 3.000000000
      vertex 86.300000000 26.211702221 3.000000000
      vertex 86.300000000 26.211702221 4.600000000
    endloop
  endfacet
  facet normal 0.5 -0.866025404 0
    outer loop
      vertex 76.300000000 20.438199529 3.000000000
      vertex 86.300000000 26.211702221 4.600000000
      vertex 76.300000000 20.438199529 4.600000000
    endloop
  endfacet
  facet normal 1 -1.23069612e-15 0
    outer loop
      vertex 86.300000000 26.211702221 3.000000000
      vertex 86.300000000 37.758707605 3.000000000
      vertex 86.300000000 37.758707605 4.600000000
    endloop
  endfacet
  facet normal 1 -1.23069612e-15 0
    outer loop
      vertex 86.300000000 26.211702221 3.000000000
      vertex 86.300000000 37.758707605 4.600000000
      vertex 86.300000000 26.211702221 4.600000000
    endloop
  endfacet
  facet normal 0.495722431 0.858616436 0.130526192
    outer loop
      vertex 86.300000000 37.758707605 4.600000000
      vertex 76.300000000 43.532210297 4.600000000
      vertex 76.300000000 43.500733924 4.807055236
    endloop
  endfacet
  facet normal 0.495722431 0.858616436 0.130526192
    outer loop
      vertex 86.300000000 37.758707605 4.600000000
      vertex 76.300000000 43.500733924 4.807055236
      vertex 86.272740661 37.742969418 4.807055236
    endloop
  endfacet
  facet normal -0.495722431 0.858616436 0.130526192
    outer loop
      vertex 76.300000000 43.532210297 4.600000000
      vertex 66.300000000 37.758707605 4.600000000
      vertex 66.327259339 37.742969418 4.807055236
    endloop
  endfacet
  facet normal -0.495722431 0.858616436 0.130526192
    outer loop
      vertex 76.300000000 43.532210297 4.600000000
      vertex 66.327259339 37.742969418 4.807055236
      vertex 76.300000000 43.500733924 4.807055236
    endloop
  endfacet
  facet normal -0.991444861 0 0.130526192
    outer loop
      vertex 66.300000000 37.758707605 4.600000000
      vertex 66.300000000 26.211702221 4.600000000
      vertex 66.327259339 26.227440408 4.807055236
    endloop
  endfacet
  facet normal -0.991444861 0 0.130526192
    outer loop
      vertex 66.300000000 37.758707605 4.600000000
      vertex 66.327259339 26.227440408 4.807055236
      vertex 66.327259339 37.742969418 4.807055236
    endloop
  endfacet
  facet normal -0.495722431 -0.858616436 0.130526192
    outer loop
      vertex 66.300000000 26.211702221 4.600000000
      vertex 76.300000000 20.438199529 4.600000000
      vertex 76.300000000 20.469675903 4.807055236
    endloop
  endfacet
  facet normal -0.495722431 -0.858616436 0.130526192
    outer loop
      vertex 66.300000000 26.211702221 4.600000000
      vertex 76.300000000 20.469675903 4.807055236
      vertex 66.327259339 26.227440408 4.807055236
    endloop
  endfacet
  facet normal 0.495722431 -0.858616436 0.130526192
    outer loop
      vertex 76.300000000 20.438199529 4.600000000
      vertex 86.300000000 26.211702221 4.600000000
      vertex 86.272740661 26.227440408 4.807055236
    endloop
  endfacet
  facet normal 0.495722431 -0.858616436 0.130526192
    outer loop
      vertex 76.300000000 20.438199529 4.600000000
      vertex 86.272740661 26.227440408 4.807055236
      vertex 76.300000000 20.469675903 4.807055236
    endloop
  endfacet
  facet normal 0.991444861 -1.22016734e-15 0.130526192
    outer loop
      vertex 86.300000000 26.211702221 4.600000000
      vertex 86.300000000 37.758707605 4.600000000
      vertex 86.272740661 37.742969418 4.807055236
    endloop
  endfacet
  facet normal 0.991444861 -1.2233608e-15 0.130526192
    outer loop
      vertex 86.300000000 26.211702221 4.600000000
      vertex 86.272740661 37.742969418 4.807055236
      vertex 86.272740661 26.227440408 4.807055236
    endloop
  endfacet
  facet normal 0.461939766 0.800103145 0.382683432
    outer loop
      vertex 86.272740661 37.742969418 4.807055236
      vertex 76.300000000 43.500733924 4.807055236
      vertex 76.300000000 43.408449866 5.000000000
    endloop
  endfacet
  facet normal 0.461939766 0.800103145 0.382683432
    outer loop
      vertex 86.272740661 37.742969418 4.807055236
      vertex 76.300000000 43.408449866 5.000000000
      vertex 86.192820323 37.696827390 5.000000000
    endloop
  endfacet
  facet normal -0.461939766 0.800103145 0.382683432
    outer loop
      vertex 76.300000000 43.500733924 4.807055236
      vertex 66.327259339 37.742969418 4.807055236
      vertex 66.407179677 37.696827390 5.000000000
    endloop
  endfacet
  facet normal -0.461939766 0.800103145 0.382683432
    outer loop
      vertex 76.300000000 43.500733924 4.807055236
      vertex 66.407179677 37.696827390 5.000000000
      vertex 76.300000000 43.408449866 5.000000000
    endloop
  endfacet
  facet normal -0.923879533 0 0.382683432
    outer loop
      vertex 66.327259339 37.742969418 4.807055236
      vertex 66.327259339 26.227440408 4.807055236
      vertex 66.407179677 26.273582437 5.000000000
    endloop
  endfacet
  facet normal -0.923879533 0 0.382683432
    outer loop
      vertex 66.327259339 37.742969418 4.807055236
      vertex 66.407179677 26.273582437 5.000000000
      vertex 66.407179677 37.696827390 5.000000000
    endloop
  endfacet
  facet normal -0.461939766 -0.800103145 0.382683432
    outer loop
      vertex 66.327259339 26.227440408 4.807055236
      vertex 76.300000000 20.469675903 4.807055236
      vertex 76.300000000 20.561959960 5.000000000
    endloop
  endfacet
  facet normal -0.461939766 -0.800103145 0.382683432
    outer loop
      vertex 66.327259339 26.227440408 4.807055236
      vertex 76.300000000 20.561959960 5.000000000
      vertex 66.407179677 26.273582437 5.000000000
    endloop
  endfacet
  facet normal 0.461939766 -0.800103145 0.382683432
    outer loop
      vertex 76.300000000 20.469675903 4.807055236
      vertex 86.272740661 26.227440408 4.807055236
      vertex 86.192820323 26.273582437 5.000000000
    endloop
  endfacet
  facet normal 0.461939766 -0.800103145 0.382683432
    outer loop
      vertex 76.300000000 20.469675903 4.807055236
      vertex 86.192820323 26.273582437 5.000000000
      vertex 76.300000000 20.561959960 5.000000000
    endloop
  endfacet
  facet normal 0.923879533 -1.14012285e-15 0.382683432
    outer loop
      vertex 86.272740661 26.227440408 4.807055236
      vertex 86.272740661 37.742969418 4.807055236
      vertex 86.192820323 37.696827390 5.000000000
    endloop
  endfacet
  facet normal 0.923879533 -1.14889464e-15 0.382683432
    outer loop
      vertex 86.272740661 26.227440408 4.807055236
      vertex 86.192820323 37.696827390 5.000000000
      vertex 86.192820323 26.273582437 5.000000000
    endloop
  endfacet
  facet normal 0.39667667 0.687064147 0.608761429
    outer loop
      vertex 86.192820323 37.696827390 5.000000000
      vertex 76.300000000 43.408449866 5.000000000
      vertex 76.300000000 43.261647131 5.165685425
    endloop
  endfacet
  facet normal 0.39667667 0.687064147 0.608761429
    outer loop
      vertex 86.192820323 37.696827390 5.000000000
      vertex 76.300000000 43.261647131 5.165685425
      vertex 86.065685425 37.623426022 5.165685425
    endloop
  endfacet
  facet normal -0.39667667 0.687064147 0.608761429
    outer loop
      vertex 76.300000000 43.408449866 5.000000000
      vertex 66.407179677 37.696827390 5.000000000
      vertex 66.534314575 37.623426022 5.165685425
    endloop
  endfacet
  facet normal -0.39667667 0.687064147 0.608761429
    outer loop
      vertex 76.300000000 43.408449866 5.000000000
      vertex 66.534314575 37.623426022 5.165685425
      vertex 76.300000000 43.261647131 5.165685425
    endloop
  endfacet
  facet normal -0.79335334 0 0.608761429
    outer loop
      vertex 66.407179677 37.696827390 5.000000000
      vertex 66.407179677 26.273582437 5.000000000
      vertex 66.534314575 26.346983804 5.165685425
    endloop
  endfacet
  facet normal -0.79335334 0 0.608761429
    outer loop
      vertex 66.407179677 37.696827390 5.000000000
      vertex 66.534314575 26.346983804 5.165685425
      vertex 66.534314575 37.623426022 5.165685425
    endloop
  endfacet
  facet normal -0.39667667 -0.687064147 0.608761429
    outer loop
      vertex 66.407179677 26.273582437 5.000000000
      vertex 76.300000000 20.561959960 5.000000000
      vertex 76.300000000 20.708762695 5.165685425
    endloop
  endfacet
  facet normal -0.39667667 -0.687064147 0.608761429
    outer loop
      vertex 66.407179677 26.273582437 5.000000000
      vertex 76.300000000 20.708762695 5.165685425
      vertex 66.534314575 26.346983804 5.165685425
    endloop
  endfacet
  facet normal 0.39667667 -0.687064147 0.608761429
    outer loop
      vertex 76.300000000 20.561959960 5.000000000
      vertex 86.192820323 26.273582437 5.000000000
      vertex 86.065685425 26.346983804 5.165685425
    endloop
  endfacet
  facet normal 0.39667667 -0.687064147 0.608761429
    outer loop
      vertex 76.300000000 20.561959960 5.000000000
      vertex 86.065685425 26.346983804 5.165685425
      vertex 76.300000000 20.708762695 5.165685425
    endloop
  endfacet
  facet normal 0.79335334 -9.86955029e-16 0.608761429
    outer loop
      vertex 86.192820323 26.273582437 5.000000000
      vertex 86.192820323 37.696827390 5.000000000
      vertex 86.065685425 37.623426022 5.165685425
    endloop
  endfacet
  facet normal 0.79335334 -9.98849818e-16 0.608761429
    outer loop
      vertex 86.192820323 26.273582437 5.000000000
      vertex 86.065685425 37.623426022 5.165685425
      vertex 86.065685425 26.346983804 5.165685425
    endloop
  endfacet
  facet normal 0.304380714 0.527202862 0.79335334
    outer loop
      vertex 86.065685425 37.623426022 5.165685425
      vertex 76.300000000 43.261647131 5.165685425
      vertex 76.300000000 43.070330082 5.292820323
    endloop
  endfacet
  facet normal 0.304380714 0.527202862 0.79335334
    outer loop
      vertex 86.065685425 37.623426022 5.165685425
      vertex 76.300000000 43.070330082 5.292820323
      vertex 85.900000000 37.527767497 5.292820323
    endloop
  endfacet
  facet normal -0.304380714 0.527202862 0.79335334
    outer loop
      vertex 76.300000000 43.261647131 5.165685425
      vertex 66.534314575 37.623426022 5.165685425
      vertex 66.700000000 37.527767497 5.292820323
    endloop
  endfacet
  facet normal -0.304380714 0.527202862 0.79335334
    outer loop
      vertex 76.300000000 43.261647131 5.165685425
      vertex 66.700000000 37.527767497 5.292820323
      vertex 76.300000000 43.070330082 5.292820323
    endloop
  endfacet
  facet normal -0.608761429 0 0.79335334
    outer loop
      vertex 66.534314575 37.623426022 5.165685425
      vertex 66.534314575 26.346983804 5.165685425
      vertex 66.700000000 26.442642329 5.292820323
    endloop
  endfacet
  facet normal -0.608761429 0 0.79335334
    outer loop
      vertex 66.534314575 37.623426022 5.165685425
      vertex 66.700000000 26.442642329 5.292820323
      vertex 66.700000000 37.527767497 5.292820323
    endloop
  endfacet
  facet normal -0.304380714 -0.527202862 0.79335334
    outer loop
      vertex 66.534314575 26.346983804 5.165685425
      vertex 76.300000000 20.708762695 5.165685425
      vertex 76.300000000 20.900079745 5.292820323
    endloop
  endfacet
  facet normal -0.304380714 -0.527202862 0.79335334
    outer loop
      vertex 66.534314575 26.346983804 5.165685425
      vertex 76.300000000 20.900079745 5.292820323
      vertex 66.700000000 26.442642329 5.292820323
    endloop
  endfacet
  facet normal 0.304380714 -0.527202862 0.79335334
    outer loop
      vertex 76.300000000 20.708762695 5.165685425
      vertex 86.065685425 26.346983804 5.165685425
      vertex 85.900000000 26.442642329 5.292820323
    endloop
  endfacet
  facet normal 0.304380714 -0.527202862 0.79335334
    outer loop
      vertex 76.300000000 20.708762695 5.165685425
      vertex 85.900000000 26.442642329 5.292820323
      vertex 76.300000000 20.900079745 5.292820323
    endloop
  endfacet
  facet normal 0.608761429 -7.67176389e-16 0.79335334
    outer loop
      vertex 86.065685425 26.346983804 5.165685425
      vertex 86.065685425 37.623426022 5.165685425
      vertex 85.900000000 37.527767497 5.292820323
    endloop
  endfacet
  facet normal 0.608761429 -7.80799852e-16 0.79335334
    outer loop
      vertex 86.065685425 26.346983804 5.165685425
      vertex 85.900000000 37.527767497 5.292820323
      vertex 85.900000000 26.442642329 5.292820323
    endloop
  endfacet
  facet normal 0.191341716 0.331413574 0.923879533
    outer loop
      vertex 85.900000000 37.527767497 5.292820323
      vertex 76.300000000 43.070330082 5.292820323
      vertex 76.300000000 42.847536659 5.372740661
    endloop
  endfacet
  facet normal 0.191341716 0.331413574 0.923879533
    outer loop
      vertex 85.900000000 37.527767497 5.292820323
      vertex 76.300000000 42.847536659 5.372740661
      vertex 85.707055236 37.416370786 5.372740661
    endloop
  endfacet
  facet normal -0.191341716 0.331413574 0.923879533
    outer loop
      vertex 76.300000000 43.070330082 5.292820323
      vertex 66.700000000 37.527767497 5.292820323
      vertex 66.892944764 37.416370786 5.372740661
    endloop
  endfacet
  facet normal -0.191341716 0.331413574 0.923879533
    outer loop
      vertex 76.300000000 43.070330082 5.292820323
      vertex 66.892944764 37.416370786 5.372740661
      vertex 76.300000000 42.847536659 5.372740661
    endloop
  endfacet
  facet normal -0.382683432 0 0.923879533
    outer loop
      vertex 66.700000000 37.527767497 5.292820323
      vertex 66.700000000 26.442642329 5.292820323
      vertex 66.892944764 26.554039040 5.372740661
    endloop
  endfacet
  facet normal -0.382683432 0 0.923879533
    outer loop
      vertex 66.700000000 37.527767497 5.292820323
      vertex 66.892944764 26.554039040 5.372740661
      vertex 66.892944764 37.416370786 5.372740661
    endloop
  endfacet
  facet normal -0.191341716 -0.331413574 0.923879533
    outer loop
      vertex 66.700000000 26.442642329 5.292820323
      vertex 76.300000000 20.900079745 5.292820323
      vertex 76.300000000 21.122873167 5.372740661
    endloop
  endfacet
  facet normal -0.191341716 -0.331413574 0.923879533
    outer loop
      vertex 66.700000000 26.442642329 5.292820323
      vertex 76.300000000 21.122873167 5.372740661
      vertex 66.892944764 26.554039040 5.372740661
    endloop
  endfacet
  facet normal 0.191341716 -0.331413574 0.923879533
    outer loop
      vertex 76.300000000 20.900079745 5.292820323
      vertex 85.900000000 26.442642329 5.292820323
      vertex 85.707055236 26.554039040 5.372740661
    endloop
  endfacet
  facet normal 0.191341716 -0.331413574 0.923879533
    outer loop
      vertex 76.300000000 20.900079745 5.292820323
      vertex 85.707055236 26.554039040 5.372740661
      vertex 76.300000000 21.122873167 5.372740661
    endloop
  endfacet
  facet normal 0.382683432 -4.90590641e-16 0.923879533
    outer loop
      vertex 85.900000000 26.442642329 5.292820323
      vertex 85.900000000 37.527767497 5.292820323
      vertex 85.707055236 37.416370786 5.372740661
    endloop
  endfacet
  facet normal 0.382683432 -5.00876714e-16 0.923879533
    outer loop
      vertex 85.900000000 26.442642329 5.292820323
      vertex 85.707055236 37.416370786 5.372740661
      vertex 85.707055236 26.554039040 5.372740661
    endloop
  endfacet
  facet normal 0.0652630962 0.113038998 0.991444861
    outer loop
      vertex 85.707055236 37.416370786 5.372740661
      vertex 76.300000000 42.847536659 5.372740661
      vertex 76.300000000 42.608449866 5.400000000
    endloop
  endfacet
  facet normal 0.0652630962 0.113038998 0.991444861
    outer loop
      vertex 85.707055236 37.416370786 5.372740661
      vertex 76.300000000 42.608449866 5.400000000
      vertex 85.500000000 37.296827390 5.400000000
    endloop
  endfacet
  facet normal -0.0652630962 0.113038998 0.991444861
    outer loop
      vertex 76.300000000 42.847536659 5.372740661
      vertex 66.892944764 37.416370786 5.372740661
      vertex 67.100000000 37.296827390 5.400000000
    endloop
  endfacet
  facet normal -0.0652630962 0.113038998 0.991444861
    outer loop
      vertex 76.300000000 42.847536659 5.372740661
      vertex 67.100000000 37.296827390 5.400000000
      vertex 76.300000000 42.608449866 5.400000000
    endloop
  endfacet
  facet normal -0.130526192 0 0.991444861
    outer loop
      vertex 66.892944764 37.416370786 5.372740661
      vertex 66.892944764 26.554039040 5.372740661
      vertex 67.100000000 26.673582437 5.400000000
    endloop
  endfacet
  facet normal -0.130526192 0 0.991444861
    outer loop
      vertex 66.892944764 37.416370786 5.372740661
      vertex 67.100000000 26.673582437 5.400000000
      vertex 67.100000000 37.296827390 5.400000000
    endloop
  endfacet
  facet normal -0.0652630962 -0.113038998 0.991444861
    outer loop
      vertex 66.892944764 26.554039040 5.372740661
      vertex 76.300000000 21.122873167 5.372740661
      vertex 76.300000000 21.361959960 5.400000000
    endloop
  endfacet
  facet normal -0.0652630962 -0.113038998 0.991444861
    outer loop
      vertex 66.892944764 26.554039040 5.372740661
      vertex 76.300000000 21.361959960 5.400000000
      vertex 67.100000000 26.673582437 5.400000000
    endloop
  endfacet
  facet normal 0.0652630962 -0.113038998 0.991444861
    outer loop
      vertex 76.300000000 21.122873167 5.372740661
      vertex 85.707055236 26.554039040 5.372740661
      vertex 85.500000000 26.673582437 5.400000000
    endloop
  endfacet
  facet normal 0.0652630962 -0.113038998 0.991444861
    outer loop
      vertex 76.300000000 21.122873167 5.372740661
      vertex 85.500000000 26.673582437 5.400000000
      vertex 76.300000000 21.361959960 5.400000000
    endloop
  endfacet
  facet normal 0.130526192 -1.70763405e-16 0.991444861
    outer loop
      vertex 85.707055236 26.554039040 5.372740661
      vertex 85.707055236 37.416370786 5.372740661
      vertex 85.500000000 37.296827390 5.400000000
    endloop
  endfacet
  facet normal 0.130526192 -1.74365385e-16 0.991444861
    outer loop
      vertex 85.707055236 26.554039040 5.372740661
      vertex 85.500000000 37.296827390 5.400000000
      vertex 85.500000000 26.673582437 5.400000000
    endloop
  endfacet
  facet normal 0 0 1
    outer loop
      vertex 85.500000000 37.296827390 5.400000000
      vertex 76.300000000 42.608449866 5.400000000
      vertex 67.100000000 37.296827390 5.400000000
    endloop
  endfacet
  facet normal 0 0 1
    outer loop
      vertex 85.500000000 37.296827390 5.400000000
      vertex 67.100000000 37.296827390 5.400000000
      vertex 67.100000000 26.673582437 5.400000000
    endloop
  endfacet
  facet normal 0 0 1
    outer loop
      vertex 85.500000000 37.296827390 5.400000000
      vertex 67.100000000 26.673582437 5.400000000
      vertex 76.300000000 21.361959960 5.400000000
    endloop
  endfacet
  facet normal 0 0 1
    outer loop
      vertex 85.500000000 37.296827390 5.400000000
      vertex 76.300000000 21.361959960 5.400000000
      vertex 85.500000000 26.673582437 5.400000000
    endloop
  endfacet
  facet normal 0 0 -1
    outer loop
      vertex 108.100000000 37.758707605 3.000000000
      vertex 88.100000000 37.758707605 3.000000000
      vertex 98.100000000 43.532210297 3.000000000
    endloop
  endfacet
  facet normal -0 0 -1
    outer loop
      vertex 108.100000000 37.758707605 3.000000000
      vertex 88.100000000 26.211702221 3.000000000
      vertex 88.100000000 37.758707605 3.000000000
    endloop
  endfacet
  facet normal 0 0 -1
    outer loop
      vertex 108.100000000 37.758707605 3.000000000
      vertex 98.100000000 20.438199529 3.000000000
      vertex 88.100000000 26.211702221 3.000000000
    endloop
  endfacet
  facet normal 0 0 -1
    outer loop
      vertex 108.100000000 37.758707605 3.000000000
      vertex 108.100000000 26.211702221 3.000000000
      vertex 98.100000000 20.438199529 3.000000000
    endloop
  endfacet
  facet normal 0.5 0.866025404 0
    outer loop
      vertex 108.100000000 37.758707605 3.000000000
      vertex 98.100000000 43.532210297 3.000000000
      vertex 98.100000000 43.532210297 4.600000000
    endloop
  endfacet
  facet normal 0.5 0.866025404 -0
    outer loop
      vertex 108.100000000 37.758707605 3.000000000
      vertex 98.100000000 43.532210297 4.600000000
      vertex 108.100000000 37.758707605 4.600000000
    endloop
  endfacet
  facet normal -0.5 0.866025404 0
    outer loop
      vertex 98.100000000 43.532210297 3.000000000
      vertex 88.100000000 37.758707605 3.000000000
      vertex 88.100000000 37.758707605 4.600000000
    endloop
  endfacet
  facet normal -0.5 0.866025404 0
    outer loop
      vertex 98.100000000 43.532210297 3.000000000
      vertex 88.100000000 37.758707605 4.600000000
      vertex 98.100000000 43.532210297 4.600000000
    endloop
  endfacet
  facet normal -1 0 0
    outer loop
      vertex 88.100000000 37.758707605 3.000000000
      vertex 88.100000000 26.211702221 3.000000000
      vertex 88.100000000 26.211702221 4.600000000
    endloop
  endfacet
  facet normal -1 0 0
    outer loop
      vertex 88.100000000 37.758707605 3.000000000
      vertex 88.100000000 26.211702221 4.600000000
      vertex 88.100000000 37.758707605 4.600000000
    endloop
  endfacet
  facet normal -0.5 -0.866025404 0
    outer loop
      vertex 88.100000000 26.211702221 3.000000000
      vertex 98.100000000 20.438199529 3.000000000
      vertex 98.100000000 20.438199529 4.600000000
    endloop
  endfacet
  facet normal -0.5 -0.866025404 0
    outer loop
      vertex 88.100000000 26.211702221 3.000000000
      vertex 98.100000000 20.438199529 4.600000000
      vertex 88.100000000 26.211702221 4.600000000
    endloop
  endfacet
  facet normal 0.5 -0.866025404 0
    outer loop
      vertex 98.100000000 20.438199529 3.000000000
      vertex 108.100000000 26.211702221 3.000000000
      vertex 108.100000000 26.211702221 4.600000000
    endloop
  endfacet
  facet normal 0.5 -0.866025404 0
    outer loop
      vertex 98.100000000 20.438199529 3.000000000
      vertex 108.100000000 26.211702221 4.600000000
      vertex 98.100000000 20.438199529 4.600000000
    endloop
  endfacet
  facet normal 1 -2.46139224e-15 0
    outer loop
      vertex 108.100000000 26.211702221 3.000000000
      vertex 108.100000000 37.758707605 3.000000000
      vertex 108.100000000 37.758707605 4.600000000
    endloop
  endfacet
  facet normal 1 -2.46139224e-15 0
    outer loop
      vertex 108.100000000 26.211702221 3.000000000
      vertex 108.100000000 37.758707605 4.600000000
      vertex 108.100000000 26.211702221 4.600000000
    endloop
  endfacet
  facet normal 0.495722431 0.858616436 0.130526192
    outer loop
      vertex 108.100000000 37.758707605 4.600000000
      vertex 98.100000000 43.532210297 4.600000000
      vertex 98.100000000 43.500733924 4.807055236
    endloop
  endfacet
  facet normal 0.495722431 0.858616436 0.130526192
    outer loop
      vertex 108.100000000 37.758707605 4.600000000
      vertex 98.100000000 43.500733924 4.807055236
      vertex 108.072740661 37.742969418 4.807055236
    endloop
  endfacet
  facet normal -0.495722431 0.858616436 0.130526192
    outer loop
      vertex 98.100000000 43.532210297 4.600000000
      vertex 88.100000000 37.758707605 4.600000000
      vertex 88.127259339 37.742969418 4.807055236
    endloop
  endfacet
  facet normal -0.495722431 0.858616436 0.130526192
    outer loop
      vertex 98.100000000 43.532210297 4.600000000
      vertex 88.127259339 37.742969418 4.807055236
      vertex 98.100000000 43.500733924 4.807055236
    endloop
  endfacet
  facet normal -0.991444861 0 0.130526192
    outer loop
      vertex 88.100000000 37.758707605 4.600000000
      vertex 88.100000000 26.211702221 4.600000000
      vertex 88.127259339 26.227440408 4.807055236
    endloop
  endfacet
  facet normal -0.991444861 0 0.130526192
    outer loop
      vertex 88.100000000 37.758707605 4.600000000
      vertex 88.127259339 26.227440408 4.807055236
      vertex 88.127259339 37.742969418 4.807055236
    endloop
  endfacet
  facet normal -0.495722431 -0.858616436 0.130526192
    outer loop
      vertex 88.100000000 26.211702221 4.600000000
      vertex 98.100000000 20.438199529 4.600000000
      vertex 98.100000000 20.469675903 4.807055236
    endloop
  endfacet
  facet normal -0.495722431 -0.858616436 0.130526192
    outer loop
      vertex 88.100000000 26.211702221 4.600000000
      vertex 98.100000000 20.469675903 4.807055236
      vertex 88.127259339 26.227440408 4.807055236
    endloop
  endfacet
  facet normal 0.495722431 -0.858616436 0.130526192
    outer loop
      vertex 98.100000000 20.438199529 4.600000000
      vertex 108.100000000 26.211702221 4.600000000
      vertex 108.072740661 26.227440408 4.807055236
    endloop
  endfacet
  facet normal 0.495722431 -0.858616436 0.130526192
    outer loop
      vertex 98.100000000 20.438199529 4.600000000
      vertex 108.072740661 26.227440408 4.807055236
      vertex 98.100000000 20.469675903 4.807055236
    endloop
  endfacet
  facet normal 0.991444861 -2.44033469e-15 0.130526192
    outer loop
      vertex 108.100000000 26.211702221 4.600000000
      vertex 108.100000000 37.758707605 4.600000000
      vertex 108.072740661 37.742969418 4.807055236
    endloop
  endfacet
  facet normal 0.991444861 -2.44672159e-15 0.130526192
    outer loop
      vertex 108.100000000 26.211702221 4.600000000
      vertex 108.072740661 37.742969418 4.807055236
      vertex 108.072740661 26.227440408 4.807055236
    endloop
  endfacet
  facet normal 0.461939766 0.800103145 0.382683432
    outer loop
      vertex 108.072740661 37.742969418 4.807055236
      vertex 98.100000000 43.500733924 4.807055236
      vertex 98.100000000 43.408449866 5.000000000
    endloop
  endfacet
  facet normal 0.461939766 0.800103145 0.382683432
    outer loop
      vertex 108.072740661 37.742969418 4.807055236
      vertex 98.100000000 43.408449866 5.000000000
      vertex 107.992820323 37.696827390 5.000000000
    endloop
  endfacet
  facet normal -0.461939766 0.800103145 0.382683432
    outer loop
      vertex 98.100000000 43.500733924 4.807055236
      vertex 88.127259339 37.742969418 4.807055236
      vertex 88.207179677 37.696827390 5.000000000
    endloop
  endfacet
  facet normal -0.461939766 0.800103145 0.382683432
    outer loop
      vertex 98.100000000 43.500733924 4.807055236
      vertex 88.207179677 37.696827390 5.000000000
      vertex 98.100000000 43.408449866 5.000000000
    endloop
  endfacet
  facet normal -0.923879533 0 0.382683432
    outer loop
      vertex 88.127259339 37.742969418 4.807055236
      vertex 88.127259339 26.227440408 4.807055236
      vertex 88.207179677 26.273582437 5.000000000
    endloop
  endfacet
  facet normal -0.923879533 0 0.382683432
    outer loop
      vertex 88.127259339 37.742969418 4.807055236
      vertex 88.207179677 26.273582437 5.000000000
      vertex 88.207179677 37.696827390 5.000000000
    endloop
  endfacet
  facet normal -0.461939766 -0.800103145 0.382683432
    outer loop
      vertex 88.127259339 26.227440408 4.807055236
      vertex 98.100000000 20.469675903 4.807055236
      vertex 98.100000000 20.561959960 5.000000000
    endloop
  endfacet
  facet normal -0.461939766 -0.800103145 0.382683432
    outer loop
      vertex 88.127259339 26.227440408 4.807055236
      vertex 98.100000000 20.561959960 5.000000000
      vertex 88.207179677 26.273582437 5.000000000
    endloop
  endfacet
  facet normal 0.461939766 -0.800103145 0.382683432
    outer loop
      vertex 98.100000000 20.469675903 4.807055236
      vertex 108.072740661 26.227440408 4.807055236
      vertex 107.992820323 26.273582437 5.000000000
    endloop
  endfacet
  facet normal 0.461939766 -0.800103145 0.382683432
    outer loop
      vertex 98.100000000 20.469675903 4.807055236
      vertex 107.992820323 26.273582437 5.000000000
      vertex 98.100000000 20.561959960 5.000000000
    endloop
  endfacet
  facet normal 0.923879533 -2.28024571e-15 0.382683432
    outer loop
      vertex 108.072740661 26.227440408 4.807055236
      vertex 108.072740661 37.742969418 4.807055236
      vertex 107.992820323 37.696827390 5.000000000
    endloop
  endfacet
  facet normal 0.923879533 -2.29851642e-15 0.382683432
    outer loop
      vertex 108.072740661 26.227440408 4.807055236
      vertex 107.992820323 37.696827390 5.000000000
      vertex 107.992820323 26.273582437 5.000000000
    endloop
  endfacet
  facet normal 0.39667667 0.687064147 0.608761429
    outer loop
      vertex 107.992820323 37.696827390 5.000000000
      vertex 98.100000000 43.408449866 5.000000000
      vertex 98.100000000 43.261647131 5.165685425
    endloop
  endfacet
  facet normal 0.39667667 0.687064147 0.608761429
    outer loop
      vertex 107.992820323 37.696827390 5.000000000
      vertex 98.100000000 43.261647131 5.165685425
      vertex 107.865685425 37.623426022 5.165685425
    endloop
  endfacet
  facet normal -0.39667667 0.687064147 0.608761429
    outer loop
      vertex 98.100000000 43.408449866 5.000000000
      vertex 88.207179677 37.696827390 5.000000000
      vertex 88.334314575 37.623426022 5.165685425
    endloop
  endfacet
  facet normal -0.39667667 0.687064147 0.608761429
    outer loop
      vertex 98.100000000 43.408449866 5.000000000
      vertex 88.334314575 37.623426022 5.165685425
      vertex 98.100000000 43.261647131 5.165685425
    endloop
  endfacet
  facet normal -0.79335334 0 0.608761429
    outer loop
      vertex 88.207179677 37.696827390 5.000000000
      vertex 88.207179677 26.273582437 5.000000000
      vertex 88.334314575 26.346983804 5.165685425
    endloop
  endfacet
  facet normal -0.79335334 0 0.608761429
    outer loop
      vertex 88.207179677 37.696827390 5.000000000
      vertex 88.334314575 26.346983804 5.165685425
      vertex 88.334314575 37.623426022 5.165685425
    endloop
  endfacet
  facet normal -0.39667667 -0.687064147 0.608761429
    outer loop
      vertex 88.207179677 26.273582437 5.000000000
      vertex 98.100000000 20.561959960 5.000000000
      vertex 98.100000000 20.708762695 5.165685425
    endloop
  endfacet
  facet normal -0.39667667 -0.687064147 0.608761429
    outer loop
      vertex 88.207179677 26.273582437 5.000000000
      vertex 98.100000000 20.708762695 5.165685425
      vertex 88.334314575 26.346983804 5.165685425
    endloop
  endfacet
  facet normal 0.39667667 -0.687064147 0.608761429
    outer loop
      vertex 98.100000000 20.561959960 5.000000000
      vertex 107.992820323 26.273582437 5.000000000
      vertex 107.865685425 26.346983804 5.165685425
    endloop
  endfacet
  facet normal 0.39667667 -0.687064147 0.608761429
    outer loop
      vertex 98.100000000 20.561959960 5.000000000
      vertex 107.865685425 26.346983804 5.165685425
      vertex 98.100000000 20.708762695 5.165685425
    endloop
  endfacet
  facet normal 0.79335334 -1.97391006e-15 0.608761429
    outer loop
      vertex 107.992820323 26.273582437 5.000000000
      vertex 107.992820323 37.696827390 5.000000000
      vertex 107.865685425 37.623426022 5.165685425
    endloop
  endfacet
  facet normal 0.79335334 -1.99917287e-15 0.608761429
    outer loop
      vertex 107.992820323 26.273582437 5.000000000
      vertex 107.865685425 37.623426022 5.165685425
      vertex 107.865685425 26.346983804 5.165685425
    endloop
  endfacet
  facet normal 0.304380714 0.527202862 0.79335334
    outer loop
      vertex 107.865685425 37.623426022 5.165685425
      vertex 98.100000000 43.261647131 5.165685425
      vertex 98.100000000 43.070330082 5.292820323
    endloop
  endfacet
  facet normal 0.304380714 0.527202862 0.79335334
    outer loop
      vertex 107.865685425 37.623426022 5.165685425
      vertex 98.100000000 43.070330082 5.292820323
      vertex 107.700000000 37.527767497 5.292820323
    endloop
  endfacet
  facet normal -0.304380714 0.527202862 0.79335334
    outer loop
      vertex 98.100000000 43.261647131 5.165685425
      vertex 88.334314575 37.623426022 5.165685425
      vertex 88.500000000 37.527767497 5.292820323
    endloop
  endfacet
  facet normal -0.304380714 0.527202862 0.79335334
    outer loop
      vertex 98.100000000 43.261647131 5.165685425
      vertex 88.500000000 37.527767497 5.292820323
      vertex 98.100000000 43.070330082 5.292820323
    endloop
  endfacet
  facet normal -0.608761429 0 0.79335334
    outer loop
      vertex 88.334314575 37.623426022 5.165685425
      vertex 88.334314575 26.346983804 5.165685425
      vertex 88.500000000 26.442642329 5.292820323
    endloop
  endfacet
  facet normal -0.608761429 0 0.79335334
    outer loop
      vertex 88.334314575 37.623426022 5.165685425
      vertex 88.500000000 26.442642329 5.292820323
      vertex 88.500000000 37.527767497 5.292820323
    endloop
  endfacet
  facet normal -0.304380714 -0.527202862 0.79335334
    outer loop
      vertex 88.334314575 26.346983804 5.165685425
      vertex 98.100000000 20.708762695 5.165685425
      vertex 98.100000000 20.900079745 5.292820323
    endloop
  endfacet
  facet normal -0.304380714 -0.527202862 0.79335334
    outer loop
      vertex 88.334314575 26.346983804 5.165685425
      vertex 98.100000000 20.900079745 5.292820323
      vertex 88.500000000 26.442642329 5.292820323
    endloop
  endfacet
  facet normal 0.304380714 -0.527202862 0.79335334
    outer loop
      vertex 98.100000000 20.708762695 5.165685425
      vertex 107.865685425 26.346983804 5.165685425
      vertex 107.700000000 26.442642329 5.292820323
    endloop
  endfacet
  facet normal 0.304380714 -0.527202862 0.79335334
    outer loop
      vertex 98.100000000 20.708762695 5.165685425
      vertex 107.700000000 26.442642329 5.292820323
      vertex 98.100000000 20.900079745 5.292820323
    endloop
  endfacet
  facet normal 0.608761429 -1.53435278e-15 0.79335334
    outer loop
      vertex 107.865685425 26.346983804 5.165685425
      vertex 107.865685425 37.623426022 5.165685425
      vertex 107.700000000 37.527767497 5.292820323
    endloop
  endfacet
  facet normal 0.608761429 -1.5615997e-15 0.79335334
    outer loop
      vertex 107.865685425 26.346983804 5.165685425
      vertex 107.700000000 37.527767497 5.292820323
      vertex 107.700000000 26.442642329 5.292820323
    endloop
  endfacet
  facet normal 0.191341716 0.331413574 0.923879533
    outer loop
      vertex 107.700000000 37.527767497 5.292820323
      vertex 98.100000000 43.070330082 5.292820323
      vertex 98.100000000 42.847536659 5.372740661
    endloop
  endfacet
  facet normal 0.191341716 0.331413574 0.923879533
    outer loop
      vertex 107.700000000 37.527767497 5.292820323
      vertex 98.100000000 42.847536659 5.372740661
      vertex 107.507055236 37.416370786 5.372740661
    endloop
  endfacet
  facet normal -0.191341716 0.331413574 0.923879533
    outer loop
      vertex 98.100000000 43.070330082 5.292820323
      vertex 88.500000000 37.527767497 5.292820323
      vertex 88.692944764 37.416370786 5.372740661
    endloop
  endfacet
  facet normal -0.191341716 0.331413574 0.923879533
    outer loop
      vertex 98.100000000 43.070330082 5.292820323
      vertex 88.692944764 37.416370786 5.372740661
      vertex 98.100000000 42.847536659 5.372740661
    endloop
  endfacet
  facet normal -0.382683432 0 0.923879533
    outer loop
      vertex 88.500000000 37.527767497 5.292820323
      vertex 88.500000000 26.442642329 5.292820323
      vertex 88.692944764 26.554039040 5.372740661
    endloop
  endfacet
  facet normal -0.382683432 0 0.923879533
    outer loop
      vertex 88.500000000 37.527767497 5.292820323
      vertex 88.692944764 26.554039040 5.372740661
      vertex 88.692944764 37.416370786 5.372740661
    endloop
  endfacet
  facet normal -0.191341716 -0.331413574 0.923879533
    outer loop
      vertex 88.500000000 26.442642329 5.292820323
      vertex 98.100000000 20.900079745 5.292820323
      vertex 98.100000000 21.122873167 5.372740661
    endloop
  endfacet
  facet normal -0.191341716 -0.331413574 0.923879533
    outer loop
      vertex 88.500000000 26.442642329 5.292820323
      vertex 98.100000000 21.122873167 5.372740661
      vertex 88.692944764 26.554039040 5.372740661
    endloop
  endfacet
  facet normal 0.191341716 -0.331413574 0.923879533
    outer loop
      vertex 98.100000000 20.900079745 5.292820323
      vertex 107.700000000 26.442642329 5.292820323
      vertex 107.507055236 26.554039040 5.372740661
    endloop
  endfacet
  facet normal 0.191341716 -0.331413574 0.923879533
    outer loop
      vertex 98.100000000 20.900079745 5.292820323
      vertex 107.507055236 26.554039040 5.372740661
      vertex 98.100000000 21.122873167 5.372740661
    endloop
  endfacet
  facet normal 0.382683432 -9.81181281e-16 0.923879533
    outer loop
      vertex 107.700000000 26.442642329 5.292820323
      vertex 107.700000000 37.527767497 5.292820323
      vertex 107.507055236 37.416370786 5.372740661
    endloop
  endfacet
  facet normal 0.382683432 -1.00175343e-15 0.923879533
    outer loop
      vertex 107.700000000 26.442642329 5.292820323
      vertex 107.507055236 37.416370786 5.372740661
      vertex 107.507055236 26.554039040 5.372740661
    endloop
  endfacet
  facet normal 0.0652630962 0.113038998 0.991444861
    outer loop
      vertex 107.507055236 37.416370786 5.372740661
      vertex 98.100000000 42.847536659 5.372740661
      vertex 98.100000000 42.608449866 5.400000000
    endloop
  endfacet
  facet normal 0.0652630962 0.113038998 0.991444861
    outer loop
      vertex 107.507055236 37.416370786 5.372740661
      vertex 98.100000000 42.608449866 5.400000000
      vertex 107.300000000 37.296827390 5.400000000
    endloop
  endfacet
  facet normal -0.0652630962 0.113038998 0.991444861
    outer loop
      vertex 98.100000000 42.847536659 5.372740661
      vertex 88.692944764 37.416370786 5.372740661
      vertex 88.900000000 37.296827390 5.400000000
    endloop
  endfacet
  facet normal -0.0652630962 0.113038998 0.991444861
    outer loop
      vertex 98.100000000 42.847536659 5.372740661
      vertex 88.900000000 37.296827390 5.400000000
      vertex 98.100000000 42.608449866 5.400000000
    endloop
  endfacet
  facet normal -0.130526192 0 0.991444861
    outer loop
      vertex 88.692944764 37.416370786 5.372740661
      vertex 88.692944764 26.554039040 5.372740661
      vertex 88.900000000 26.673582437 5.400000000
    endloop
  endfacet
  facet normal -0.130526192 0 0.991444861
    outer loop
      vertex 88.692944764 37.416370786 5.372740661
      vertex 88.900000000 26.673582437 5.400000000
      vertex 88.900000000 37.296827390 5.400000000
    endloop
  endfacet
  facet normal -0.0652630962 -0.113038998 0.991444861
    outer loop
      vertex 88.692944764 26.554039040 5.372740661
      vertex 98.100000000 21.122873167 5.372740661
      vertex 98.100000000 21.361959960 5.400000000
    endloop
  endfacet
  facet normal -0.0652630962 -0.113038998 0.991444861
    outer loop
      vertex 88.692944764 26.554039040 5.372740661
      vertex 98.100000000 21.361959960 5.400000000
      vertex 88.900000000 26.673582437 5.400000000
    endloop
  endfacet
  facet normal 0.0652630962 -0.113038998 0.991444861
    outer loop
      vertex 98.100000000 21.122873167 5.372740661
      vertex 107.507055236 26.554039040 5.372740661
      vertex 107.300000000 26.673582437 5.400000000
    endloop
  endfacet
  facet normal 0.0652630962 -0.113038998 0.991444861
    outer loop
      vertex 98.100000000 21.122873167 5.372740661
      vertex 107.300000000 26.673582437 5.400000000
      vertex 98.100000000 21.361959960 5.400000000
    endloop
  endfacet
  facet normal 0.130526192 -3.4152681e-16 0.991444861
    outer loop
      vertex 107.507055236 26.554039040 5.372740661
      vertex 107.507055236 37.416370786 5.372740661
      vertex 107.300000000 37.296827390 5.400000000
    endloop
  endfacet
  facet normal 0.130526192 -3.49121723e-16 0.991444861
    outer loop
      vertex 107.507055236 26.554039040 5.372740661
      vertex 107.300000000 37.296827390 5.400000000
      vertex 107.300000000 26.673582437 5.400000000
    endloop
  endfacet
  facet normal 0 0 1
    outer loop
      vertex 107.300000000 37.296827390 5.400000000
      vertex 98.100000000 42.608449866 5.400000000
      vertex 88.900000000 37.296827390 5.400000000
    endloop
  endfacet
  facet normal 0 0 1
    outer loop
      vertex 107.300000000 37.296827390 5.400000000
      vertex 88.900000000 37.296827390 5.400000000
      vertex 88.900000000 26.673582437 5.400000000
    endloop
  endfacet
  facet normal 0 0 1
    outer loop
      vertex 107.300000000 37.296827390 5.400000000
      vertex 88.900000000 26.673582437 5.400000000
      vertex 98.100000000 21.361959960 5.400000000
    endloop
  endfacet
  facet normal 0 0 1
    outer loop
      vertex 107.300000000 37.296827390 5.400000000
      vertex 98.100000000 21.361959960 5.400000000
      vertex 107.300000000 26.673582437 5.400000000
    endloop
  endfacet
  facet normal -0 0 -1
    outer loop
      vertex 10.000000000 56.638061408 3.000000000
      vertex 0.900000000 56.638061407 3.000000000
      vertex 0.900000000 61.891948857 3.000000000
    endloop
  endfacet
  facet normal 0 0 -1
    outer loop
      vertex 10.000000000 56.638061408 3.000000000
      vertex 0.900000000 51.384173958 3.000000000
      vertex 0.900000000 56.638061407 3.000000000
    endloop
  endfacet
  facet normal 0 0 -1
    outer loop
      vertex 10.000000000 56.638061408 3.000000000
      vertex 0.900000000 40.876399059 3.000000000
      vertex 0.900000000 51.384173958 3.000000000
    endloop
  endfacet
  facet normal 0 0 -1
    outer loop
      vertex 10.000000000 56.638061408 3.000000000
      vertex 10.000000000 45.091056024 3.000000000
      vertex 0.900000000 39.837168574 3.000000000
    endloop
  endfacet
  facet normal 0 0 -1
    outer loop
      vertex 10.000000000 56.638061408 3.000000000
      vertex 0.900000000 39.837168574 3.000000000
      vertex 0.900000000 40.876399059 3.000000000
    endloop
  endfacet
  facet normal 0.5 0.866025404 0
    outer loop
      vertex 10.000000000 56.638061408 3.000000000
      vertex 0.900000000 61.891948857 3.000000000
      vertex 0.900000000 61.891948857 4.456000000
    endloop
  endfacet
  facet normal 0.5 0.866025404 0
    outer loop
      vertex 10.000000000 56.638061408 3.000000000
      vertex 0.900000000 61.891948857 4.456000000
      vertex 0.900000000 61.891948857 4.600000000
    endloop
  endfacet
  facet normal 0.5 0.866025404 -0
    outer loop
      vertex 10.000000000 56.638061408 3.000000000
      vertex 0.900000000 61.891948857 4.600000000
      vertex 10.000000000 56.638061408 4.600000000
    endloop
  endfacet
  facet normal 0.5 -0.866025404 0
    outer loop
      vertex 0.900000000 39.837168574 3.000000000
      vertex 10.000000000 45.091056024 3.000000000
      vertex 10.000000000 45.091056024 4.600000000
    endloop
  endfacet
  facet normal 0.5 -0.866025404 0
    outer loop
      vertex 0.900000000 39.837168574 3.000000000
      vertex 10.000000000 45.091056024 4.600000000
      vertex 0.900000000 39.837168574 3.144000000
    endloop
  endfacet
  facet normal 0.5 -0.866025404 0
    outer loop
      vertex 0.900000000 39.837168574 3.144000000
      vertex 10.000000000 45.091056024 4.600000000
      vertex 0.900000000 39.837168574 4.600000000
    endloop
  endfacet
  facet normal 1 -3.0767403e-16 0
    outer loop
      vertex 10.000000000 45.091056024 3.000000000
      vertex 10.000000000 56.638061408 3.000000000
      vertex 10.000000000 56.638061408 4.600000000
    endloop
  endfacet
  facet normal 1 -3.0767403e-16 0
    outer loop
      vertex 10.000000000 45.091056024 3.000000000
      vertex 10.000000000 56.638061408 4.600000000
      vertex 10.000000000 45.091056024 4.600000000
    endloop
  endfacet
  facet normal 0.495722431 0.858616436 0.130526192
    outer loop
      vertex 10.000000000 56.638061408 4.600000000
      vertex 0.900000000 61.891948857 4.600000000
      vertex 0.900000000 61.863305357 4.788420265
    endloop
  endfacet
  facet normal 0.495722431 0.858616436 0.130526192
    outer loop
      vertex 10.000000000 56.638061408 4.600000000
      vertex 0.900000000 61.863305357 4.788420265
      vertex 0.900000000 61.860472484 4.807055236
    endloop
  endfacet
  facet normal 0.495722431 0.858616436 0.130526192
    outer loop
      vertex 10.000000000 56.638061408 4.600000000
      vertex 0.900000000 61.860472484 4.807055236
      vertex 9.972740661 56.622323221 4.807055236
    endloop
  endfacet
  facet normal 0.495722431 -0.858616436 0.130526192
    outer loop
      vertex 0.900000000 39.837168574 4.600000000
      vertex 10.000000000 45.091056024 4.600000000
      vertex 9.972740661 45.106794210 4.807055236
    endloop
  endfacet
  facet normal 0.495722431 -0.858616437 0.13052619
    outer loop
      vertex 0.900000000 39.837168574 4.600000000
      vertex 9.972740661 45.106794210 4.807055236
      vertex 0.900000000 39.840009191 4.618685908
    endloop
  endfacet
  facet normal 0.495722431 -0.858616436 0.130526193
    outer loop
      vertex 0.900000000 39.840009191 4.618685908
      vertex 9.972740661 45.106794210 4.807055236
      vertex 0.900000000 39.868644948 4.807055236
    endloop
  endfacet
  facet normal 0.991444861 -3.05041836e-16 0.130526192
    outer loop
      vertex 10.000000000 45.091056024 4.600000000
      vertex 10.000000000 56.638061408 4.600000000
      vertex 9.972740661 56.622323221 4.807055236
    endloop
  endfacet
  facet normal 0.991444861 -3.05840199e-16 0.130526192
    outer loop
      vertex 10.000000000 45.091056024 4.600000000
      vertex 9.972740661 56.622323221 4.807055236
      vertex 9.972740661 45.106794210 4.807055236
    endloop
  endfacet
  facet normal 0.461939766 0.800103145 0.382683432
    outer loop
      vertex 9.972740661 56.622323221 4.807055236
      vertex 0.900000000 61.860472484 4.807055236
      vertex 0.900000000 61.776516694 4.982587506
    endloop
  endfacet
  facet normal 0.461939766 0.800103145 0.382683433
    outer loop
      vertex 9.972740661 56.622323221 4.807055236
      vertex 0.900000000 61.776516694 4.982587506
      vertex 0.900000000 61.768188426 5.000000000
    endloop
  endfacet
  facet normal 0.461939766 0.800103145 0.382683432
    outer loop
      vertex 9.972740661 56.622323221 4.807055236
      vertex 0.900000000 61.768188426 5.000000000
      vertex 9.892820323 56.576181192 5.000000000
    endloop
  endfacet
  facet normal 0.461939766 -0.800103145 0.382683432
    outer loop
      vertex 0.900000000 39.868644948 4.807055236
      vertex 9.972740661 45.106794210 4.807055236
      vertex 9.892820323 45.152936239 5.000000000
    endloop
  endfacet
  facet normal 0.461939767 -0.800103146 0.382683429
    outer loop
      vertex 0.900000000 39.868644948 4.807055236
      vertex 9.892820323 45.152936239 5.000000000
      vertex 0.900000000 39.877040496 4.824608399
    endloop
  endfacet
  facet normal 0.461939766 -0.800103145 0.382683432
    outer loop
      vertex 0.900000000 39.877040496 4.824608399
      vertex 9.892820323 45.152936239 5.000000000
      vertex 0.900000000 39.960929005 5.000000000
    endloop
  endfacet
  facet normal 0.923879533 -2.85030714e-16 0.382683432
    outer loop
      vertex 9.972740661 45.106794210 4.807055236
      vertex 9.972740661 56.622323221 4.807055236
      vertex 9.892820323 56.576181192 5.000000000
    endloop
  endfacet
  facet normal 0.923879533 -2.87223659e-16 0.382683432
    outer loop
      vertex 9.972740661 45.106794210 4.807055236
      vertex 9.892820323 56.576181192 5.000000000
      vertex 9.892820323 45.152936239 5.000000000
    endloop
  endfacet
  facet normal 0.39667667 0.687064147 0.608761429
    outer loop
      vertex 9.892820323 56.576181192 5.000000000
      vertex 0.900000000 61.768188426 5.000000000
      vertex 0.900000000 61.634741080 5.150612182
    endloop
  endfacet
  facet normal 0.39667667 0.687064147 0.608761428
    outer loop
      vertex 9.892820323 56.576181192 5.000000000
      vertex 0.900000000 61.634741080 5.150612182
      vertex 0.900000000 61.621385691 5.165685425
    endloop
  endfacet
  facet normal 0.39667667 0.687064147 0.608761429
    outer loop
      vertex 9.892820323 56.576181192 5.000000000
      vertex 0.900000000 61.621385691 5.165685425
      vertex 9.765685425 56.502779825 5.165685425
    endloop
  endfacet
  facet normal 0.39667667 -0.687064147 0.608761429
    outer loop
      vertex 0.900000000 39.960929005 5.000000000
      vertex 9.892820323 45.152936239 5.000000000
      vertex 9.765685425 45.226337607 5.165685425
    endloop
  endfacet
  facet normal 0.39667667 -0.687064147 0.608761429
    outer loop
      vertex 0.900000000 39.960929005 5.000000000
      vertex 9.765685425 45.226337607 5.165685425
      vertex 0.900000000 39.974458261 5.015269474
    endloop
  endfacet
  facet normal 0.39667667 -0.687064147 0.608761429
    outer loop
      vertex 0.900000000 39.974458261 5.015269474
      vertex 9.765685425 45.226337607 5.165685425
      vertex 0.900000000 40.107731740 5.165685425
    endloop
  endfacet
  facet normal 0.79335334 -2.46738757e-16 0.608761429
    outer loop
      vertex 9.892820323 45.152936239 5.000000000
      vertex 9.892820323 56.576181192 5.000000000
      vertex 9.765685425 56.502779825 5.165685425
    endloop
  endfacet
  facet normal 0.79335334 -2.5044907e-16 0.608761429
    outer loop
      vertex 9.892820323 45.152936239 5.000000000
      vertex 9.765685425 56.502779825 5.165685425
      vertex 9.765685425 45.226337607 5.165685425
    endloop
  endfacet
  facet normal 0.304380714 0.527202862 0.79335334
    outer loop
      vertex 9.765685425 56.502779825 5.165685425
      vertex 0.900000000 61.621385691 5.165685425
      vertex 0.900000000 61.447700312 5.281103643
    endloop
  endfacet
  facet normal 0.304380714 0.527202862 0.793353341
    outer loop
      vertex 9.765685425 56.502779825 5.165685425
      vertex 0.900000000 61.447700312 5.281103643
      vertex 0.900000000 61.430068642 5.292820323
    endloop
  endfacet
  facet normal 0.304380714 0.527202862 0.79335334
    outer loop
      vertex 9.765685425 56.502779825 5.165685425
      vertex 0.900000000 61.430068642 5.292820323
      vertex 9.600000000 56.407121300 5.292820323
    endloop
  endfacet
  facet normal 0.304380714 -0.527202862 0.79335334
    outer loop
      vertex 0.900000000 40.107731740 5.165685425
      vertex 9.765685425 45.226337607 5.165685425
      vertex 9.600000000 45.321996131 5.292820323
    endloop
  endfacet
  facet normal 0.304380714 -0.527202862 0.79335334
    outer loop
      vertex 0.900000000 40.107731740 5.165685425
      vertex 9.600000000 45.321996131 5.292820323
      vertex 0.900000000 40.125667713 5.177604322
    endloop
  endfacet
  facet normal 0.304380714 -0.527202862 0.79335334
    outer loop
      vertex 0.900000000 40.125667713 5.177604322
      vertex 9.600000000 45.321996131 5.292820323
      vertex 0.900000000 40.299048789 5.292820323
    endloop
  endfacet
  facet normal 0.608761429 -1.91794097e-16 0.79335334
    outer loop
      vertex 9.765685425 45.226337607 5.165685425
      vertex 9.765685425 56.502779825 5.165685425
      vertex 9.600000000 56.407121300 5.292820323
    endloop
  endfacet
  facet normal 0.608761429 -1.94825299e-16 0.79335334
    outer loop
      vertex 9.765685425 45.226337607 5.165685425
      vertex 9.600000000 56.407121300 5.292820323
      vertex 9.600000000 45.321996131 5.292820323
    endloop
  endfacet
  facet normal 0.191341716 0.331413574 0.923879533
    outer loop
      vertex 9.600000000 56.407121300 5.292820323
      vertex 0.900000000 61.430068642 5.292820323
      vertex 0.900000000 61.228162102 5.365248129
    endloop
  endfacet
  facet normal 0.191341716 0.331413574 0.923879532
    outer loop
      vertex 9.600000000 56.407121300 5.292820323
      vertex 0.900000000 61.228162102 5.365248129
      vertex 0.900000000 61.207275219 5.372740661
    endloop
  endfacet
  facet normal 0.191341716 0.331413574 0.923879533
    outer loop
      vertex 9.600000000 56.407121300 5.292820323
      vertex 0.900000000 61.207275219 5.372740661
      vertex 9.407055236 56.295724588 5.372740661
    endloop
  endfacet
  facet normal 0.191341716 -0.331413574 0.923879533
    outer loop
      vertex 0.900000000 40.299048789 5.292820323
      vertex 9.600000000 45.321996131 5.292820323
      vertex 9.407055236 45.433392843 5.372740661
    endloop
  endfacet
  facet normal 0.191341715 -0.331413572 0.923879534
    outer loop
      vertex 0.900000000 40.299048789 5.292820323
      vertex 9.407055236 45.433392843 5.372740661
      vertex 0.900000000 40.320364076 5.300466531
    endloop
  endfacet
  facet normal 0.191341716 -0.331413574 0.923879532
    outer loop
      vertex 0.900000000 40.320364076 5.300466531
      vertex 9.407055236 45.433392843 5.372740661
      vertex 0.900000000 40.521842212 5.372740661
    endloop
  endfacet
  facet normal 0.382683432 -1.2264766e-16 0.923879533
    outer loop
      vertex 9.600000000 45.321996131 5.292820323
      vertex 9.600000000 56.407121300 5.292820323
      vertex 9.407055236 56.295724588 5.372740661
    endloop
  endfacet
  facet normal 0.382683432 -1.24645656e-16 0.923879533
    outer loop
      vertex 9.600000000 45.321996131 5.292820323
      vertex 9.407055236 56.295724588 5.372740661
      vertex 9.407055236 45.433392843 5.372740661
    endloop
  endfacet
  facet normal 0.0652630961 0.113038998 0.991444861
    outer loop
      vertex 9.407055236 56.295724588 5.372740661
      vertex 0.900000000 61.207275219 5.372740661
      vertex 0.900000000 60.991062547 5.397392021
    endloop
  endfacet
  facet normal 0.0652630968 0.113039 0.991444861
    outer loop
      vertex 9.407055236 56.295724588 5.372740661
      vertex 0.900000000 60.991062547 5.397392021
      vertex 0.900000000 60.968188426 5.400000000
    endloop
  endfacet
  facet normal 0.0652630962 0.113038998 0.991444861
    outer loop
      vertex 9.407055236 56.295724588 5.372740661
      vertex 0.900000000 60.968188426 5.400000000
      vertex 9.200000000 56.176181192 5.400000000
    endloop
  endfacet
  facet normal 0.0652630962 -0.113038998 0.991444861
    outer loop
      vertex 0.900000000 40.521842212 5.372740661
      vertex 9.407055236 45.433392843 5.372740661
      vertex 9.200000000 45.552936239 5.400000000
    endloop
  endfacet
  facet normal 0.0652630969 -0.113039 0.991444861
    outer loop
      vertex 0.900000000 40.521842212 5.372740661
      vertex 9.200000000 45.552936239 5.400000000
      vertex 0.900000000 40.545231138 5.375407336
    endloop
  endfacet
  facet normal 0.0652630961 -0.113038998 0.991444861
    outer loop
      vertex 0.900000000 40.545231138 5.375407336
      vertex 9.200000000 45.552936239 5.400000000
      vertex 0.900000000 40.760929005 5.400000000
    endloop
  endfacet
  facet normal 0.130526192 -4.26908513e-17 0.991444861
    outer loop
      vertex 9.407055236 45.433392843 5.372740661
      vertex 9.407055236 56.295724588 5.372740661
      vertex 9.200000000 56.176181192 5.400000000
    endloop
  endfacet
  facet normal 0.130526192 -4.3786823e-17 0.991444861
    outer loop
      vertex 9.407055236 45.433392843 5.372740661
      vertex 9.200000000 56.176181192 5.400000000
      vertex 9.200000000 45.552936239 5.400000000
    endloop
  endfacet
  facet normal 0 0 1
    outer loop
      vertex 9.200000000 56.176181192 5.400000000
      vertex 0.900000000 60.968188426 5.400000000
      vertex 0.900000000 56.176181192 5.400000000
    endloop
  endfacet
  facet normal 0 0 1
    outer loop
      vertex 9.200000000 56.176181192 5.400000000
      vertex 0.900000000 56.176181192 5.400000000
      vertex 0.900000000 51.384173958 5.400000000
    endloop
  endfacet
  facet normal 0 0 1
    outer loop
      vertex 9.200000000 56.176181192 5.400000000
      vertex 0.900000000 51.384173958 5.400000000
      vertex 0.900000000 41.800159489 5.400000000
    endloop
  endfacet
  facet normal 0 0 1
    outer loop
      vertex 9.200000000 56.176181192 5.400000000
      vertex 0.900000000 41.800159489 5.400000000
      vertex 0.900000000 40.760929005 5.400000000
    endloop
  endfacet
  facet normal 0 0 1
    outer loop
      vertex 9.200000000 56.176181192 5.400000000
      vertex 0.900000000 40.760929005 5.400000000
      vertex 9.200000000 45.552936239 5.400000000
    endloop
  endfacet
  facet normal -1 0 0
    outer loop
      vertex 0.900000000 50.864558716 4.829787706
      vertex 0.900000000 40.876399059 3.000000000
      vertex 0.900000000 39.837168574 3.000000000
    endloop
  endfacet
  facet normal -1 0 -0
    outer loop
      vertex 0.900000000 50.864558716 4.829787706
      vertex 0.900000000 51.384173958 3.000000000
      vertex 0.900000000 40.876399059 3.000000000
    endloop
  endfacet
  facet normal -1 0 0
    outer loop
      vertex 0.900000000 50.864558716 4.829787706
      vertex 0.900000000 56.638061407 3.000000000
      vertex 0.900000000 51.384173958 3.000000000
    endloop
  endfacet
  facet normal -1 0 0
    outer loop
      vertex 0.900000000 50.864558716 4.829787706
      vertex 0.900000000 61.891948857 3.000000000
      vertex 0.900000000 56.638061407 3.000000000
    endloop
  endfacet
  facet normal -1 0 0
    outer loop
      vertex 0.900000000 50.864558716 4.829787706
      vertex 0.900000000 61.891948857 4.456000000
      vertex 0.900000000 61.891948857 3.000000000
    endloop
  endfacet
  facet normal -1 0 0
    outer loop
      vertex 0.900000000 50.864558716 4.829787706
      vertex 0.900000000 61.891948857 4.600000000
      vertex 0.900000000 61.891948857 4.456000000
    endloop
  endfacet
  facet normal -1 0 0
    outer loop
      vertex 0.900000000 50.864558716 4.829787706
      vertex 0.900000000 61.863305357 4.788420265
      vertex 0.900000000 61.891948857 4.600000000
    endloop
  endfacet
  facet normal -1 0 0
    outer loop
      vertex 0.900000000 50.864558716 4.829787706
      vertex 0.900000000 61.860472484 4.807055236
      vertex 0.900000000 61.863305357 4.788420265
    endloop
  endfacet
  facet normal -1 0 0
    outer loop
      vertex 0.900000000 50.864558716 4.829787706
      vertex 0.900000000 61.776516694 4.982587506
      vertex 0.900000000 61.860472484 4.807055236
    endloop
  endfacet
  facet normal -1 0 0
    outer loop
      vertex 0.900000000 50.864558716 4.829787706
      vertex 0.900000000 61.768188426 5.000000000
      vertex 0.900000000 61.776516694 4.982587506
    endloop
  endfacet
  facet normal -1 0 0
    outer loop
      vertex 0.900000000 50.864558716 4.829787706
      vertex 0.900000000 61.634741080 5.150612182
      vertex 0.900000000 61.768188426 5.000000000
    endloop
  endfacet
  facet normal -1 0 0
    outer loop
      vertex 0.900000000 50.864558716 4.829787706
      vertex 0.900000000 61.621385691 5.165685425
      vertex 0.900000000 61.634741080 5.150612182
    endloop
  endfacet
  facet normal -1 0 0
    outer loop
      vertex 0.900000000 50.864558716 4.829787706
      vertex 0.900000000 61.447700312 5.281103643
      vertex 0.900000000 61.621385691 5.165685425
    endloop
  endfacet
  facet normal -1 0 0
    outer loop
      vertex 0.900000000 50.864558716 4.829787706
      vertex 0.900000000 61.430068642 5.292820323
      vertex 0.900000000 61.447700312 5.281103643
    endloop
  endfacet
  facet normal -1 0 0
    outer loop
      vertex 0.900000000 50.864558716 4.829787706
      vertex 0.900000000 61.228162102 5.365248129
      vertex 0.900000000 61.430068642 5.292820323
    endloop
  endfacet
  facet normal -1 0 0
    outer loop
      vertex 0.900000000 50.864558716 4.829787706
      vertex 0.900000000 61.207275219 5.372740661
      vertex 0.900000000 61.228162102 5.365248129
    endloop
  endfacet
  facet normal -1 0 0
    outer loop
      vertex 0.900000000 50.864558716 4.829787706
      vertex 0.900000000 60.991062547 5.397392021
      vertex 0.900000000 61.207275219 5.372740661
    endloop
  endfacet
  facet normal -1 0 0
    outer loop
      vertex 0.900000000 50.864558716 4.829787706
      vertex 0.900000000 60.968188426 5.400000000
      vertex 0.900000000 60.991062547 5.397392021
    endloop
  endfacet
  facet normal -1 0 0
    outer loop
      vertex 0.900000000 50.864558716 4.829787706
      vertex 0.900000000 56.176181192 5.400000000
      vertex 0.900000000 60.968188426 5.400000000
    endloop
  endfacet
  facet normal -1 0 0
    outer loop
      vertex 0.900000000 50.864558716 4.829787706
      vertex 0.900000000 51.384173958 5.400000000
      vertex 0.900000000 56.176181192 5.400000000
    endloop
  endfacet
  facet normal -1 0 0
    outer loop
      vertex 0.900000000 50.864558716 4.829787706
      vertex 0.900000000 41.800159489 5.400000000
      vertex 0.900000000 51.384173958 5.400000000
    endloop
  endfacet
  facet normal -1 0 0
    outer loop
      vertex 0.900000000 50.864558716 4.829787706
      vertex 0.900000000 40.760929005 5.400000000
      vertex 0.900000000 41.800159489 5.400000000
    endloop
  endfacet
  facet normal -1 0 0
    outer loop
      vertex 0.900000000 50.864558716 4.829787706
      vertex 0.900000000 40.545231138 5.375407336
      vertex 0.900000000 40.760929005 5.400000000
    endloop
  endfacet
  facet normal -1 0 0
    outer loop
      vertex 0.900000000 50.864558716 4.829787706
      vertex 0.900000000 40.521842212 5.372740661
      vertex 0.900000000 40.545231138 5.375407336
    endloop
  endfacet
  facet normal -1 0 0
    outer loop
      vertex 0.900000000 50.864558716 4.829787706
      vertex 0.900000000 40.320364076 5.300466531
      vertex 0.900000000 40.521842212 5.372740661
    endloop
  endfacet
  facet normal -1 0 0
    outer loop
      vertex 0.900000000 50.864558716 4.829787706
      vertex 0.900000000 40.299048789 5.292820323
      vertex 0.900000000 40.320364076 5.300466531
    endloop
  endfacet
  facet normal -1 0 0
    outer loop
      vertex 0.900000000 50.864558716 4.829787706
      vertex 0.900000000 40.125667713 5.177604322
      vertex 0.900000000 40.299048789 5.292820323
    endloop
  endfacet
  facet normal -1 0 0
    outer loop
      vertex 0.900000000 50.864558716 4.829787706
      vertex 0.900000000 40.107731740 5.165685425
      vertex 0.900000000 40.125667713 5.177604322
    endloop
  endfacet
  facet normal -1 0 0
    outer loop
      vertex 0.900000000 50.864558716 4.829787706
      vertex 0.900000000 39.974458261 5.015269474
      vertex 0.900000000 40.107731740 5.165685425
    endloop
  endfacet
  facet normal -1 0 0
    outer loop
      vertex 0.900000000 50.864558716 4.829787706
      vertex 0.900000000 39.960929005 5.000000000
      vertex 0.900000000 39.974458261 5.015269474
    endloop
  endfacet
  facet normal -1 -0 0
    outer loop
      vertex 0.900000000 50.864558716 4.829787706
      vertex 0.900000000 39.877040496 4.824608399
      vertex 0.900000000 39.960929005 5.000000000
    endloop
  endfacet
  facet normal -1 0 0
    outer loop
      vertex 0.900000000 50.864558716 4.829787706
      vertex 0.900000000 39.868644948 4.807055236
      vertex 0.900000000 39.877040496 4.824608399
    endloop
  endfacet
  facet normal -1 0 0
    outer loop
      vertex 0.900000000 50.864558716 4.829787706
      vertex 0.900000000 39.840009191 4.618685908
      vertex 0.900000000 39.868644948 4.807055236
    endloop
  endfacet
  facet normal -1 0 0
    outer loop
      vertex 0.900000000 50.864558716 4.829787706
      vertex 0.900000000 39.837168574 4.600000000
      vertex 0.900000000 39.840009191 4.618685908
    endloop
  endfacet
  facet normal -1 0 0
    outer loop
      vertex 0.900000000 50.864558716 4.829787706
      vertex 0.900000000 39.837168574 3.144000000
      vertex 0.900000000 39.837168574 4.600000000
    endloop
  endfacet
  facet normal -1 0 0
    outer loop
      vertex 0.900000000 50.864558716 4.829787706
      vertex 0.900000000 39.837168574 3.000000000
      vertex 0.900000000 39.837168574 3.144000000
    endloop
  endfacet
  facet normal 0 0 -1
    outer loop
      vertex 31.800000000 56.638061408 3.000000000
      vertex 11.800000000 56.638061408 3.000000000
      vertex 21.800000000 62.411564099 3.000000000
    endloop
  endfacet
  facet normal -0 0 -1
    outer loop
      vertex 31.800000000 56.638061408 3.000000000
      vertex 11.800000000 45.091056024 3.000000000
      vertex 11.800000000 56.638061408 3.000000000
    endloop
  endfacet
  facet normal 0 0 -1
    outer loop
      vertex 31.800000000 56.638061408 3.000000000
      vertex 21.800000000 39.317553332 3.000000000
      vertex 11.800000000 45.091056024 3.000000000
    endloop
  endfacet
  facet normal 0 0 -1
    outer loop
      vertex 31.800000000 56.638061408 3.000000000
      vertex 31.800000000 45.091056024 3.000000000
      vertex 21.800000000 39.317553332 3.000000000
    endloop
  endfacet
  facet normal 0.5 0.866025404 0
    outer loop
      vertex 31.800000000 56.638061408 3.000000000
      vertex 21.800000000 62.411564099 3.000000000
      vertex 21.800000000 62.411564099 4.600000000
    endloop
  endfacet
  facet normal 0.5 0.866025404 -0
    outer loop
      vertex 31.800000000 56.638061408 3.000000000
      vertex 21.800000000 62.411564099 4.600000000
      vertex 31.800000000 56.638061408 4.600000000
    endloop
  endfacet
  facet normal -0.5 0.866025404 0
    outer loop
      vertex 21.800000000 62.411564099 3.000000000
      vertex 11.800000000 56.638061408 3.000000000
      vertex 11.800000000 56.638061408 4.600000000
    endloop
  endfacet
  facet normal -0.5 0.866025404 0
    outer loop
      vertex 21.800000000 62.411564099 3.000000000
      vertex 11.800000000 56.638061408 4.600000000
      vertex 21.800000000 62.411564099 4.600000000
    endloop
  endfacet
  facet normal -1 -1.53837015e-16 0
    outer loop
      vertex 11.800000000 56.638061408 3.000000000
      vertex 11.800000000 45.091056024 3.000000000
      vertex 11.800000000 45.091056024 4.600000000
    endloop
  endfacet
  facet normal -1 -1.53837015e-16 0
    outer loop
      vertex 11.800000000 56.638061408 3.000000000
      vertex 11.800000000 45.091056024 4.600000000
      vertex 11.800000000 56.638061408 4.600000000
    endloop
  endfacet
  facet normal -0.5 -0.866025404 0
    outer loop
      vertex 11.800000000 45.091056024 3.000000000
      vertex 21.800000000 39.317553332 3.000000000
      vertex 21.800000000 39.317553332 4.600000000
    endloop
  endfacet
  facet normal -0.5 -0.866025404 0
    outer loop
      vertex 11.800000000 45.091056024 3.000000000
      vertex 21.800000000 39.317553332 4.600000000
      vertex 11.800000000 45.091056024 4.600000000
    endloop
  endfacet
  facet normal 0.5 -0.866025404 0
    outer loop
      vertex 21.800000000 39.317553332 3.000000000
      vertex 31.800000000 45.091056024 3.000000000
      vertex 31.800000000 45.091056024 4.600000000
    endloop
  endfacet
  facet normal 0.5 -0.866025404 0
    outer loop
      vertex 21.800000000 39.317553332 3.000000000
      vertex 31.800000000 45.091056024 4.600000000
      vertex 21.800000000 39.317553332 4.600000000
    endloop
  endfacet
  facet normal 1 -6.1534806e-16 0
    outer loop
      vertex 31.800000000 45.091056024 3.000000000
      vertex 31.800000000 56.638061408 3.000000000
      vertex 31.800000000 56.638061408 4.600000000
    endloop
  endfacet
  facet normal 1 -6.1534806e-16 0
    outer loop
      vertex 31.800000000 45.091056024 3.000000000
      vertex 31.800000000 56.638061408 4.600000000
      vertex 31.800000000 45.091056024 4.600000000
    endloop
  endfacet
  facet normal 0.495722431 0.858616436 0.130526192
    outer loop
      vertex 31.800000000 56.638061408 4.600000000
      vertex 21.800000000 62.411564099 4.600000000
      vertex 21.800000000 62.380087726 4.807055236
    endloop
  endfacet
  facet normal 0.495722431 0.858616436 0.130526192
    outer loop
      vertex 31.800000000 56.638061408 4.600000000
      vertex 21.800000000 62.380087726 4.807055236
      vertex 31.772740661 56.622323221 4.807055236
    endloop
  endfacet
  facet normal -0.495722431 0.858616436 0.130526192
    outer loop
      vertex 21.800000000 62.411564099 4.600000000
      vertex 11.800000000 56.638061408 4.600000000
      vertex 11.827259339 56.622323221 4.807055236
    endloop
  endfacet
  facet normal -0.495722431 0.858616436 0.130526192
    outer loop
      vertex 21.800000000 62.411564099 4.600000000
      vertex 11.827259339 56.622323221 4.807055236
      vertex 21.800000000 62.380087726 4.807055236
    endloop
  endfacet
  facet normal -0.991444861 -1.52520918e-16 0.130526192
    outer loop
      vertex 11.800000000 56.638061408 4.600000000
      vertex 11.800000000 45.091056024 4.600000000
      vertex 11.827259339 45.106794210 4.807055236
    endloop
  endfacet
  facet normal -0.991444861 -1.52920099e-16 0.130526192
    outer loop
      vertex 11.800000000 56.638061408 4.600000000
      vertex 11.827259339 45.106794210 4.807055236
      vertex 11.827259339 56.622323221 4.807055236
    endloop
  endfacet
  facet normal -0.495722431 -0.858616436 0.130526192
    outer loop
      vertex 11.800000000 45.091056024 4.600000000
      vertex 21.800000000 39.317553332 4.600000000
      vertex 21.800000000 39.349029705 4.807055236
    endloop
  endfacet
  facet normal -0.495722431 -0.858616436 0.130526192
    outer loop
      vertex 11.800000000 45.091056024 4.600000000
      vertex 21.800000000 39.349029705 4.807055236
      vertex 11.827259339 45.106794210 4.807055236
    endloop
  endfacet
  facet normal 0.495722431 -0.858616436 0.130526192
    outer loop
      vertex 21.800000000 39.317553332 4.600000000
      vertex 31.800000000 45.091056024 4.600000000
      vertex 31.772740661 45.106794210 4.807055236
    endloop
  endfacet
  facet normal 0.495722431 -0.858616436 0.130526192
    outer loop
      vertex 21.800000000 39.317553332 4.600000000
      vertex 31.772740661 45.106794210 4.807055236
      vertex 21.800000000 39.349029705 4.807055236
    endloop
  endfacet
  facet normal 0.991444861 -6.10083672e-16 0.130526192
    outer loop
      vertex 31.800000000 45.091056024 4.600000000
      vertex 31.800000000 56.638061408 4.600000000
      vertex 31.772740661 56.622323221 4.807055236
    endloop
  endfacet
  facet normal 0.991444861 -6.11680398e-16 0.130526192
    outer loop
      vertex 31.800000000 45.091056024 4.600000000
      vertex 31.772740661 56.622323221 4.807055236
      vertex 31.772740661 45.106794210 4.807055236
    endloop
  endfacet
  facet normal 0.461939766 0.800103145 0.382683432
    outer loop
      vertex 31.772740661 56.622323221 4.807055236
      vertex 21.800000000 62.380087726 4.807055236
      vertex 21.800000000 62.287803669 5.000000000
    endloop
  endfacet
  facet normal 0.461939766 0.800103145 0.382683432
    outer loop
      vertex 31.772740661 56.622323221 4.807055236
      vertex 21.800000000 62.287803669 5.000000000
      vertex 31.692820323 56.576181192 5.000000000
    endloop
  endfacet
  facet normal -0.461939766 0.800103145 0.382683432
    outer loop
      vertex 21.800000000 62.380087726 4.807055236
      vertex 11.827259339 56.622323221 4.807055236
      vertex 11.907179677 56.576181192 5.000000000
    endloop
  endfacet
  facet normal -0.461939766 0.800103145 0.382683432
    outer loop
      vertex 21.800000000 62.380087726 4.807055236
      vertex 11.907179677 56.576181192 5.000000000
      vertex 21.800000000 62.287803669 5.000000000
    endloop
  endfacet
  facet normal -0.923879533 -1.42515357e-16 0.382683432
    outer loop
      vertex 11.827259339 56.622323221 4.807055236
      vertex 11.827259339 45.106794210 4.807055236
      vertex 11.907179677 45.152936239 5.000000000
    endloop
  endfacet
  facet normal -0.923879533 -1.43975404e-16 0.382683432
    outer loop
      vertex 11.827259339 56.622323221 4.807055236
      vertex 11.907179677 45.152936239 5.000000000
      vertex 11.907179677 56.576181192 5.000000000
    endloop
  endfacet
  facet normal -0.461939766 -0.800103145 0.382683432
    outer loop
      vertex 11.827259339 45.106794210 4.807055236
      vertex 21.800000000 39.349029705 4.807055236
      vertex 21.800000000 39.441313763 5.000000000
    endloop
  endfacet
  facet normal -0.461939766 -0.800103145 0.382683432
    outer loop
      vertex 11.827259339 45.106794210 4.807055236
      vertex 21.800000000 39.441313763 5.000000000
      vertex 11.907179677 45.152936239 5.000000000
    endloop
  endfacet
  facet normal 0.461939766 -0.800103145 0.382683432
    outer loop
      vertex 21.800000000 39.349029705 4.807055236
      vertex 31.772740661 45.106794210 4.807055236
      vertex 31.692820323 45.152936239 5.000000000
    endloop
  endfacet
  facet normal 0.461939766 -0.800103145 0.382683432
    outer loop
      vertex 21.800000000 39.349029705 4.807055236
      vertex 31.692820323 45.152936239 5.000000000
      vertex 21.800000000 39.441313763 5.000000000
    endloop
  endfacet
  facet normal 0.923879533 -5.70061427e-16 0.382683432
    outer loop
      vertex 31.772740661 45.106794210 4.807055236
      vertex 31.772740661 56.622323221 4.807055236
      vertex 31.692820323 56.576181192 5.000000000
    endloop
  endfacet
  facet normal 0.923879533 -5.75174466e-16 0.382683432
    outer loop
      vertex 31.772740661 45.106794210 4.807055236
      vertex 31.692820323 56.576181192 5.000000000
      vertex 31.692820323 45.152936239 5.000000000
    endloop
  endfacet
  facet normal 0.39667667 0.687064147 0.608761429
    outer loop
      vertex 31.692820323 56.576181192 5.000000000
      vertex 21.800000000 62.287803669 5.000000000
      vertex 21.800000000 62.141000933 5.165685425
    endloop
  endfacet
  facet normal 0.39667667 0.687064147 0.608761429
    outer loop
      vertex 31.692820323 56.576181192 5.000000000
      vertex 21.800000000 62.141000933 5.165685425
      vertex 31.565685425 56.502779825 5.165685425
    endloop
  endfacet
  facet normal -0.39667667 0.687064147 0.608761429
    outer loop
      vertex 21.800000000 62.287803669 5.000000000
      vertex 11.907179677 56.576181192 5.000000000
      vertex 12.034314575 56.502779825 5.165685425
    endloop
  endfacet
  facet normal -0.39667667 0.687064147 0.608761429
    outer loop
      vertex 21.800000000 62.287803669 5.000000000
      vertex 12.034314575 56.502779825 5.165685425
      vertex 21.800000000 62.141000933 5.165685425
    endloop
  endfacet
  facet normal -0.79335334 -1.23369379e-16 0.608761429
    outer loop
      vertex 11.907179677 56.576181192 5.000000000
      vertex 11.907179677 45.152936239 5.000000000
      vertex 12.034314575 45.226337607 5.165685425
    endloop
  endfacet
  facet normal -0.79335334 -1.25224535e-16 0.608761429
    outer loop
      vertex 11.907179677 56.576181192 5.000000000
      vertex 12.034314575 45.226337607 5.165685425
      vertex 12.034314575 56.502779825 5.165685425
    endloop
  endfacet
  facet normal -0.39667667 -0.687064147 0.608761429
    outer loop
      vertex 11.907179677 45.152936239 5.000000000
      vertex 21.800000000 39.441313763 5.000000000
      vertex 21.800000000 39.588116498 5.165685425
    endloop
  endfacet
  facet normal -0.39667667 -0.687064147 0.608761429
    outer loop
      vertex 11.907179677 45.152936239 5.000000000
      vertex 21.800000000 39.588116498 5.165685425
      vertex 12.034314575 45.226337607 5.165685425
    endloop
  endfacet
  facet normal 0.39667667 -0.687064147 0.608761429
    outer loop
      vertex 21.800000000 39.441313763 5.000000000
      vertex 31.692820323 45.152936239 5.000000000
      vertex 31.565685425 45.226337607 5.165685425
    endloop
  endfacet
  facet normal 0.39667667 -0.687064147 0.608761429
    outer loop
      vertex 21.800000000 39.441313763 5.000000000
      vertex 31.565685425 45.226337607 5.165685425
      vertex 21.800000000 39.588116498 5.165685425
    endloop
  endfacet
  facet normal 0.79335334 -4.93477515e-16 0.608761429
    outer loop
      vertex 31.692820323 45.152936239 5.000000000
      vertex 31.692820323 56.576181192 5.000000000
      vertex 31.565685425 56.502779825 5.165685425
    endloop
  endfacet
  facet normal 0.79335334 -4.99424909e-16 0.608761429
    outer loop
      vertex 31.692820323 45.152936239 5.000000000
      vertex 31.565685425 56.502779825 5.165685425
      vertex 31.565685425 45.226337607 5.165685425
    endloop
  endfacet
  facet normal 0.304380714 0.527202862 0.79335334
    outer loop
      vertex 31.565685425 56.502779825 5.165685425
      vertex 21.800000000 62.141000933 5.165685425
      vertex 21.800000000 61.949683884 5.292820323
    endloop
  endfacet
  facet normal 0.304380714 0.527202862 0.79335334
    outer loop
      vertex 31.565685425 56.502779825 5.165685425
      vertex 21.800000000 61.949683884 5.292820323
      vertex 31.400000000 56.407121300 5.292820323
    endloop
  endfacet
  facet normal -0.304380714 0.527202862 0.79335334
    outer loop
      vertex 21.800000000 62.141000933 5.165685425
      vertex 12.034314575 56.502779825 5.165685425
      vertex 12.200000000 56.407121300 5.292820323
    endloop
  endfacet
  facet normal -0.304380714 0.527202862 0.79335334
    outer loop
      vertex 21.800000000 62.141000933 5.165685425
      vertex 12.200000000 56.407121300 5.292820323
      vertex 21.800000000 61.949683884 5.292820323
    endloop
  endfacet
  facet normal -0.608761429 -9.58970486e-17 0.79335334
    outer loop
      vertex 12.034314575 56.502779825 5.165685425
      vertex 12.034314575 45.226337607 5.165685425
      vertex 12.200000000 45.321996131 5.292820323
    endloop
  endfacet
  facet normal -0.608761429 -9.74126494e-17 0.79335334
    outer loop
      vertex 12.034314575 56.502779825 5.165685425
      vertex 12.200000000 45.321996131 5.292820323
      vertex 12.200000000 56.407121300 5.292820323
    endloop
  endfacet
  facet normal -0.304380714 -0.527202862 0.79335334
    outer loop
      vertex 12.034314575 45.226337607 5.165685425
      vertex 21.800000000 39.588116498 5.165685425
      vertex 21.800000000 39.779433547 5.292820323
    endloop
  endfacet
  facet normal -0.304380714 -0.527202862 0.79335334
    outer loop
      vertex 12.034314575 45.226337607 5.165685425
      vertex 21.800000000 39.779433547 5.292820323
      vertex 12.200000000 45.321996131 5.292820323
    endloop
  endfacet
  facet normal 0.304380714 -0.527202862 0.79335334
    outer loop
      vertex 21.800000000 39.588116498 5.165685425
      vertex 31.565685425 45.226337607 5.165685425
      vertex 31.400000000 45.321996131 5.292820323
    endloop
  endfacet
  facet normal 0.304380714 -0.527202862 0.79335334
    outer loop
      vertex 21.800000000 39.588116498 5.165685425
      vertex 31.400000000 45.321996131 5.292820323
      vertex 21.800000000 39.779433547 5.292820323
    endloop
  endfacet
  facet normal 0.608761429 -3.83588194e-16 0.79335334
    outer loop
      vertex 31.565685425 45.226337607 5.165685425
      vertex 31.565685425 56.502779825 5.165685425
      vertex 31.400000000 56.407121300 5.292820323
    endloop
  endfacet
  facet normal 0.608761429 -3.89650598e-16 0.79335334
    outer loop
      vertex 31.565685425 45.226337607 5.165685425
      vertex 31.400000000 56.407121300 5.292820323
      vertex 31.400000000 45.321996131 5.292820323
    endloop
  endfacet
  facet normal 0.191341716 0.331413574 0.923879533
    outer loop
      vertex 31.400000000 56.407121300 5.292820323
      vertex 21.800000000 61.949683884 5.292820323
      vertex 21.800000000 61.726890461 5.372740661
    endloop
  endfacet
  facet normal 0.191341716 0.331413574 0.923879533
    outer loop
      vertex 31.400000000 56.407121300 5.292820323
      vertex 21.800000000 61.726890461 5.372740661
      vertex 31.207055236 56.295724588 5.372740661
    endloop
  endfacet
  facet normal -0.191341716 0.331413574 0.923879533
    outer loop
      vertex 21.800000000 61.949683884 5.292820323
      vertex 12.200000000 56.407121300 5.292820323
      vertex 12.392944764 56.295724588 5.372740661
    endloop
  endfacet
  facet normal -0.191341716 0.331413574 0.923879533
    outer loop
      vertex 21.800000000 61.949683884 5.292820323
      vertex 12.392944764 56.295724588 5.372740661
      vertex 21.800000000 61.726890461 5.372740661
    endloop
  endfacet
  facet normal -0.382683432 -6.13238301e-17 0.923879533
    outer loop
      vertex 12.200000000 56.407121300 5.292820323
      vertex 12.200000000 45.321996131 5.292820323
      vertex 12.392944764 45.433392843 5.372740661
    endloop
  endfacet
  facet normal -0.382683432 -6.27051765e-17 0.923879533
    outer loop
      vertex 12.200000000 56.407121300 5.292820323
      vertex 12.392944764 45.433392843 5.372740661
      vertex 12.392944764 56.295724588 5.372740661
    endloop
  endfacet
  facet normal -0.191341716 -0.331413574 0.923879533
    outer loop
      vertex 12.200000000 45.321996131 5.292820323
      vertex 21.800000000 39.779433547 5.292820323
      vertex 21.800000000 40.002226970 5.372740661
    endloop
  endfacet
  facet normal -0.191341716 -0.331413574 0.923879533
    outer loop
      vertex 12.200000000 45.321996131 5.292820323
      vertex 21.800000000 40.002226970 5.372740661
      vertex 12.392944764 45.433392843 5.372740661
    endloop
  endfacet
  facet normal 0.191341716 -0.331413574 0.923879533
    outer loop
      vertex 21.800000000 39.779433547 5.292820323
      vertex 31.400000000 45.321996131 5.292820323
      vertex 31.207055236 45.433392843 5.372740661
    endloop
  endfacet
  facet normal 0.191341716 -0.331413574 0.923879533
    outer loop
      vertex 21.800000000 39.779433547 5.292820323
      vertex 31.207055236 45.433392843 5.372740661
      vertex 21.800000000 40.002226970 5.372740661
    endloop
  endfacet
  facet normal 0.382683432 -2.4529532e-16 0.923879533
    outer loop
      vertex 31.400000000 45.321996131 5.292820323
      vertex 31.400000000 56.407121300 5.292820323
      vertex 31.207055236 56.295724588 5.372740661
    endloop
  endfacet
  facet normal 0.382683432 -2.50056009e-16 0.923879533
    outer loop
      vertex 31.400000000 45.321996131 5.292820323
      vertex 31.207055236 56.295724588 5.372740661
      vertex 31.207055236 45.433392843 5.372740661
    endloop
  endfacet
  facet normal 0.0652630962 0.113038998 0.991444861
    outer loop
      vertex 31.207055236 56.295724588 5.372740661
      vertex 21.800000000 61.726890461 5.372740661
      vertex 21.800000000 61.487803669 5.400000000
    endloop
  endfacet
  facet normal 0.0652630962 0.113038998 0.991444861
    outer loop
      vertex 31.207055236 56.295724588 5.372740661
      vertex 21.800000000 61.487803669 5.400000000
      vertex 31.000000000 56.176181192 5.400000000
    endloop
  endfacet
  facet normal -0.0652630962 0.113038998 0.991444861
    outer loop
      vertex 21.800000000 61.726890461 5.372740661
      vertex 12.392944764 56.295724588 5.372740661
      vertex 12.600000000 56.176181192 5.400000000
    endloop
  endfacet
  facet normal -0.0652630962 0.113038998 0.991444861
    outer loop
      vertex 21.800000000 61.726890461 5.372740661
      vertex 12.600000000 56.176181192 5.400000000
      vertex 21.800000000 61.487803669 5.400000000
    endloop
  endfacet
  facet normal -0.130526192 -2.13454256e-17 0.991444861
    outer loop
      vertex 12.392944764 56.295724588 5.372740661
      vertex 12.392944764 45.433392843 5.372740661
      vertex 12.600000000 45.552936239 5.400000000
    endloop
  endfacet
  facet normal -0.130526192 -2.18934115e-17 0.991444861
    outer loop
      vertex 12.392944764 56.295724588 5.372740661
      vertex 12.600000000 45.552936239 5.400000000
      vertex 12.600000000 56.176181192 5.400000000
    endloop
  endfacet
  facet normal -0.0652630962 -0.113038998 0.991444861
    outer loop
      vertex 12.392944764 45.433392843 5.372740661
      vertex 21.800000000 40.002226970 5.372740661
      vertex 21.800000000 40.241313763 5.400000000
    endloop
  endfacet
  facet normal -0.0652630962 -0.113038998 0.991444861
    outer loop
      vertex 12.392944764 45.433392843 5.372740661
      vertex 21.800000000 40.241313763 5.400000000
      vertex 12.600000000 45.552936239 5.400000000
    endloop
  endfacet
  facet normal 0.0652630962 -0.113038998 0.991444861
    outer loop
      vertex 21.800000000 40.002226970 5.372740661
      vertex 31.207055236 45.433392843 5.372740661
      vertex 31.000000000 45.552936239 5.400000000
    endloop
  endfacet
  facet normal 0.0652630962 -0.113038998 0.991444861
    outer loop
      vertex 21.800000000 40.002226970 5.372740661
      vertex 31.000000000 45.552936239 5.400000000
      vertex 21.800000000 40.241313763 5.400000000
    endloop
  endfacet
  facet normal 0.130526192 -8.53817026e-17 0.991444861
    outer loop
      vertex 31.207055236 45.433392843 5.372740661
      vertex 31.207055236 56.295724588 5.372740661
      vertex 31.000000000 56.176181192 5.400000000
    endloop
  endfacet
  facet normal 0.130526192 -8.71826923e-17 0.991444861
    outer loop
      vertex 31.207055236 45.433392843 5.372740661
      vertex 31.000000000 56.176181192 5.400000000
      vertex 31.000000000 45.552936239 5.400000000
    endloop
  endfacet
  facet normal 0 0 1
    outer loop
      vertex 31.000000000 56.176181192 5.400000000
      vertex 21.800000000 61.487803669 5.400000000
      vertex 12.600000000 56.176181192 5.400000000
    endloop
  endfacet
  facet normal 0 0 1
    outer loop
      vertex 31.000000000 56.176181192 5.400000000
      vertex 12.600000000 56.176181192 5.400000000
      vertex 12.600000000 45.552936239 5.400000000
    endloop
  endfacet
  facet normal 0 0 1
    outer loop
      vertex 31.000000000 56.176181192 5.400000000
      vertex 12.600000000 45.552936239 5.400000000
      vertex 21.800000000 40.241313763 5.400000000
    endloop
  endfacet
  facet normal 0 0 1
    outer loop
      vertex 31.000000000 56.176181192 5.400000000
      vertex 21.800000000 40.241313763 5.400000000
      vertex 31.000000000 45.552936239 5.400000000
    endloop
  endfacet
  facet normal 0 0 -1
    outer loop
      vertex 119.000000000 56.638061408 3.000000000
      vertex 99.000000000 56.638061408 3.000000000
      vertex 109.000000000 62.411564099 3.000000000
    endloop
  endfacet
  facet normal -0 0 -1
    outer loop
      vertex 119.000000000 56.638061408 3.000000000
      vertex 99.000000000 45.091056024 3.000000000
      vertex 99.000000000 56.638061408 3.000000000
    endloop
  endfacet
  facet normal 0 0 -1
    outer loop
      vertex 119.000000000 56.638061408 3.000000000
      vertex 109.000000000 39.317553332 3.000000000
      vertex 99.000000000 45.091056024 3.000000000
    endloop
  endfacet
  facet normal 0 0 -1
    outer loop
      vertex 119.000000000 56.638061408 3.000000000
      vertex 119.000000000 45.091056024 3.000000000
      vertex 109.000000000 39.317553332 3.000000000
    endloop
  endfacet
  facet normal 0.5 0.866025404 0
    outer loop
      vertex 119.000000000 56.638061408 3.000000000
      vertex 109.000000000 62.411564099 3.000000000
      vertex 109.000000000 62.411564099 4.600000000
    endloop
  endfacet
  facet normal 0.5 0.866025404 -0
    outer loop
      vertex 119.000000000 56.638061408 3.000000000
      vertex 109.000000000 62.411564099 4.600000000
      vertex 119.000000000 56.638061408 4.600000000
    endloop
  endfacet
  facet normal -0.5 0.866025404 0
    outer loop
      vertex 109.000000000 62.411564099 3.000000000
      vertex 99.000000000 56.638061408 3.000000000
      vertex 99.000000000 56.638061408 4.600000000
    endloop
  endfacet
  facet normal -0.5 0.866025404 0
    outer loop
      vertex 109.000000000 62.411564099 3.000000000
      vertex 99.000000000 56.638061408 4.600000000
      vertex 109.000000000 62.411564099 4.600000000
    endloop
  endfacet
  facet normal -1 0 0
    outer loop
      vertex 99.000000000 56.638061408 3.000000000
      vertex 99.000000000 45.091056024 3.000000000
      vertex 99.000000000 45.091056024 4.600000000
    endloop
  endfacet
  facet normal -1 0 0
    outer loop
      vertex 99.000000000 56.638061408 3.000000000
      vertex 99.000000000 45.091056024 4.600000000
      vertex 99.000000000 56.638061408 4.600000000
    endloop
  endfacet
  facet normal -0.5 -0.866025404 0
    outer loop
      vertex 99.000000000 45.091056024 3.000000000
      vertex 109.000000000 39.317553332 3.000000000
      vertex 109.000000000 39.317553332 4.600000000
    endloop
  endfacet
  facet normal -0.5 -0.866025404 0
    outer loop
      vertex 99.000000000 45.091056024 3.000000000
      vertex 109.000000000 39.317553332 4.600000000
      vertex 99.000000000 45.091056024 4.600000000
    endloop
  endfacet
  facet normal 0.5 -0.866025404 0
    outer loop
      vertex 109.000000000 39.317553332 3.000000000
      vertex 119.000000000 45.091056024 3.000000000
      vertex 119.000000000 45.091056024 4.600000000
    endloop
  endfacet
  facet normal 0.5 -0.866025404 0
    outer loop
      vertex 109.000000000 39.317553332 3.000000000
      vertex 119.000000000 45.091056024 4.600000000
      vertex 109.000000000 39.317553332 4.600000000
    endloop
  endfacet
  facet normal 1 -2.46139224e-15 0
    outer loop
      vertex 119.000000000 45.091056024 3.000000000
      vertex 119.000000000 56.638061408 3.000000000
      vertex 119.000000000 56.638061408 4.600000000
    endloop
  endfacet
  facet normal 1 -2.46139224e-15 0
    outer loop
      vertex 119.000000000 45.091056024 3.000000000
      vertex 119.000000000 56.638061408 4.600000000
      vertex 119.000000000 45.091056024 4.600000000
    endloop
  endfacet
  facet normal 0.495722431 0.858616436 0.130526192
    outer loop
      vertex 119.000000000 56.638061408 4.600000000
      vertex 109.000000000 62.411564099 4.600000000
      vertex 109.000000000 62.380087726 4.807055236
    endloop
  endfacet
  facet normal 0.495722431 0.858616436 0.130526192
    outer loop
      vertex 119.000000000 56.638061408 4.600000000
      vertex 109.000000000 62.380087726 4.807055236
      vertex 118.972740661 56.622323221 4.807055236
    endloop
  endfacet
  facet normal -0.495722431 0.858616436 0.130526192
    outer loop
      vertex 109.000000000 62.411564099 4.600000000
      vertex 99.000000000 56.638061408 4.600000000
      vertex 99.027259339 56.622323221 4.807055236
    endloop
  endfacet
  facet normal -0.495722431 0.858616436 0.130526192
    outer loop
      vertex 109.000000000 62.411564099 4.600000000
      vertex 99.027259339 56.622323221 4.807055236
      vertex 109.000000000 62.380087726 4.807055236
    endloop
  endfacet
  facet normal -0.991444861 0 0.130526192
    outer loop
      vertex 99.000000000 56.638061408 4.600000000
      vertex 99.000000000 45.091056024 4.600000000
      vertex 99.027259339 45.106794210 4.807055236
    endloop
  endfacet
  facet normal -0.991444861 0 0.130526192
    outer loop
      vertex 99.000000000 56.638061408 4.600000000
      vertex 99.027259339 45.106794210 4.807055236
      vertex 99.027259339 56.622323221 4.807055236
    endloop
  endfacet
  facet normal -0.495722431 -0.858616436 0.130526192
    outer loop
      vertex 99.000000000 45.091056024 4.600000000
      vertex 109.000000000 39.317553332 4.600000000
      vertex 109.000000000 39.349029705 4.807055236
    endloop
  endfacet
  facet normal -0.495722431 -0.858616436 0.130526192
    outer loop
      vertex 99.000000000 45.091056024 4.600000000
      vertex 109.000000000 39.349029705 4.807055236
      vertex 99.027259339 45.106794210 4.807055236
    endloop
  endfacet
  facet normal 0.495722431 -0.858616436 0.130526192
    outer loop
      vertex 109.000000000 39.317553332 4.600000000
      vertex 119.000000000 45.091056024 4.600000000
      vertex 118.972740661 45.106794210 4.807055236
    endloop
  endfacet
  facet normal 0.495722431 -0.858616436 0.130526192
    outer loop
      vertex 109.000000000 39.317553332 4.600000000
      vertex 118.972740661 45.106794210 4.807055236
      vertex 109.000000000 39.349029705 4.807055236
    endloop
  endfacet
  facet normal 0.991444861 -2.44033469e-15 0.130526192
    outer loop
      vertex 119.000000000 45.091056024 4.600000000
      vertex 119.000000000 56.638061408 4.600000000
      vertex 118.972740661 56.622323221 4.807055236
    endloop
  endfacet
  facet normal 0.991444861 -2.44672159e-15 0.130526192
    outer loop
      vertex 119.000000000 45.091056024 4.600000000
      vertex 118.972740661 56.622323221 4.807055236
      vertex 118.972740661 45.106794210 4.807055236
    endloop
  endfacet
  facet normal 0.461939766 0.800103145 0.382683432
    outer loop
      vertex 118.972740661 56.622323221 4.807055236
      vertex 109.000000000 62.380087726 4.807055236
      vertex 109.000000000 62.287803669 5.000000000
    endloop
  endfacet
  facet normal 0.461939766 0.800103145 0.382683432
    outer loop
      vertex 118.972740661 56.622323221 4.807055236
      vertex 109.000000000 62.287803669 5.000000000
      vertex 118.892820323 56.576181192 5.000000000
    endloop
  endfacet
  facet normal -0.461939766 0.800103145 0.382683432
    outer loop
      vertex 109.000000000 62.380087726 4.807055236
      vertex 99.027259339 56.622323221 4.807055236
      vertex 99.107179677 56.576181192 5.000000000
    endloop
  endfacet
  facet normal -0.461939766 0.800103145 0.382683432
    outer loop
      vertex 109.000000000 62.380087726 4.807055236
      vertex 99.107179677 56.576181192 5.000000000
      vertex 109.000000000 62.287803669 5.000000000
    endloop
  endfacet
  facet normal -0.923879533 0 0.382683432
    outer loop
      vertex 99.027259339 56.622323221 4.807055236
      vertex 99.027259339 45.106794210 4.807055236
      vertex 99.107179677 45.152936239 5.000000000
    endloop
  endfacet
  facet normal -0.923879533 0 0.382683432
    outer loop
      vertex 99.027259339 56.622323221 4.807055236
      vertex 99.107179677 45.152936239 5.000000000
      vertex 99.107179677 56.576181192 5.000000000
    endloop
  endfacet
  facet normal -0.461939766 -0.800103145 0.382683432
    outer loop
      vertex 99.027259339 45.106794210 4.807055236
      vertex 109.000000000 39.349029705 4.807055236
      vertex 109.000000000 39.441313763 5.000000000
    endloop
  endfacet
  facet normal -0.461939766 -0.800103145 0.382683432
    outer loop
      vertex 99.027259339 45.106794210 4.807055236
      vertex 109.000000000 39.441313763 5.000000000
      vertex 99.107179677 45.152936239 5.000000000
    endloop
  endfacet
  facet normal 0.461939766 -0.800103145 0.382683432
    outer loop
      vertex 109.000000000 39.349029705 4.807055236
      vertex 118.972740661 45.106794210 4.807055236
      vertex 118.892820323 45.152936239 5.000000000
    endloop
  endfacet
  facet normal 0.461939766 -0.800103145 0.382683432
    outer loop
      vertex 109.000000000 39.349029705 4.807055236
      vertex 118.892820323 45.152936239 5.000000000
      vertex 109.000000000 39.441313763 5.000000000
    endloop
  endfacet
  facet normal 0.923879533 -2.28024571e-15 0.382683432
    outer loop
      vertex 118.972740661 45.106794210 4.807055236
      vertex 118.972740661 56.622323221 4.807055236
      vertex 118.892820323 56.576181192 5.000000000
    endloop
  endfacet
  facet normal 0.923879533 -2.29851642e-15 0.382683432
    outer loop
      vertex 118.972740661 45.106794210 4.807055236
      vertex 118.892820323 56.576181192 5.000000000
      vertex 118.892820323 45.152936239 5.000000000
    endloop
  endfacet
  facet normal 0.39667667 0.687064147 0.608761429
    outer loop
      vertex 118.892820323 56.576181192 5.000000000
      vertex 109.000000000 62.287803669 5.000000000
      vertex 109.000000000 62.141000933 5.165685425
    endloop
  endfacet
  facet normal 0.39667667 0.687064147 0.608761429
    outer loop
      vertex 118.892820323 56.576181192 5.000000000
      vertex 109.000000000 62.141000933 5.165685425
      vertex 118.765685425 56.502779825 5.165685425
    endloop
  endfacet
  facet normal -0.39667667 0.687064147 0.608761429
    outer loop
      vertex 109.000000000 62.287803669 5.000000000
      vertex 99.107179677 56.576181192 5.000000000
      vertex 99.234314575 56.502779825 5.165685425
    endloop
  endfacet
  facet normal -0.39667667 0.687064147 0.608761429
    outer loop
      vertex 109.000000000 62.287803669 5.000000000
      vertex 99.234314575 56.502779825 5.165685425
      vertex 109.000000000 62.141000933 5.165685425
    endloop
  endfacet
  facet normal -0.79335334 0 0.608761429
    outer loop
      vertex 99.107179677 56.576181192 5.000000000
      vertex 99.107179677 45.152936239 5.000000000
      vertex 99.234314575 45.226337607 5.165685425
    endloop
  endfacet
  facet normal -0.79335334 0 0.608761429
    outer loop
      vertex 99.107179677 56.576181192 5.000000000
      vertex 99.234314575 45.226337607 5.165685425
      vertex 99.234314575 56.502779825 5.165685425
    endloop
  endfacet
  facet normal -0.39667667 -0.687064147 0.608761429
    outer loop
      vertex 99.107179677 45.152936239 5.000000000
      vertex 109.000000000 39.441313763 5.000000000
      vertex 109.000000000 39.588116498 5.165685425
    endloop
  endfacet
  facet normal -0.39667667 -0.687064147 0.608761429
    outer loop
      vertex 99.107179677 45.152936239 5.000000000
      vertex 109.000000000 39.588116498 5.165685425
      vertex 99.234314575 45.226337607 5.165685425
    endloop
  endfacet
  facet normal 0.39667667 -0.687064147 0.608761429
    outer loop
      vertex 109.000000000 39.441313763 5.000000000
      vertex 118.892820323 45.152936239 5.000000000
      vertex 118.765685425 45.226337607 5.165685425
    endloop
  endfacet
  facet normal 0.39667667 -0.687064147 0.608761429
    outer loop
      vertex 109.000000000 39.441313763 5.000000000
      vertex 118.765685425 45.226337607 5.165685425
      vertex 109.000000000 39.588116498 5.165685425
    endloop
  endfacet
  facet normal 0.79335334 -1.97391006e-15 0.608761429
    outer loop
      vertex 118.892820323 45.152936239 5.000000000
      vertex 118.892820323 56.576181192 5.000000000
      vertex 118.765685425 56.502779825 5.165685425
    endloop
  endfacet
  facet normal 0.79335334 -1.99917287e-15 0.608761429
    outer loop
      vertex 118.892820323 45.152936239 5.000000000
      vertex 118.765685425 56.502779825 5.165685425
      vertex 118.765685425 45.226337607 5.165685425
    endloop
  endfacet
  facet normal 0.304380714 0.527202862 0.79335334
    outer loop
      vertex 118.765685425 56.502779825 5.165685425
      vertex 109.000000000 62.141000933 5.165685425
      vertex 109.000000000 61.949683884 5.292820323
    endloop
  endfacet
  facet normal 0.304380714 0.527202862 0.79335334
    outer loop
      vertex 118.765685425 56.502779825 5.165685425
      vertex 109.000000000 61.949683884 5.292820323
      vertex 118.600000000 56.407121300 5.292820323
    endloop
  endfacet
  facet normal -0.304380714 0.527202862 0.79335334
    outer loop
      vertex 109.000000000 62.141000933 5.165685425
      vertex 99.234314575 56.502779825 5.165685425
      vertex 99.400000000 56.407121300 5.292820323
    endloop
  endfacet
  facet normal -0.304380714 0.527202862 0.79335334
    outer loop
      vertex 109.000000000 62.141000933 5.165685425
      vertex 99.400000000 56.407121300 5.292820323
      vertex 109.000000000 61.949683884 5.292820323
    endloop
  endfacet
  facet normal -0.608761429 0 0.79335334
    outer loop
      vertex 99.234314575 56.502779825 5.165685425
      vertex 99.234314575 45.226337607 5.165685425
      vertex 99.400000000 45.321996131 5.292820323
    endloop
  endfacet
  facet normal -0.608761429 0 0.79335334
    outer loop
      vertex 99.234314575 56.502779825 5.165685425
      vertex 99.400000000 45.321996131 5.292820323
      vertex 99.400000000 56.407121300 5.292820323
    endloop
  endfacet
  facet normal -0.304380714 -0.527202862 0.79335334
    outer loop
      vertex 99.234314575 45.226337607 5.165685425
      vertex 109.000000000 39.588116498 5.165685425
      vertex 109.000000000 39.779433547 5.292820323
    endloop
  endfacet
  facet normal -0.304380714 -0.527202862 0.79335334
    outer loop
      vertex 99.234314575 45.226337607 5.165685425
      vertex 109.000000000 39.779433547 5.292820323
      vertex 99.400000000 45.321996131 5.292820323
    endloop
  endfacet
  facet normal 0.304380714 -0.527202862 0.79335334
    outer loop
      vertex 109.000000000 39.588116498 5.165685425
      vertex 118.765685425 45.226337607 5.165685425
      vertex 118.600000000 45.321996131 5.292820323
    endloop
  endfacet
  facet normal 0.304380714 -0.527202862 0.79335334
    outer loop
      vertex 109.000000000 39.588116498 5.165685425
      vertex 118.600000000 45.321996131 5.292820323
      vertex 109.000000000 39.779433547 5.292820323
    endloop
  endfacet
  facet normal 0.608761429 -1.53435278e-15 0.79335334
    outer loop
      vertex 118.765685425 45.226337607 5.165685425
      vertex 118.765685425 56.502779825 5.165685425
      vertex 118.600000000 56.407121300 5.292820323
    endloop
  endfacet
  facet normal 0.608761429 -1.5615997e-15 0.79335334
    outer loop
      vertex 118.765685425 45.226337607 5.165685425
      vertex 118.600000000 56.407121300 5.292820323
      vertex 118.600000000 45.321996131 5.292820323
    endloop
  endfacet
  facet normal 0.191341716 0.331413574 0.923879533
    outer loop
      vertex 118.600000000 56.407121300 5.292820323
      vertex 109.000000000 61.949683884 5.292820323
      vertex 109.000000000 61.726890461 5.372740661
    endloop
  endfacet
  facet normal 0.191341716 0.331413574 0.923879533
    outer loop
      vertex 118.600000000 56.407121300 5.292820323
      vertex 109.000000000 61.726890461 5.372740661
      vertex 118.407055236 56.295724588 5.372740661
    endloop
  endfacet
  facet normal -0.191341716 0.331413574 0.923879533
    outer loop
      vertex 109.000000000 61.949683884 5.292820323
      vertex 99.400000000 56.407121300 5.292820323
      vertex 99.592944764 56.295724588 5.372740661
    endloop
  endfacet
  facet normal -0.191341716 0.331413574 0.923879533
    outer loop
      vertex 109.000000000 61.949683884 5.292820323
      vertex 99.592944764 56.295724588 5.372740661
      vertex 109.000000000 61.726890461 5.372740661
    endloop
  endfacet
  facet normal -0.382683432 0 0.923879533
    outer loop
      vertex 99.400000000 56.407121300 5.292820323
      vertex 99.400000000 45.321996131 5.292820323
      vertex 99.592944764 45.433392843 5.372740661
    endloop
  endfacet
  facet normal -0.382683432 0 0.923879533
    outer loop
      vertex 99.400000000 56.407121300 5.292820323
      vertex 99.592944764 45.433392843 5.372740661
      vertex 99.592944764 56.295724588 5.372740661
    endloop
  endfacet
  facet normal -0.191341716 -0.331413574 0.923879533
    outer loop
      vertex 99.400000000 45.321996131 5.292820323
      vertex 109.000000000 39.779433547 5.292820323
      vertex 109.000000000 40.002226970 5.372740661
    endloop
  endfacet
  facet normal -0.191341716 -0.331413574 0.923879533
    outer loop
      vertex 99.400000000 45.321996131 5.292820323
      vertex 109.000000000 40.002226970 5.372740661
      vertex 99.592944764 45.433392843 5.372740661
    endloop
  endfacet
  facet normal 0.191341716 -0.331413574 0.923879533
    outer loop
      vertex 109.000000000 39.779433547 5.292820323
      vertex 118.600000000 45.321996131 5.292820323
      vertex 118.407055236 45.433392843 5.372740661
    endloop
  endfacet
  facet normal 0.191341716 -0.331413574 0.923879533
    outer loop
      vertex 109.000000000 39.779433547 5.292820323
      vertex 118.407055236 45.433392843 5.372740661
      vertex 109.000000000 40.002226970 5.372740661
    endloop
  endfacet
  facet normal 0.382683432 -9.81181281e-16 0.923879533
    outer loop
      vertex 118.600000000 45.321996131 5.292820323
      vertex 118.600000000 56.407121300 5.292820323
      vertex 118.407055236 56.295724588 5.372740661
    endloop
  endfacet
  facet normal 0.382683432 -1.00175343e-15 0.923879533
    outer loop
      vertex 118.600000000 45.321996131 5.292820323
      vertex 118.407055236 56.295724588 5.372740661
      vertex 118.407055236 45.433392843 5.372740661
    endloop
  endfacet
  facet normal 0.0652630962 0.113038998 0.991444861
    outer loop
      vertex 118.407055236 56.295724588 5.372740661
      vertex 109.000000000 61.726890461 5.372740661
      vertex 109.000000000 61.487803669 5.400000000
    endloop
  endfacet
  facet normal 0.0652630962 0.113038998 0.991444861
    outer loop
      vertex 118.407055236 56.295724588 5.372740661
      vertex 109.000000000 61.487803669 5.400000000
      vertex 118.200000000 56.176181192 5.400000000
    endloop
  endfacet
  facet normal -0.0652630962 0.113038998 0.991444861
    outer loop
      vertex 109.000000000 61.726890461 5.372740661
      vertex 99.592944764 56.295724588 5.372740661
      vertex 99.800000000 56.176181192 5.400000000
    endloop
  endfacet
  facet normal -0.0652630962 0.113038998 0.991444861
    outer loop
      vertex 109.000000000 61.726890461 5.372740661
      vertex 99.800000000 56.176181192 5.400000000
      vertex 109.000000000 61.487803669 5.400000000
    endloop
  endfacet
  facet normal -0.130526192 0 0.991444861
    outer loop
      vertex 99.592944764 56.295724588 5.372740661
      vertex 99.592944764 45.433392843 5.372740661
      vertex 99.800000000 45.552936239 5.400000000
    endloop
  endfacet
  facet normal -0.130526192 0 0.991444861
    outer loop
      vertex 99.592944764 56.295724588 5.372740661
      vertex 99.800000000 45.552936239 5.400000000
      vertex 99.800000000 56.176181192 5.400000000
    endloop
  endfacet
  facet normal -0.0652630962 -0.113038998 0.991444861
    outer loop
      vertex 99.592944764 45.433392843 5.372740661
      vertex 109.000000000 40.002226970 5.372740661
      vertex 109.000000000 40.241313763 5.400000000
    endloop
  endfacet
  facet normal -0.0652630962 -0.113038998 0.991444861
    outer loop
      vertex 99.592944764 45.433392843 5.372740661
      vertex 109.000000000 40.241313763 5.400000000
      vertex 99.800000000 45.552936239 5.400000000
    endloop
  endfacet
  facet normal 0.0652630962 -0.113038998 0.991444861
    outer loop
      vertex 109.000000000 40.002226970 5.372740661
      vertex 118.407055236 45.433392843 5.372740661
      vertex 118.200000000 45.552936239 5.400000000
    endloop
  endfacet
  facet normal 0.0652630962 -0.113038998 0.991444861
    outer loop
      vertex 109.000000000 40.002226970 5.372740661
      vertex 118.200000000 45.552936239 5.400000000
      vertex 109.000000000 40.241313763 5.400000000
    endloop
  endfacet
  facet normal 0.130526192 -3.4152681e-16 0.991444861
    outer loop
      vertex 118.407055236 45.433392843 5.372740661
      vertex 118.407055236 56.295724588 5.372740661
      vertex 118.200000000 56.176181192 5.400000000
    endloop
  endfacet
  facet normal 0.130526192 -3.49121723e-16 0.991444861
    outer loop
      vertex 118.407055236 45.433392843 5.372740661
      vertex 118.200000000 56.176181192 5.400000000
      vertex 118.200000000 45.552936239 5.400000000
    endloop
  endfacet
  facet normal 0 0 1
    outer loop
      vertex 118.200000000 56.176181192 5.400000000
      vertex 109.000000000 61.487803669 5.400000000
      vertex 99.800000000 56.176181192 5.400000000
    endloop
  endfacet
  facet normal 0 0 1
    outer loop
      vertex 118.200000000 56.176181192 5.400000000
      vertex 99.800000000 56.176181192 5.400000000
      vertex 99.800000000 45.552936239 5.400000000
    endloop
  endfacet
  facet normal 0 0 1
    outer loop
      vertex 118.200000000 56.176181192 5.400000000
      vertex 99.800000000 45.552936239 5.400000000
      vertex 109.000000000 40.241313763 5.400000000
    endloop
  endfacet
  facet normal 0 0 1
    outer loop
      vertex 118.200000000 56.176181192 5.400000000
      vertex 109.000000000 40.241313763 5.400000000
      vertex 118.200000000 45.552936239 5.400000000
    endloop
  endfacet
  facet normal 0 0 -1
    outer loop
      vertex 129.900000000 56.638061407 3.000000000
      vertex 120.800000000 56.638061408 3.000000000
      vertex 129.900000000 61.891948857 3.000000000
    endloop
  endfacet
  facet normal -0 0 -1
    outer loop
      vertex 129.900000000 50.344943473 3.000000000
      vertex 120.800000000 45.091056024 3.000000000
      vertex 120.800000000 56.638061408 3.000000000
    endloop
  endfacet
  facet normal 0 0 -1
    outer loop
      vertex 129.900000000 50.344943473 3.000000000
      vertex 120.800000000 56.638061408 3.000000000
      vertex 129.900000000 56.638061407 3.000000000
    endloop
  endfacet
  facet normal 0 0 -1
    outer loop
      vertex 129.900000000 39.837168574 3.000000000
      vertex 120.800000000 45.091056024 3.000000000
      vertex 129.900000000 50.344943473 3.000000000
    endloop
  endfacet
  facet normal -0.5 0.866025404 0
    outer loop
      vertex 129.900000000 61.891948857 3.000000000
      vertex 120.800000000 56.638061408 3.000000000
      vertex 120.800000000 56.638061408 4.600000000
    endloop
  endfacet
  facet normal -0.5 0.866025404 0
    outer loop
      vertex 129.900000000 61.891948857 3.000000000
      vertex 120.800000000 56.638061408 4.600000000
      vertex 129.900000000 61.891948857 3.144000000
    endloop
  endfacet
  facet normal -0.5 0.866025404 0
    outer loop
      vertex 129.900000000 61.891948857 3.144000000
      vertex 120.800000000 56.638061408 4.600000000
      vertex 129.900000000 61.891948857 4.600000000
    endloop
  endfacet
  facet normal -1 0 0
    outer loop
      vertex 120.800000000 56.638061408 3.000000000
      vertex 120.800000000 45.091056024 3.000000000
      vertex 120.800000000 45.091056024 4.600000000
    endloop
  endfacet
  facet normal -1 0 0
    outer loop
      vertex 120.800000000 56.638061408 3.000000000
      vertex 120.800000000 45.091056024 4.600000000
      vertex 120.800000000 56.638061408 4.600000000
    endloop
  endfacet
  facet normal -0.5 -0.866025404 0
    outer loop
      vertex 120.800000000 45.091056024 3.000000000
      vertex 129.900000000 39.837168574 3.000000000
      vertex 129.900000000 39.837168574 4.456000000
    endloop
  endfacet
  facet normal -0.5 -0.866025404 0
    outer loop
      vertex 120.800000000 45.091056024 3.000000000
      vertex 129.900000000 39.837168574 4.456000000
      vertex 129.900000000 39.837168574 4.600000000
    endloop
  endfacet
  facet normal -0.5 -0.866025404 0
    outer loop
      vertex 120.800000000 45.091056024 3.000000000
      vertex 129.900000000 39.837168574 4.600000000
      vertex 120.800000000 45.091056024 4.600000000
    endloop
  endfacet
  facet normal -0.495722431 0.858616436 0.130526192
    outer loop
      vertex 129.900000000 61.891948857 4.600000000
      vertex 120.800000000 56.638061408 4.600000000
      vertex 120.827259339 56.622323221 4.807055236
    endloop
  endfacet
  facet normal -0.495722431 0.858616437 0.13052619
    outer loop
      vertex 129.900000000 61.891948857 4.600000000
      vertex 120.827259339 56.622323221 4.807055236
      vertex 129.900000000 61.889108240 4.618685908
    endloop
  endfacet
  facet normal -0.495722431 0.858616436 0.130526193
    outer loop
      vertex 129.900000000 61.889108240 4.618685908
      vertex 120.827259339 56.622323221 4.807055236
      vertex 129.900000000 61.860472484 4.807055236
    endloop
  endfacet
  facet normal -0.991444861 0 0.130526192
    outer loop
      vertex 120.800000000 56.638061408 4.600000000
      vertex 120.800000000 45.091056024 4.600000000
      vertex 120.827259339 45.106794210 4.807055236
    endloop
  endfacet
  facet normal -0.991444861 0 0.130526192
    outer loop
      vertex 120.800000000 56.638061408 4.600000000
      vertex 120.827259339 45.106794210 4.807055236
      vertex 120.827259339 56.622323221 4.807055236
    endloop
  endfacet
  facet normal -0.495722431 -0.858616436 0.130526192
    outer loop
      vertex 120.800000000 45.091056024 4.600000000
      vertex 129.900000000 39.837168574 4.600000000
      vertex 129.900000000 39.865812074 4.788420265
    endloop
  endfacet
  facet normal -0.495722431 -0.858616436 0.130526192
    outer loop
      vertex 120.800000000 45.091056024 4.600000000
      vertex 129.900000000 39.865812074 4.788420265
      vertex 129.900000000 39.868644948 4.807055236
    endloop
  endfacet
  facet normal -0.495722431 -0.858616436 0.130526192
    outer loop
      vertex 120.800000000 45.091056024 4.600000000
      vertex 129.900000000 39.868644948 4.807055236
      vertex 120.827259339 45.106794210 4.807055236
    endloop
  endfacet
  facet normal -0.461939766 0.800103145 0.382683432
    outer loop
      vertex 129.900000000 61.860472484 4.807055236
      vertex 120.827259339 56.622323221 4.807055236
      vertex 120.907179677 56.576181192 5.000000000
    endloop
  endfacet
  facet normal -0.461939767 0.800103146 0.382683429
    outer loop
      vertex 129.900000000 61.860472484 4.807055236
      vertex 120.907179677 56.576181192 5.000000000
      vertex 129.900000000 61.852076935 4.824608399
    endloop
  endfacet
  facet normal -0.461939766 0.800103145 0.382683432
    outer loop
      vertex 129.900000000 61.852076935 4.824608399
      vertex 120.907179677 56.576181192 5.000000000
      vertex 129.900000000 61.768188426 5.000000000
    endloop
  endfacet
  facet normal -0.923879533 0 0.382683432
    outer loop
      vertex 120.827259339 56.622323221 4.807055236
      vertex 120.827259339 45.106794210 4.807055236
      vertex 120.907179677 45.152936239 5.000000000
    endloop
  endfacet
  facet normal -0.923879533 0 0.382683432
    outer loop
      vertex 120.827259339 56.622323221 4.807055236
      vertex 120.907179677 45.152936239 5.000000000
      vertex 120.907179677 56.576181192 5.000000000
    endloop
  endfacet
  facet normal -0.461939766 -0.800103145 0.382683432
    outer loop
      vertex 120.827259339 45.106794210 4.807055236
      vertex 129.900000000 39.868644948 4.807055236
      vertex 129.900000000 39.952600737 4.982587506
    endloop
  endfacet
  facet normal -0.461939766 -0.800103145 0.382683433
    outer loop
      vertex 120.827259339 45.106794210 4.807055236
      vertex 129.900000000 39.952600737 4.982587506
      vertex 129.900000000 39.960929005 5.000000000
    endloop
  endfacet
  facet normal -0.461939766 -0.800103145 0.382683432
    outer loop
      vertex 120.827259339 45.106794210 4.807055236
      vertex 129.900000000 39.960929005 5.000000000
      vertex 120.907179677 45.152936239 5.000000000
    endloop
  endfacet
  facet normal -0.39667667 0.687064147 0.608761429
    outer loop
      vertex 129.900000000 61.768188426 5.000000000
      vertex 120.907179677 56.576181192 5.000000000
      vertex 121.034314575 56.502779825 5.165685425
    endloop
  endfacet
  facet normal -0.396676671 0.687064148 0.608761427
    outer loop
      vertex 129.900000000 61.768188426 5.000000000
      vertex 121.034314575 56.502779825 5.165685425
      vertex 129.900000000 61.754659170 5.015269474
    endloop
  endfacet
  facet normal -0.39667667 0.687064147 0.608761429
    outer loop
      vertex 129.900000000 61.754659170 5.015269474
      vertex 121.034314575 56.502779825 5.165685425
      vertex 129.900000000 61.621385691 5.165685425
    endloop
  endfacet
  facet normal -0.79335334 0 0.608761429
    outer loop
      vertex 120.907179677 56.576181192 5.000000000
      vertex 120.907179677 45.152936239 5.000000000
      vertex 121.034314575 45.226337607 5.165685425
    endloop
  endfacet
  facet normal -0.79335334 0 0.608761429
    outer loop
      vertex 120.907179677 56.576181192 5.000000000
      vertex 121.034314575 45.226337607 5.165685425
      vertex 121.034314575 56.502779825 5.165685425
    endloop
  endfacet
  facet normal -0.39667667 -0.687064147 0.608761429
    outer loop
      vertex 120.907179677 45.152936239 5.000000000
      vertex 129.900000000 39.960929005 5.000000000
      vertex 129.900000000 40.094376351 5.150612182
    endloop
  endfacet
  facet normal -0.39667667 -0.687064147 0.608761428
    outer loop
      vertex 120.907179677 45.152936239 5.000000000
      vertex 129.900000000 40.094376351 5.150612182
      vertex 129.900000000 40.107731740 5.165685425
    endloop
  endfacet
  facet normal -0.39667667 -0.687064147 0.608761429
    outer loop
      vertex 120.907179677 45.152936239 5.000000000
      vertex 129.900000000 40.107731740 5.165685425
      vertex 121.034314575 45.226337607 5.165685425
    endloop
  endfacet
  facet normal -0.304380714 0.527202862 0.79335334
    outer loop
      vertex 129.900000000 61.621385691 5.165685425
      vertex 121.034314575 56.502779825 5.165685425
      vertex 121.200000000 56.407121300 5.292820323
    endloop
  endfacet
  facet normal -0.304380714 0.527202862 0.79335334
    outer loop
      vertex 129.900000000 61.621385691 5.165685425
      vertex 121.200000000 56.407121300 5.292820323
      vertex 129.900000000 61.603449718 5.177604322
    endloop
  endfacet
  facet normal -0.304380714 0.527202862 0.79335334
    outer loop
      vertex 129.900000000 61.603449718 5.177604322
      vertex 121.200000000 56.407121300 5.292820323
      vertex 129.900000000 61.430068642 5.292820323
    endloop
  endfacet
  facet normal -0.608761429 0 0.79335334
    outer loop
      vertex 121.034314575 56.502779825 5.165685425
      vertex 121.034314575 45.226337607 5.165685425
      vertex 121.200000000 45.321996131 5.292820323
    endloop
  endfacet
  facet normal -0.608761429 0 0.79335334
    outer loop
      vertex 121.034314575 56.502779825 5.165685425
      vertex 121.200000000 45.321996131 5.292820323
      vertex 121.200000000 56.407121300 5.292820323
    endloop
  endfacet
  facet normal -0.304380714 -0.527202862 0.793353341
    outer loop
      vertex 121.034314575 45.226337607 5.165685425
      vertex 129.900000000 40.107731740 5.165685425
      vertex 129.900000000 40.281417119 5.281103643
    endloop
  endfacet
  facet normal -0.304380715 -0.527202864 0.793353339
    outer loop
      vertex 121.034314575 45.226337607 5.165685425
      vertex 129.900000000 40.281417119 5.281103643
      vertex 129.900000000 40.299048789 5.292820323
    endloop
  endfacet
  facet normal -0.304380714 -0.527202862 0.79335334
    outer loop
      vertex 121.034314575 45.226337607 5.165685425
      vertex 129.900000000 40.299048789 5.292820323
      vertex 121.200000000 45.321996131 5.292820323
    endloop
  endfacet
  facet normal -0.191341716 0.331413574 0.923879533
    outer loop
      vertex 129.900000000 61.430068642 5.292820323
      vertex 121.200000000 56.407121300 5.292820323
      vertex 121.392944764 56.295724588 5.372740661
    endloop
  endfacet
  facet normal -0.191341715 0.331413573 0.923879533
    outer loop
      vertex 129.900000000 61.430068642 5.292820323
      vertex 121.392944764 56.295724588 5.372740661
      vertex 129.900000000 61.408753355 5.300466531
    endloop
  endfacet
  facet normal -0.191341716 0.331413574 0.923879532
    outer loop
      vertex 129.900000000 61.408753355 5.300466531
      vertex 121.392944764 56.295724588 5.372740661
      vertex 129.900000000 61.207275219 5.372740661
    endloop
  endfacet
  facet normal -0.382683432 0 0.923879533
    outer loop
      vertex 121.200000000 56.407121300 5.292820323
      vertex 121.200000000 45.321996131 5.292820323
      vertex 121.392944764 45.433392843 5.372740661
    endloop
  endfacet
  facet normal -0.382683432 0 0.923879533
    outer loop
      vertex 121.200000000 56.407121300 5.292820323
      vertex 121.392944764 45.433392843 5.372740661
      vertex 121.392944764 56.295724588 5.372740661
    endloop
  endfacet
  facet normal -0.191341716 -0.331413574 0.923879533
    outer loop
      vertex 121.200000000 45.321996131 5.292820323
      vertex 129.900000000 40.299048789 5.292820323
      vertex 129.900000000 40.500955329 5.365248129
    endloop
  endfacet
  facet normal -0.191341716 -0.331413574 0.923879532
    outer loop
      vertex 121.200000000 45.321996131 5.292820323
      vertex 129.900000000 40.500955329 5.365248129
      vertex 129.900000000 40.521842212 5.372740661
    endloop
  endfacet
  facet normal -0.191341716 -0.331413574 0.923879533
    outer loop
      vertex 121.200000000 45.321996131 5.292820323
      vertex 129.900000000 40.521842212 5.372740661
      vertex 121.392944764 45.433392843 5.372740661
    endloop
  endfacet
  facet normal -0.0652630962 0.113038998 0.991444861
    outer loop
      vertex 129.900000000 61.207275219 5.372740661
      vertex 121.392944764 56.295724588 5.372740661
      vertex 121.600000000 56.176181192 5.400000000
    endloop
  endfacet
  facet normal -0.0652630969 0.113039 0.991444861
    outer loop
      vertex 129.900000000 61.207275219 5.372740661
      vertex 121.600000000 56.176181192 5.400000000
      vertex 129.900000000 61.183886294 5.375407336
    endloop
  endfacet
  facet normal -0.0652630961 0.113038998 0.991444861
    outer loop
      vertex 129.900000000 61.183886294 5.375407336
      vertex 121.600000000 56.176181192 5.400000000
      vertex 129.900000000 60.968188426 5.400000000
    endloop
  endfacet
  facet normal -0.130526192 0 0.991444861
    outer loop
      vertex 121.392944764 56.295724588 5.372740661
      vertex 121.392944764 45.433392843 5.372740661
      vertex 121.600000000 45.552936239 5.400000000
    endloop
  endfacet
  facet normal -0.130526192 0 0.991444861
    outer loop
      vertex 121.392944764 56.295724588 5.372740661
      vertex 121.600000000 45.552936239 5.400000000
      vertex 121.600000000 56.176181192 5.400000000
    endloop
  endfacet
  facet normal -0.0652630961 -0.113038998 0.991444861
    outer loop
      vertex 121.392944764 45.433392843 5.372740661
      vertex 129.900000000 40.521842212 5.372740661
      vertex 129.900000000 40.738054885 5.397392021
    endloop
  endfacet
  facet normal -0.0652630968 -0.113039 0.991444861
    outer loop
      vertex 121.392944764 45.433392843 5.372740661
      vertex 129.900000000 40.738054885 5.397392021
      vertex 129.900000000 40.760929005 5.400000000
    endloop
  endfacet
  facet normal -0.0652630962 -0.113038998 0.991444861
    outer loop
      vertex 121.392944764 45.433392843 5.372740661
      vertex 129.900000000 40.760929005 5.400000000
      vertex 121.600000000 45.552936239 5.400000000
    endloop
  endfacet
  facet normal 0 0 1
    outer loop
      vertex 129.900000000 60.968188426 5.400000000
      vertex 121.600000000 56.176181192 5.400000000
      vertex 129.900000000 56.176181192 5.400000000
    endloop
  endfacet
  facet normal 0 0 1
    outer loop
      vertex 129.900000000 56.176181192 5.400000000
      vertex 121.600000000 56.176181192 5.400000000
      vertex 121.600000000 45.552936239 5.400000000
    endloop
  endfacet
  facet normal 0 0 1
    outer loop
      vertex 129.900000000 56.176181192 5.400000000
      vertex 121.600000000 45.552936239 5.400000000
      vertex 129.900000000 50.344943473 5.400000000
    endloop
  endfacet
  facet normal 0 0 1
    outer loop
      vertex 129.900000000 50.344943473 5.400000000
      vertex 121.600000000 45.552936239 5.400000000
      vertex 129.900000000 40.760929005 5.400000000
    endloop
  endfacet
  facet normal 1 0 0
    outer loop
      vertex 129.900000000 50.864558716 4.829787706
      vertex 129.900000000 39.837168574 3.000000000
      vertex 129.900000000 50.344943473 3.000000000
    endloop
  endfacet
  facet normal 1 0 0
    outer loop
      vertex 129.900000000 50.864558716 4.829787706
      vertex 129.900000000 50.344943473 3.000000000
      vertex 129.900000000 56.638061407 3.000000000
    endloop
  endfacet
  facet normal 1 0 0
    outer loop
      vertex 129.900000000 50.864558716 4.829787706
      vertex 129.900000000 56.638061407 3.000000000
      vertex 129.900000000 61.891948857 3.000000000
    endloop
  endfacet
  facet normal 1 0 0
    outer loop
      vertex 129.900000000 50.864558716 4.829787706
      vertex 129.900000000 61.891948857 3.000000000
      vertex 129.900000000 61.891948857 3.144000000
    endloop
  endfacet
  facet normal 1 0 0
    outer loop
      vertex 129.900000000 50.864558716 4.829787706
      vertex 129.900000000 61.891948857 3.144000000
      vertex 129.900000000 61.891948857 4.600000000
    endloop
  endfacet
  facet normal 1 0 0
    outer loop
      vertex 129.900000000 50.864558716 4.829787706
      vertex 129.900000000 61.891948857 4.600000000
      vertex 129.900000000 61.889108240 4.618685908
    endloop
  endfacet
  facet normal 1 0 0
    outer loop
      vertex 129.900000000 50.864558716 4.829787706
      vertex 129.900000000 61.889108240 4.618685908
      vertex 129.900000000 61.860472484 4.807055236
    endloop
  endfacet
  facet normal 1 0 0
    outer loop
      vertex 129.900000000 50.864558716 4.829787706
      vertex 129.900000000 61.860472484 4.807055236
      vertex 129.900000000 61.852076935 4.824608399
    endloop
  endfacet
  facet normal 1 -0 0
    outer loop
      vertex 129.900000000 50.864558716 4.829787706
      vertex 129.900000000 61.852076935 4.824608399
      vertex 129.900000000 61.768188426 5.000000000
    endloop
  endfacet
  facet normal 1 0 0
    outer loop
      vertex 129.900000000 50.864558716 4.829787706
      vertex 129.900000000 61.768188426 5.000000000
      vertex 129.900000000 61.754659170 5.015269474
    endloop
  endfacet
  facet normal 1 0 0
    outer loop
      vertex 129.900000000 50.864558716 4.829787706
      vertex 129.900000000 61.754659170 5.015269474
      vertex 129.900000000 61.621385691 5.165685425
    endloop
  endfacet
  facet normal 1 0 0
    outer loop
      vertex 129.900000000 50.864558716 4.829787706
      vertex 129.900000000 61.621385691 5.165685425
      vertex 129.900000000 61.603449718 5.177604322
    endloop
  endfacet
  facet normal 1 0 0
    outer loop
      vertex 129.900000000 50.864558716 4.829787706
      vertex 129.900000000 61.603449718 5.177604322
      vertex 129.900000000 61.430068642 5.292820323
    endloop
  endfacet
  facet normal 1 0 0
    outer loop
      vertex 129.900000000 50.864558716 4.829787706
      vertex 129.900000000 61.430068642 5.292820323
      vertex 129.900000000 61.408753355 5.300466531
    endloop
  endfacet
  facet normal 1 0 0
    outer loop
      vertex 129.900000000 50.864558716 4.829787706
      vertex 129.900000000 61.408753355 5.300466531
      vertex 129.900000000 61.207275219 5.372740661
    endloop
  endfacet
  facet normal 1 0 0
    outer loop
      vertex 129.900000000 50.864558716 4.829787706
      vertex 129.900000000 61.207275219 5.372740661
      vertex 129.900000000 61.183886294 5.375407336
    endloop
  endfacet
  facet normal 1 0 0
    outer loop
      vertex 129.900000000 50.864558716 4.829787706
      vertex 129.900000000 61.183886294 5.375407336
      vertex 129.900000000 60.968188426 5.400000000
    endloop
  endfacet
  facet normal 1 0 0
    outer loop
      vertex 129.900000000 50.864558716 4.829787706
      vertex 129.900000000 60.968188426 5.400000000
      vertex 129.900000000 56.176181192 5.400000000
    endloop
  endfacet
  facet normal 1 0 -0
    outer loop
      vertex 129.900000000 50.864558716 4.829787706
      vertex 129.900000000 56.176181192 5.400000000
      vertex 129.900000000 50.344943473 5.400000000
    endloop
  endfacet
  facet normal 1 0 0
    outer loop
      vertex 129.900000000 50.864558716 4.829787706
      vertex 129.900000000 50.344943473 5.400000000
      vertex 129.900000000 40.760929005 5.400000000
    endloop
  endfacet
  facet normal 1 0 0
    outer loop
      vertex 129.900000000 50.864558716 4.829787706
      vertex 129.900000000 40.760929005 5.400000000
      vertex 129.900000000 40.738054885 5.397392021
    endloop
  endfacet
  facet normal 1 0 0
    outer loop
      vertex 129.900000000 50.864558716 4.829787706
      vertex 129.900000000 40.738054885 5.397392021
      vertex 129.900000000 40.521842212 5.372740661
    endloop
  endfacet
  facet normal 1 0 0
    outer loop
      vertex 129.900000000 50.864558716 4.829787706
      vertex 129.900000000 40.521842212 5.372740661
      vertex 129.900000000 40.500955329 5.365248129
    endloop
  endfacet
  facet normal 1 0 0
    outer loop
      vertex 129.900000000 50.864558716 4.829787706
      vertex 129.900000000 40.500955329 5.365248129
      vertex 129.900000000 40.299048789 5.292820323
    endloop
  endfacet
  facet normal 1 0 0
    outer loop
      vertex 129.900000000 50.864558716 4.829787706
      vertex 129.900000000 40.299048789 5.292820323
      vertex 129.900000000 40.281417119 5.281103643
    endloop
  endfacet
  facet normal 1 0 0
    outer loop
      vertex 129.900000000 50.864558716 4.829787706
      vertex 129.900000000 40.281417119 5.281103643
      vertex 129.900000000 40.107731740 5.165685425
    endloop
  endfacet
  facet normal 1 0 0
    outer loop
      vertex 129.900000000 50.864558716 4.829787706
      vertex 129.900000000 40.107731740 5.165685425
      vertex 129.900000000 40.094376351 5.150612182
    endloop
  endfacet
  facet normal 1 0 0
    outer loop
      vertex 129.900000000 50.864558716 4.829787706
      vertex 129.900000000 40.094376351 5.150612182
      vertex 129.900000000 39.960929005 5.000000000
    endloop
  endfacet
  facet normal 1 0 0
    outer loop
      vertex 129.900000000 50.864558716 4.829787706
      vertex 129.900000000 39.960929005 5.000000000
      vertex 129.900000000 39.952600737 4.982587506
    endloop
  endfacet
  facet normal 1 0 0
    outer loop
      vertex 129.900000000 50.864558716 4.829787706
      vertex 129.900000000 39.952600737 4.982587506
      vertex 129.900000000 39.868644948 4.807055236
    endloop
  endfacet
  facet normal 1 0 0
    outer loop
      vertex 129.900000000 50.864558716 4.829787706
      vertex 129.900000000 39.868644948 4.807055236
      vertex 129.900000000 39.865812074 4.788420265
    endloop
  endfacet
  facet normal 1 0 0
    outer loop
      vertex 129.900000000 50.864558716 4.829787706
      vertex 129.900000000 39.865812074 4.788420265
      vertex 129.900000000 39.837168574 4.600000000
    endloop
  endfacet
  facet normal 1 0 0
    outer loop
      vertex 129.900000000 50.864558716 4.829787706
      vertex 129.900000000 39.837168574 4.600000000
      vertex 129.900000000 39.837168574 4.456000000
    endloop
  endfacet
  facet normal 1 0 0
    outer loop
      vertex 129.900000000 50.864558716 4.829787706
      vertex 129.900000000 39.837168574 4.456000000
      vertex 129.900000000 39.837168574 3.000000000
    endloop
  endfacet
  facet normal 0 0 -1
    outer loop
      vertex 20.900000000 75.517415210 3.000000000
      vertex 0.900000000 75.517415210 3.000000000
      vertex 10.900000000 81.290917902 3.000000000
    endloop
  endfacet
  facet normal -0 0 -1
    outer loop
      vertex 20.900000000 75.517415210 3.000000000
      vertex 0.900000000 63.970409826 3.000000000
      vertex 0.900000000 75.517415210 3.000000000
    endloop
  endfacet
  facet normal 0 0 -1
    outer loop
      vertex 20.900000000 75.517415210 3.000000000
      vertex 10.900000000 58.196907134 3.000000000
      vertex 0.900000000 63.970409826 3.000000000
    endloop
  endfacet
  facet normal 0 0 -1
    outer loop
      vertex 20.900000000 75.517415210 3.000000000
      vertex 20.900000000 63.970409826 3.000000000
      vertex 10.900000000 58.196907134 3.000000000
    endloop
  endfacet
  facet normal 0.5 0.866025404 0
    outer loop
      vertex 20.900000000 75.517415210 3.000000000
      vertex 10.900000000 81.290917902 3.000000000
      vertex 10.900000000 81.290917902 4.600000000
    endloop
  endfacet
  facet normal 0.5 0.866025404 -0
    outer loop
      vertex 20.900000000 75.517415210 3.000000000
      vertex 10.900000000 81.290917902 4.600000000
      vertex 20.900000000 75.517415210 4.600000000
    endloop
  endfacet
  facet normal -0.5 0.866025404 0
    outer loop
      vertex 10.900000000 81.290917902 3.000000000
      vertex 0.900000000 75.517415210 3.000000000
      vertex 0.900000000 75.517415210 4.600000000
    endloop
  endfacet
  facet normal -0.5 0.866025404 0
    outer loop
      vertex 10.900000000 81.290917902 3.000000000
      vertex 0.900000000 75.517415210 4.600000000
      vertex 10.900000000 81.290917902 4.600000000
    endloop
  endfacet
  facet normal -1 0 0
    outer loop
      vertex 0.900000000 75.517415210 3.000000000
      vertex 0.900000000 63.970409826 3.000000000
      vertex 0.900000000 63.970409826 4.600000000
    endloop
  endfacet
  facet normal -1 0 0
    outer loop
      vertex 0.900000000 75.517415210 3.000000000
      vertex 0.900000000 63.970409826 4.600000000
      vertex 0.900000000 75.517415210 4.600000000
    endloop
  endfacet
  facet normal -0.5 -0.866025404 0
    outer loop
      vertex 0.900000000 63.970409826 3.000000000
      vertex 10.900000000 58.196907134 3.000000000
      vertex 10.900000000 58.196907134 4.600000000
    endloop
  endfacet
  facet normal -0.5 -0.866025404 0
    outer loop
      vertex 0.900000000 63.970409826 3.000000000
      vertex 10.900000000 58.196907134 4.600000000
      vertex 0.900000000 63.970409826 4.600000000
    endloop
  endfacet
  facet normal 0.5 -0.866025404 0
    outer loop
      vertex 10.900000000 58.196907134 3.000000000
      vertex 20.900000000 63.970409826 3.000000000
      vertex 20.900000000 63.970409826 4.600000000
    endloop
  endfacet
  facet normal 0.5 -0.866025404 0
    outer loop
      vertex 10.900000000 58.196907134 3.000000000
      vertex 20.900000000 63.970409826 4.600000000
      vertex 10.900000000 58.196907134 4.600000000
    endloop
  endfacet
  facet normal 1 -3.0767403e-16 0
    outer loop
      vertex 20.900000000 63.970409826 3.000000000
      vertex 20.900000000 75.517415210 3.000000000
      vertex 20.900000000 75.517415210 4.600000000
    endloop
  endfacet
  facet normal 1 -3.0767403e-16 0
    outer loop
      vertex 20.900000000 63.970409826 3.000000000
      vertex 20.900000000 75.517415210 4.600000000
      vertex 20.900000000 63.970409826 4.600000000
    endloop
  endfacet
  facet normal 0.495722431 0.858616436 0.130526192
    outer loop
      vertex 20.900000000 75.517415210 4.600000000
      vertex 10.900000000 81.290917902 4.600000000
      vertex 10.900000000 81.259441529 4.807055236
    endloop
  endfacet
  facet normal 0.495722431 0.858616436 0.130526192
    outer loop
      vertex 20.900000000 75.517415210 4.600000000
      vertex 10.900000000 81.259441529 4.807055236
      vertex 20.872740661 75.501677023 4.807055236
    endloop
  endfacet
  facet normal -0.495722431 0.858616436 0.130526192
    outer loop
      vertex 10.900000000 81.290917902 4.600000000
      vertex 0.900000000 75.517415210 4.600000000
      vertex 0.927259339 75.501677023 4.807055236
    endloop
  endfacet
  facet normal -0.495722431 0.858616436 0.130526192
    outer loop
      vertex 10.900000000 81.290917902 4.600000000
      vertex 0.927259339 75.501677023 4.807055236
      vertex 10.900000000 81.259441529 4.807055236
    endloop
  endfacet
  facet normal -0.991444861 0 0.130526192
    outer loop
      vertex 0.900000000 75.517415210 4.600000000
      vertex 0.900000000 63.970409826 4.600000000
      vertex 0.927259339 63.986148013 4.807055236
    endloop
  endfacet
  facet normal -0.991444861 -2.10265137e-16 0.130526192
    outer loop
      vertex 0.900000000 75.517415210 4.600000000
      vertex 0.927259339 63.986148013 4.807055236
      vertex 0.927259339 75.501677023 4.807055236
    endloop
  endfacet
  facet normal -0.495722431 -0.858616436 0.130526192
    outer loop
      vertex 0.900000000 63.970409826 4.600000000
      vertex 10.900000000 58.196907134 4.600000000
      vertex 10.900000000 58.228383508 4.807055236
    endloop
  endfacet
  facet normal -0.495722431 -0.858616436 0.130526192
    outer loop
      vertex 0.900000000 63.970409826 4.600000000
      vertex 10.900000000 58.228383508 4.807055236
      vertex 0.927259339 63.986148013 4.807055236
    endloop
  endfacet
  facet normal 0.495722431 -0.858616436 0.130526192
    outer loop
      vertex 10.900000000 58.196907134 4.600000000
      vertex 20.900000000 63.970409826 4.600000000
      vertex 20.872740661 63.986148013 4.807055236
    endloop
  endfacet
  facet normal 0.495722431 -0.858616436 0.130526192
    outer loop
      vertex 10.900000000 58.196907134 4.600000000
      vertex 20.872740661 63.986148013 4.807055236
      vertex 10.900000000 58.228383508 4.807055236
    endloop
  endfacet
  facet normal 0.991444861 -3.05041836e-16 0.130526192
    outer loop
      vertex 20.900000000 63.970409826 4.600000000
      vertex 20.900000000 75.517415210 4.600000000
      vertex 20.872740661 75.501677023 4.807055236
    endloop
  endfacet
  facet normal 0.991444861 -3.05840199e-16 0.130526192
    outer loop
      vertex 20.900000000 63.970409826 4.600000000
      vertex 20.872740661 75.501677023 4.807055236
      vertex 20.872740661 63.986148013 4.807055236
    endloop
  endfacet
  facet normal 0.461939766 0.800103145 0.382683432
    outer loop
      vertex 20.872740661 75.501677023 4.807055236
      vertex 10.900000000 81.259441529 4.807055236
      vertex 10.900000000 81.167157471 5.000000000
    endloop
  endfacet
  facet normal 0.461939766 0.800103145 0.382683432
    outer loop
      vertex 20.872740661 75.501677023 4.807055236
      vertex 10.900000000 81.167157471 5.000000000
      vertex 20.792820323 75.455534995 5.000000000
    endloop
  endfacet
  facet normal -0.461939766 0.800103145 0.382683432
    outer loop
      vertex 10.900000000 81.259441529 4.807055236
      vertex 0.927259339 75.501677023 4.807055236
      vertex 1.007179677 75.455534995 5.000000000
    endloop
  endfacet
  facet normal -0.461939766 0.800103145 0.382683432
    outer loop
      vertex 10.900000000 81.259441529 4.807055236
      vertex 1.007179677 75.455534995 5.000000000
      vertex 10.900000000 81.167157471 5.000000000
    endloop
  endfacet
  facet normal -0.923879533 -1.95958616e-16 0.382683432
    outer loop
      vertex 0.927259339 75.501677023 4.807055236
      vertex 0.927259339 63.986148013 4.807055236
      vertex 1.007179677 64.032290042 5.000000000
    endloop
  endfacet
  facet normal -0.923879533 1.81787126e-17 0.382683432
    outer loop
      vertex 0.927259339 75.501677023 4.807055236
      vertex 1.007179677 64.032290042 5.000000000
      vertex 1.007179677 75.455534995 5.000000000
    endloop
  endfacet
  facet normal -0.461939766 -0.800103145 0.382683432
    outer loop
      vertex 0.927259339 63.986148013 4.807055236
      vertex 10.900000000 58.228383508 4.807055236
      vertex 10.900000000 58.320667565 5.000000000
    endloop
  endfacet
  facet normal -0.461939766 -0.800103145 0.382683432
    outer loop
      vertex 0.927259339 63.986148013 4.807055236
      vertex 10.900000000 58.320667565 5.000000000
      vertex 1.007179677 64.032290042 5.000000000
    endloop
  endfacet
  facet normal 0.461939766 -0.800103145 0.382683432
    outer loop
      vertex 10.900000000 58.228383508 4.807055236
      vertex 20.872740661 63.986148013 4.807055236
      vertex 20.792820323 64.032290042 5.000000000
    endloop
  endfacet
  facet normal 0.461939766 -0.800103145 0.382683432
    outer loop
      vertex 10.900000000 58.228383508 4.807055236
      vertex 20.792820323 64.032290042 5.000000000
      vertex 10.900000000 58.320667565 5.000000000
    endloop
  endfacet
  facet normal 0.923879533 -2.85030714e-16 0.382683432
    outer loop
      vertex 20.872740661 63.986148013 4.807055236
      vertex 20.872740661 75.501677023 4.807055236
      vertex 20.792820323 75.455534995 5.000000000
    endloop
  endfacet
  facet normal 0.923879533 -2.87950807e-16 0.382683432
    outer loop
      vertex 20.872740661 63.986148013 4.807055236
      vertex 20.792820323 75.455534995 5.000000000
      vertex 20.792820323 64.032290042 5.000000000
    endloop
  endfacet
  facet normal 0.39667667 0.687064147 0.608761429
    outer loop
      vertex 20.792820323 75.455534995 5.000000000
      vertex 10.900000000 81.167157471 5.000000000
      vertex 10.900000000 81.020354736 5.165685425
    endloop
  endfacet
  facet normal 0.39667667 0.687064147 0.608761429
    outer loop
      vertex 20.792820323 75.455534995 5.000000000
      vertex 10.900000000 81.020354736 5.165685425
      vertex 20.665685425 75.382133627 5.165685425
    endloop
  endfacet
  facet normal -0.39667667 0.687064147 0.608761429
    outer loop
      vertex 10.900000000 81.167157471 5.000000000
      vertex 1.007179677 75.455534995 5.000000000
      vertex 1.134314575 75.382133627 5.165685425
    endloop
  endfacet
  facet normal -0.39667667 0.687064147 0.608761429
    outer loop
      vertex 10.900000000 81.167157471 5.000000000
      vertex 1.134314575 75.382133627 5.165685425
      vertex 10.900000000 81.020354736 5.165685425
    endloop
  endfacet
  facet normal -0.79335334 1.54211723e-17 0.608761429
    outer loop
      vertex 1.007179677 75.455534995 5.000000000
      vertex 1.007179677 64.032290042 5.000000000
      vertex 1.134314575 64.105691409 5.165685425
    endloop
  endfacet
  facet normal -0.79335334 -4.71433543e-17 0.608761429
    outer loop
      vertex 1.007179677 75.455534995 5.000000000
      vertex 1.134314575 64.105691409 5.165685425
      vertex 1.134314575 75.382133627 5.165685425
    endloop
  endfacet
  facet normal -0.39667667 -0.687064147 0.608761429
    outer loop
      vertex 1.007179677 64.032290042 5.000000000
      vertex 10.900000000 58.320667565 5.000000000
      vertex 10.900000000 58.467470300 5.165685425
    endloop
  endfacet
  facet normal -0.39667667 -0.687064147 0.608761429
    outer loop
      vertex 1.007179677 64.032290042 5.000000000
      vertex 10.900000000 58.467470300 5.165685425
      vertex 1.134314575 64.105691409 5.165685425
    endloop
  endfacet
  facet normal 0.39667667 -0.687064147 0.608761429
    outer loop
      vertex 10.900000000 58.320667565 5.000000000
      vertex 20.792820323 64.032290042 5.000000000
      vertex 20.665685425 64.105691409 5.165685425
    endloop
  endfacet
  facet normal 0.39667667 -0.687064147 0.608761429
    outer loop
      vertex 10.900000000 58.320667565 5.000000000
      vertex 20.665685425 64.105691409 5.165685425
      vertex 10.900000000 58.467470300 5.165685425
    endloop
  endfacet
  facet normal 0.79335334 -2.46738757e-16 0.608761429
    outer loop
      vertex 20.792820323 64.032290042 5.000000000
      vertex 20.792820323 75.455534995 5.000000000
      vertex 20.665685425 75.382133627 5.165685425
    endloop
  endfacet
  facet normal 0.79335334 -2.4897584e-16 0.608761429
    outer loop
      vertex 20.792820323 64.032290042 5.000000000
      vertex 20.665685425 75.382133627 5.165685425
      vertex 20.665685425 64.105691409 5.165685425
    endloop
  endfacet
  facet normal 0.304380714 0.527202862 0.79335334
    outer loop
      vertex 20.665685425 75.382133627 5.165685425
      vertex 10.900000000 81.020354736 5.165685425
      vertex 10.900000000 80.829037687 5.292820323
    endloop
  endfacet
  facet normal 0.304380714 0.527202862 0.79335334
    outer loop
      vertex 20.665685425 75.382133627 5.165685425
      vertex 10.900000000 80.829037687 5.292820323
      vertex 20.500000000 75.286475102 5.292820323
    endloop
  endfacet
  facet normal -0.304380714 0.527202862 0.79335334
    outer loop
      vertex 10.900000000 81.020354736 5.165685425
      vertex 1.134314575 75.382133627 5.165685425
      vertex 1.300000000 75.286475102 5.292820323
    endloop
  endfacet
  facet normal -0.304380714 0.527202862 0.79335334
    outer loop
      vertex 10.900000000 81.020354736 5.165685425
      vertex 1.300000000 75.286475102 5.292820323
      vertex 10.900000000 80.829037687 5.292820323
    endloop
  endfacet
  facet normal -0.608761429 -3.59613932e-17 0.79335334
    outer loop
      vertex 1.134314575 75.382133627 5.165685425
      vertex 1.134314575 64.105691409 5.165685425
      vertex 1.300000000 64.201349934 5.292820323
    endloop
  endfacet
  facet normal -0.608761429 7.1935495e-17 0.79335334
    outer loop
      vertex 1.134314575 75.382133627 5.165685425
      vertex 1.300000000 64.201349934 5.292820323
      vertex 1.300000000 75.286475102 5.292820323
    endloop
  endfacet
  facet normal -0.304380714 -0.527202862 0.79335334
    outer loop
      vertex 1.134314575 64.105691409 5.165685425
      vertex 10.900000000 58.467470300 5.165685425
      vertex 10.900000000 58.658787350 5.292820323
    endloop
  endfacet
  facet normal -0.304380714 -0.527202862 0.79335334
    outer loop
      vertex 1.134314575 64.105691409 5.165685425
      vertex 10.900000000 58.658787350 5.292820323
      vertex 1.300000000 64.201349934 5.292820323
    endloop
  endfacet
  facet normal 0.304380714 -0.527202862 0.79335334
    outer loop
      vertex 10.900000000 58.467470300 5.165685425
      vertex 20.665685425 64.105691409 5.165685425
      vertex 20.500000000 64.201349934 5.292820323
    endloop
  endfacet
  facet normal 0.304380714 -0.527202862 0.79335334
    outer loop
      vertex 10.900000000 58.467470300 5.165685425
      vertex 20.500000000 64.201349934 5.292820323
      vertex 10.900000000 58.658787350 5.292820323
    endloop
  endfacet
  facet normal 0.608761429 -1.91794097e-16 0.79335334
    outer loop
      vertex 20.665685425 64.105691409 5.165685425
      vertex 20.665685425 75.382133627 5.165685425
      vertex 20.500000000 75.286475102 5.292820323
    endloop
  endfacet
  facet normal 0.608761429 -1.94825299e-16 0.79335334
    outer loop
      vertex 20.665685425 64.105691409 5.165685425
      vertex 20.500000000 75.286475102 5.292820323
      vertex 20.500000000 64.201349934 5.292820323
    endloop
  endfacet
  facet normal 0.191341716 0.331413574 0.923879533
    outer loop
      vertex 20.500000000 75.286475102 5.292820323
      vertex 10.900000000 80.829037687 5.292820323
      vertex 10.900000000 80.606244264 5.372740661
    endloop
  endfacet
  facet normal 0.191341716 0.331413574 0.923879533
    outer loop
      vertex 20.500000000 75.286475102 5.292820323
      vertex 10.900000000 80.606244264 5.372740661
      vertex 20.307055236 75.175078391 5.372740661
    endloop
  endfacet
  facet normal -0.191341716 0.331413574 0.923879533
    outer loop
      vertex 10.900000000 80.829037687 5.292820323
      vertex 1.300000000 75.286475102 5.292820323
      vertex 1.492944764 75.175078391 5.372740661
    endloop
  endfacet
  facet normal -0.191341716 0.331413574 0.923879533
    outer loop
      vertex 10.900000000 80.829037687 5.292820323
      vertex 1.492944764 75.175078391 5.372740661
      vertex 10.900000000 80.606244264 5.372740661
    endloop
  endfacet
  facet normal -0.382683432 4.59928726e-17 0.923879533
    outer loop
      vertex 1.300000000 75.286475102 5.292820323
      vertex 1.300000000 64.201349934 5.292820323
      vertex 1.492944764 64.312746645 5.372740661
    endloop
  endfacet
  facet normal -0.382683432 0 0.923879533
    outer loop
      vertex 1.300000000 75.286475102 5.292820323
      vertex 1.492944764 64.312746645 5.372740661
      vertex 1.492944764 75.175078391 5.372740661
    endloop
  endfacet
  facet normal -0.191341716 -0.331413574 0.923879533
    outer loop
      vertex 1.300000000 64.201349934 5.292820323
      vertex 10.900000000 58.658787350 5.292820323
      vertex 10.900000000 58.881580772 5.372740661
    endloop
  endfacet
  facet normal -0.191341716 -0.331413574 0.923879533
    outer loop
      vertex 1.300000000 64.201349934 5.292820323
      vertex 10.900000000 58.881580772 5.372740661
      vertex 1.492944764 64.312746645 5.372740661
    endloop
  endfacet
  facet normal 0.191341716 -0.331413574 0.923879533
    outer loop
      vertex 10.900000000 58.658787350 5.292820323
      vertex 20.500000000 64.201349934 5.292820323
      vertex 20.307055236 64.312746645 5.372740661
    endloop
  endfacet
  facet normal 0.191341716 -0.331413574 0.923879533
    outer loop
      vertex 10.900000000 58.658787350 5.292820323
      vertex 20.307055236 64.312746645 5.372740661
      vertex 10.900000000 58.881580772 5.372740661
    endloop
  endfacet
  facet normal 0.382683432 -1.2264766e-16 0.923879533
    outer loop
      vertex 20.500000000 64.201349934 5.292820323
      vertex 20.500000000 75.286475102 5.292820323
      vertex 20.307055236 75.175078391 5.372740661
    endloop
  endfacet
  facet normal 0.382683432 0 0.923879533
    outer loop
      vertex 20.500000000 64.201349934 5.292820323
      vertex 20.307055236 75.175078391 5.372740661
      vertex 20.307055236 64.312746645 5.372740661
    endloop
  endfacet
  facet normal 0.0652630962 0.113038998 0.991444861
    outer loop
      vertex 20.307055236 75.175078391 5.372740661
      vertex 10.900000000 80.606244264 5.372740661
      vertex 10.900000000 80.367157471 5.400000000
    endloop
  endfacet
  facet normal 0.0652630962 0.113038998 0.991444861
    outer loop
      vertex 20.307055236 75.175078391 5.372740661
      vertex 10.900000000 80.367157471 5.400000000
      vertex 20.100000000 75.055534995 5.400000000
    endloop
  endfacet
  facet normal -0.0652630962 0.113038998 0.991444861
    outer loop
      vertex 10.900000000 80.606244264 5.372740661
      vertex 1.492944764 75.175078391 5.372740661
      vertex 1.700000000 75.055534995 5.400000000
    endloop
  endfacet
  facet normal -0.0652630962 0.113038998 0.991444861
    outer loop
      vertex 10.900000000 80.606244264 5.372740661
      vertex 1.700000000 75.055534995 5.400000000
      vertex 10.900000000 80.367157471 5.400000000
    endloop
  endfacet
  facet normal -0.130526192 0 0.991444861
    outer loop
      vertex 1.492944764 75.175078391 5.372740661
      vertex 1.492944764 64.312746645 5.372740661
      vertex 1.700000000 64.432290042 5.400000000
    endloop
  endfacet
  facet normal -0.130526192 0 0.991444861
    outer loop
      vertex 1.492944764 75.175078391 5.372740661
      vertex 1.700000000 64.432290042 5.400000000
      vertex 1.700000000 75.055534995 5.400000000
    endloop
  endfacet
  facet normal -0.0652630962 -0.113038998 0.991444861
    outer loop
      vertex 1.492944764 64.312746645 5.372740661
      vertex 10.900000000 58.881580772 5.372740661
      vertex 10.900000000 59.120667565 5.400000000
    endloop
  endfacet
  facet normal -0.0652630962 -0.113038998 0.991444861
    outer loop
      vertex 1.492944764 64.312746645 5.372740661
      vertex 10.900000000 59.120667565 5.400000000
      vertex 1.700000000 64.432290042 5.400000000
    endloop
  endfacet
  facet normal 0.0652630962 -0.113038998 0.991444861
    outer loop
      vertex 10.900000000 58.881580772 5.372740661
      vertex 20.307055236 64.312746645 5.372740661
      vertex 20.100000000 64.432290042 5.400000000
    endloop
  endfacet
  facet normal 0.0652630962 -0.113038998 0.991444861
    outer loop
      vertex 10.900000000 58.881580772 5.372740661
      vertex 20.100000000 64.432290042 5.400000000
      vertex 10.900000000 59.120667565 5.400000000
    endloop
  endfacet
  facet normal 0.130526192 -0 0.991444861
    outer loop
      vertex 20.307055236 64.312746645 5.372740661
      vertex 20.307055236 75.175078391 5.372740661
      vertex 20.100000000 75.055534995 5.400000000
    endloop
  endfacet
  facet normal 0.130526192 -4.33958692e-17 0.991444861
    outer loop
      vertex 20.307055236 64.312746645 5.372740661
      vertex 20.100000000 75.055534995 5.400000000
      vertex 20.100000000 64.432290042 5.400000000
    endloop
  endfacet
  facet normal 0 0 1
    outer loop
      vertex 20.100000000 75.055534995 5.400000000
      vertex 10.900000000 80.367157471 5.400000000
      vertex 1.700000000 75.055534995 5.400000000
    endloop
  endfacet
  facet normal 0 0 1
    outer loop
      vertex 20.100000000 75.055534995 5.400000000
      vertex 1.700000000 75.055534995 5.400000000
      vertex 1.700000000 64.432290042 5.400000000
    endloop
  endfacet
  facet normal 0 0 1
    outer loop
      vertex 20.100000000 75.055534995 5.400000000
      vertex 1.700000000 64.432290042 5.400000000
      vertex 10.900000000 59.120667565 5.400000000
    endloop
  endfacet
  facet normal 0 0 1
    outer loop
      vertex 20.100000000 75.055534995 5.400000000
      vertex 10.900000000 59.120667565 5.400000000
      vertex 20.100000000 64.432290042 5.400000000
    endloop
  endfacet
  facet normal 0 0 -1
    outer loop
      vertex 42.700000000 75.517415210 3.000000000
      vertex 22.700000000 75.517415210 3.000000000
      vertex 32.700000000 81.290917902 3.000000000
    endloop
  endfacet
  facet normal -0 0 -1
    outer loop
      vertex 42.700000000 75.517415210 3.000000000
      vertex 22.700000000 63.970409826 3.000000000
      vertex 22.700000000 75.517415210 3.000000000
    endloop
  endfacet
  facet normal 0 0 -1
    outer loop
      vertex 42.700000000 75.517415210 3.000000000
      vertex 32.700000000 58.196907134 3.000000000
      vertex 22.700000000 63.970409826 3.000000000
    endloop
  endfacet
  facet normal 0 -0 -1
    outer loop
      vertex 42.700000000 75.517415210 3.000000000
      vertex 42.700000000 63.970409826 3.000000000
      vertex 32.700000000 58.196907134 3.000000000
    endloop
  endfacet
  facet normal 0.5 0.866025404 0
    outer loop
      vertex 42.700000000 75.517415210 3.000000000
      vertex 32.700000000 81.290917902 3.000000000
      vertex 32.700000000 81.290917902 4.600000000
    endloop
  endfacet
  facet normal 0.5 0.866025404 -0
    outer loop
      vertex 42.700000000 75.517415210 3.000000000
      vertex 32.700000000 81.290917902 4.600000000
      vertex 42.700000000 75.517415210 4.600000000
    endloop
  endfacet
  facet normal -0.5 0.866025404 0
    outer loop
      vertex 32.700000000 81.290917902 3.000000000
      vertex 22.700000000 75.517415210 3.000000000
      vertex 22.700000000 75.517415210 4.600000000
    endloop
  endfacet
  facet normal -0.5 0.866025404 0
    outer loop
      vertex 32.700000000 81.290917902 3.000000000
      vertex 22.700000000 75.517415210 4.600000000
      vertex 32.700000000 81.290917902 4.600000000
    endloop
  endfacet
  facet normal -1 -3.0767403e-16 0
    outer loop
      vertex 22.700000000 75.517415210 3.000000000
      vertex 22.700000000 63.970409826 3.000000000
      vertex 22.700000000 63.970409826 4.600000000
    endloop
  endfacet
  facet normal -1 -3.0767403e-16 0
    outer loop
      vertex 22.700000000 75.517415210 3.000000000
      vertex 22.700000000 63.970409826 4.600000000
      vertex 22.700000000 75.517415210 4.600000000
    endloop
  endfacet
  facet normal -0.5 -0.866025404 0
    outer loop
      vertex 22.700000000 63.970409826 3.000000000
      vertex 32.700000000 58.196907134 3.000000000
      vertex 32.700000000 58.196907134 4.600000000
    endloop
  endfacet
  facet normal -0.5 -0.866025404 0
    outer loop
      vertex 22.700000000 63.970409826 3.000000000
      vertex 32.700000000 58.196907134 4.600000000
      vertex 22.700000000 63.970409826 4.600000000
    endloop
  endfacet
  facet normal 0.5 -0.866025404 0
    outer loop
      vertex 32.700000000 58.196907134 3.000000000
      vertex 42.700000000 63.970409826 3.000000000
      vertex 42.700000000 63.970409826 4.600000000
    endloop
  endfacet
  facet normal 0.5 -0.866025404 0
    outer loop
      vertex 32.700000000 58.196907134 3.000000000
      vertex 42.700000000 63.970409826 4.600000000
      vertex 32.700000000 58.196907134 4.600000000
    endloop
  endfacet
  facet normal 1 0 0
    outer loop
      vertex 42.700000000 63.970409826 3.000000000
      vertex 42.700000000 75.517415210 3.000000000
      vertex 42.700000000 75.517415210 4.600000000
    endloop
  endfacet
  facet normal 1 0 0
    outer loop
      vertex 42.700000000 63.970409826 3.000000000
      vertex 42.700000000 75.517415210 4.600000000
      vertex 42.700000000 63.970409826 4.600000000
    endloop
  endfacet
  facet normal 0.495722431 0.858616436 0.130526192
    outer loop
      vertex 42.700000000 75.517415210 4.600000000
      vertex 32.700000000 81.290917902 4.600000000
      vertex 32.700000000 81.259441529 4.807055236
    endloop
  endfacet
  facet normal 0.495722431 0.858616436 0.130526192
    outer loop
      vertex 42.700000000 75.517415210 4.600000000
      vertex 32.700000000 81.259441529 4.807055236
      vertex 42.672740661 75.501677023 4.807055236
    endloop
  endfacet
  facet normal -0.495722431 0.858616436 0.130526192
    outer loop
      vertex 32.700000000 81.290917902 4.600000000
      vertex 22.700000000 75.517415210 4.600000000
      vertex 22.727259339 75.501677023 4.807055236
    endloop
  endfacet
  facet normal -0.495722431 0.858616436 0.130526192
    outer loop
      vertex 32.700000000 81.290917902 4.600000000
      vertex 22.727259339 75.501677023 4.807055236
      vertex 32.700000000 81.259441529 4.807055236
    endloop
  endfacet
  facet normal -0.991444861 -3.05041836e-16 0.130526192
    outer loop
      vertex 22.700000000 75.517415210 4.600000000
      vertex 22.700000000 63.970409826 4.600000000
      vertex 22.727259339 63.986148013 4.807055236
    endloop
  endfacet
  facet normal -0.991444861 -3.05840199e-16 0.130526192
    outer loop
      vertex 22.700000000 75.517415210 4.600000000
      vertex 22.727259339 63.986148013 4.807055236
      vertex 22.727259339 75.501677023 4.807055236
    endloop
  endfacet
  facet normal -0.495722431 -0.858616436 0.130526192
    outer loop
      vertex 22.700000000 63.970409826 4.600000000
      vertex 32.700000000 58.196907134 4.600000000
      vertex 32.700000000 58.228383508 4.807055236
    endloop
  endfacet
  facet normal -0.495722431 -0.858616436 0.130526192
    outer loop
      vertex 22.700000000 63.970409826 4.600000000
      vertex 32.700000000 58.228383508 4.807055236
      vertex 22.727259339 63.986148013 4.807055236
    endloop
  endfacet
  facet normal 0.495722431 -0.858616436 0.130526192
    outer loop
      vertex 32.700000000 58.196907134 4.600000000
      vertex 42.700000000 63.970409826 4.600000000
      vertex 42.672740661 63.986148013 4.807055236
    endloop
  endfacet
  facet normal 0.495722431 -0.858616436 0.130526192
    outer loop
      vertex 32.700000000 58.196907134 4.600000000
      vertex 42.672740661 63.986148013 4.807055236
      vertex 32.700000000 58.228383508 4.807055236
    endloop
  endfacet
  facet normal 0.991444861 -0 0.130526192
    outer loop
      vertex 42.700000000 63.970409826 4.600000000
      vertex 42.700000000 75.517415210 4.600000000
      vertex 42.672740661 75.501677023 4.807055236
    endloop
  endfacet
  facet normal 0.991444861 0 0.130526192
    outer loop
      vertex 42.700000000 63.970409826 4.600000000
      vertex 42.672740661 75.501677023 4.807055236
      vertex 42.672740661 63.986148013 4.807055236
    endloop
  endfacet
  facet normal 0.461939766 0.800103145 0.382683432
    outer loop
      vertex 42.672740661 75.501677023 4.807055236
      vertex 32.700000000 81.259441529 4.807055236
      vertex 32.700000000 81.167157471 5.000000000
    endloop
  endfacet
  facet normal 0.461939766 0.800103145 0.382683432
    outer loop
      vertex 42.672740661 75.501677023 4.807055236
      vertex 32.700000000 81.167157471 5.000000000
      vertex 42.592820323 75.455534995 5.000000000
    endloop
  endfacet
  facet normal -0.461939766 0.800103145 0.382683432
    outer loop
      vertex 32.700000000 81.259441529 4.807055236
      vertex 22.727259339 75.501677023 4.807055236
      vertex 22.807179677 75.455534995 5.000000000
    endloop
  endfacet
  facet normal -0.461939766 0.800103145 0.382683432
    outer loop
      vertex 32.700000000 81.259441529 4.807055236
      vertex 22.807179677 75.455534995 5.000000000
      vertex 32.700000000 81.167157471 5.000000000
    endloop
  endfacet
  facet normal -0.923879533 -2.85030714e-16 0.382683432
    outer loop
      vertex 22.727259339 75.501677023 4.807055236
      vertex 22.727259339 63.986148013 4.807055236
      vertex 22.807179677 64.032290042 5.000000000
    endloop
  endfacet
  facet normal -0.923879533 -2.87223659e-16 0.382683432
    outer loop
      vertex 22.727259339 75.501677023 4.807055236
      vertex 22.807179677 64.032290042 5.000000000
      vertex 22.807179677 75.455534995 5.000000000
    endloop
  endfacet
  facet normal -0.461939766 -0.800103145 0.382683432
    outer loop
      vertex 22.727259339 63.986148013 4.807055236
      vertex 32.700000000 58.228383508 4.807055236
      vertex 32.700000000 58.320667565 5.000000000
    endloop
  endfacet
  facet normal -0.461939766 -0.800103145 0.382683432
    outer loop
      vertex 22.727259339 63.986148013 4.807055236
      vertex 32.700000000 58.320667565 5.000000000
      vertex 22.807179677 64.032290042 5.000000000
    endloop
  endfacet
  facet normal 0.461939766 -0.800103145 0.382683432
    outer loop
      vertex 32.700000000 58.228383508 4.807055236
      vertex 42.672740661 63.986148013 4.807055236
      vertex 42.592820323 64.032290042 5.000000000
    endloop
  endfacet
  facet normal 0.461939766 -0.800103145 0.382683432
    outer loop
      vertex 32.700000000 58.228383508 4.807055236
      vertex 42.592820323 64.032290042 5.000000000
      vertex 32.700000000 58.320667565 5.000000000
    endloop
  endfacet
  facet normal 0.923879533 -0 0.382683432
    outer loop
      vertex 42.672740661 63.986148013 4.807055236
      vertex 42.672740661 75.501677023 4.807055236
      vertex 42.592820323 75.455534995 5.000000000
    endloop
  endfacet
  facet normal 0.923879533 0 0.382683432
    outer loop
      vertex 42.672740661 63.986148013 4.807055236
      vertex 42.592820323 75.455534995 5.000000000
      vertex 42.592820323 64.032290042 5.000000000
    endloop
  endfacet
  facet normal 0.39667667 0.687064147 0.608761429
    outer loop
      vertex 42.592820323 75.455534995 5.000000000
      vertex 32.700000000 81.167157471 5.000000000
      vertex 32.700000000 81.020354736 5.165685425
    endloop
  endfacet
  facet normal 0.39667667 0.687064147 0.608761429
    outer loop
      vertex 42.592820323 75.455534995 5.000000000
      vertex 32.700000000 81.020354736 5.165685425
      vertex 42.465685425 75.382133627 5.165685425
    endloop
  endfacet
  facet normal -0.39667667 0.687064147 0.608761429
    outer loop
      vertex 32.700000000 81.167157471 5.000000000
      vertex 22.807179677 75.455534995 5.000000000
      vertex 22.934314575 75.382133627 5.165685425
    endloop
  endfacet
  facet normal -0.39667667 0.687064147 0.608761429
    outer loop
      vertex 32.700000000 81.167157471 5.000000000
      vertex 22.934314575 75.382133627 5.165685425
      vertex 32.700000000 81.020354736 5.165685425
    endloop
  endfacet
  facet normal -0.79335334 -2.46738757e-16 0.608761429
    outer loop
      vertex 22.807179677 75.455534995 5.000000000
      vertex 22.807179677 64.032290042 5.000000000
      vertex 22.934314575 64.105691409 5.165685425
    endloop
  endfacet
  facet normal -0.79335334 -2.5044907e-16 0.608761429
    outer loop
      vertex 22.807179677 75.455534995 5.000000000
      vertex 22.934314575 64.105691409 5.165685425
      vertex 22.934314575 75.382133627 5.165685425
    endloop
  endfacet
  facet normal -0.39667667 -0.687064147 0.608761429
    outer loop
      vertex 22.807179677 64.032290042 5.000000000
      vertex 32.700000000 58.320667565 5.000000000
      vertex 32.700000000 58.467470300 5.165685425
    endloop
  endfacet
  facet normal -0.39667667 -0.687064147 0.608761429
    outer loop
      vertex 22.807179677 64.032290042 5.000000000
      vertex 32.700000000 58.467470300 5.165685425
      vertex 22.934314575 64.105691409 5.165685425
    endloop
  endfacet
  facet normal 0.39667667 -0.687064147 0.608761429
    outer loop
      vertex 32.700000000 58.320667565 5.000000000
      vertex 42.592820323 64.032290042 5.000000000
      vertex 42.465685425 64.105691409 5.165685425
    endloop
  endfacet
  facet normal 0.39667667 -0.687064147 0.608761429
    outer loop
      vertex 32.700000000 58.320667565 5.000000000
      vertex 42.465685425 64.105691409 5.165685425
      vertex 32.700000000 58.467470300 5.165685425
    endloop
  endfacet
  facet normal 0.79335334 -0 0.608761429
    outer loop
      vertex 42.592820323 64.032290042 5.000000000
      vertex 42.592820323 75.455534995 5.000000000
      vertex 42.465685425 75.382133627 5.165685425
    endloop
  endfacet
  facet normal 0.79335334 0 0.608761429
    outer loop
      vertex 42.592820323 64.032290042 5.000000000
      vertex 42.465685425 75.382133627 5.165685425
      vertex 42.465685425 64.105691409 5.165685425
    endloop
  endfacet
  facet normal 0.304380714 0.527202862 0.79335334
    outer loop
      vertex 42.465685425 75.382133627 5.165685425
      vertex 32.700000000 81.020354736 5.165685425
      vertex 32.700000000 80.829037687 5.292820323
    endloop
  endfacet
  facet normal 0.304380714 0.527202862 0.79335334
    outer loop
      vertex 42.465685425 75.382133627 5.165685425
      vertex 32.700000000 80.829037687 5.292820323
      vertex 42.300000000 75.286475102 5.292820323
    endloop
  endfacet
  facet normal -0.304380714 0.527202862 0.79335334
    outer loop
      vertex 32.700000000 81.020354736 5.165685425
      vertex 22.934314575 75.382133627 5.165685425
      vertex 23.100000000 75.286475102 5.292820323
    endloop
  endfacet
  facet normal -0.304380714 0.527202862 0.79335334
    outer loop
      vertex 32.700000000 81.020354736 5.165685425
      vertex 23.100000000 75.286475102 5.292820323
      vertex 32.700000000 80.829037687 5.292820323
    endloop
  endfacet
  facet normal -0.608761429 -1.91794097e-16 0.79335334
    outer loop
      vertex 22.934314575 75.382133627 5.165685425
      vertex 22.934314575 64.105691409 5.165685425
      vertex 23.100000000 64.201349934 5.292820323
    endloop
  endfacet
  facet normal -0.608761429 0 0.79335334
    outer loop
      vertex 22.934314575 75.382133627 5.165685425
      vertex 23.100000000 64.201349934 5.292820323
      vertex 23.100000000 75.286475102 5.292820323
    endloop
  endfacet
  facet normal -0.304380714 -0.527202862 0.79335334
    outer loop
      vertex 22.934314575 64.105691409 5.165685425
      vertex 32.700000000 58.467470300 5.165685425
      vertex 32.700000000 58.658787350 5.292820323
    endloop
  endfacet
  facet normal -0.304380714 -0.527202862 0.79335334
    outer loop
      vertex 22.934314575 64.105691409 5.165685425
      vertex 32.700000000 58.658787350 5.292820323
      vertex 23.100000000 64.201349934 5.292820323
    endloop
  endfacet
  facet normal 0.304380714 -0.527202862 0.79335334
    outer loop
      vertex 32.700000000 58.467470300 5.165685425
      vertex 42.465685425 64.105691409 5.165685425
      vertex 42.300000000 64.201349934 5.292820323
    endloop
  endfacet
  facet normal 0.304380714 -0.527202862 0.79335334
    outer loop
      vertex 32.700000000 58.467470300 5.165685425
      vertex 42.300000000 64.201349934 5.292820323
      vertex 32.700000000 58.658787350 5.292820323
    endloop
  endfacet
  facet normal 0.608761429 -0 0.79335334
    outer loop
      vertex 42.465685425 64.105691409 5.165685425
      vertex 42.465685425 75.382133627 5.165685425
      vertex 42.300000000 75.286475102 5.292820323
    endloop
  endfacet
  facet normal 0.608761429 0 0.79335334
    outer loop
      vertex 42.465685425 64.105691409 5.165685425
      vertex 42.300000000 75.286475102 5.292820323
      vertex 42.300000000 64.201349934 5.292820323
    endloop
  endfacet
  facet normal 0.191341716 0.331413574 0.923879533
    outer loop
      vertex 42.300000000 75.286475102 5.292820323
      vertex 32.700000000 80.829037687 5.292820323
      vertex 32.700000000 80.606244264 5.372740661
    endloop
  endfacet
  facet normal 0.191341716 0.331413574 0.923879533
    outer loop
      vertex 42.300000000 75.286475102 5.292820323
      vertex 32.700000000 80.606244264 5.372740661
      vertex 42.107055236 75.175078391 5.372740661
    endloop
  endfacet
  facet normal -0.191341716 0.331413574 0.923879533
    outer loop
      vertex 32.700000000 80.829037687 5.292820323
      vertex 23.100000000 75.286475102 5.292820323
      vertex 23.292944764 75.175078391 5.372740661
    endloop
  endfacet
  facet normal -0.191341716 0.331413574 0.923879533
    outer loop
      vertex 32.700000000 80.829037687 5.292820323
      vertex 23.292944764 75.175078391 5.372740661
      vertex 32.700000000 80.606244264 5.372740661
    endloop
  endfacet
  facet normal -0.382683432 0 0.923879533
    outer loop
      vertex 23.100000000 75.286475102 5.292820323
      vertex 23.100000000 64.201349934 5.292820323
      vertex 23.292944764 64.312746645 5.372740661
    endloop
  endfacet
  facet normal -0.382683432 -1.24645656e-16 0.923879533
    outer loop
      vertex 23.100000000 75.286475102 5.292820323
      vertex 23.292944764 64.312746645 5.372740661
      vertex 23.292944764 75.175078391 5.372740661
    endloop
  endfacet
  facet normal -0.191341716 -0.331413574 0.923879533
    outer loop
      vertex 23.100000000 64.201349934 5.292820323
      vertex 32.700000000 58.658787350 5.292820323
      vertex 32.700000000 58.881580772 5.372740661
    endloop
  endfacet
  facet normal -0.191341716 -0.331413574 0.923879533
    outer loop
      vertex 23.100000000 64.201349934 5.292820323
      vertex 32.700000000 58.881580772 5.372740661
      vertex 23.292944764 64.312746645 5.372740661
    endloop
  endfacet
  facet normal 0.191341716 -0.331413574 0.923879533
    outer loop
      vertex 32.700000000 58.658787350 5.292820323
      vertex 42.300000000 64.201349934 5.292820323
      vertex 42.107055236 64.312746645 5.372740661
    endloop
  endfacet
  facet normal 0.191341716 -0.331413574 0.923879533
    outer loop
      vertex 32.700000000 58.658787350 5.292820323
      vertex 42.107055236 64.312746645 5.372740661
      vertex 32.700000000 58.881580772 5.372740661
    endloop
  endfacet
  facet normal 0.382683432 -0 0.923879533
    outer loop
      vertex 42.300000000 64.201349934 5.292820323
      vertex 42.300000000 75.286475102 5.292820323
      vertex 42.107055236 75.175078391 5.372740661
    endloop
  endfacet
  facet normal 0.382683432 0 0.923879533
    outer loop
      vertex 42.300000000 64.201349934 5.292820323
      vertex 42.107055236 75.175078391 5.372740661
      vertex 42.107055236 64.312746645 5.372740661
    endloop
  endfacet
  facet normal 0.0652630962 0.113038998 0.991444861
    outer loop
      vertex 42.107055236 75.175078391 5.372740661
      vertex 32.700000000 80.606244264 5.372740661
      vertex 32.700000000 80.367157471 5.400000000
    endloop
  endfacet
  facet normal 0.0652630962 0.113038998 0.991444861
    outer loop
      vertex 42.107055236 75.175078391 5.372740661
      vertex 32.700000000 80.367157471 5.400000000
      vertex 41.900000000 75.055534995 5.400000000
    endloop
  endfacet
  facet normal -0.0652630962 0.113038998 0.991444861
    outer loop
      vertex 32.700000000 80.606244264 5.372740661
      vertex 23.292944764 75.175078391 5.372740661
      vertex 23.500000000 75.055534995 5.400000000
    endloop
  endfacet
  facet normal -0.0652630962 0.113038998 0.991444861
    outer loop
      vertex 32.700000000 80.606244264 5.372740661
      vertex 23.500000000 75.055534995 5.400000000
      vertex 32.700000000 80.367157471 5.400000000
    endloop
  endfacet
  facet normal -0.130526192 -4.26908513e-17 0.991444861
    outer loop
      vertex 23.292944764 75.175078391 5.372740661
      vertex 23.292944764 64.312746645 5.372740661
      vertex 23.500000000 64.432290042 5.400000000
    endloop
  endfacet
  facet normal -0.130526192 -4.33958692e-17 0.991444861
    outer loop
      vertex 23.292944764 75.175078391 5.372740661
      vertex 23.500000000 64.432290042 5.400000000
      vertex 23.500000000 75.055534995 5.400000000
    endloop
  endfacet
  facet normal -0.0652630962 -0.113038998 0.991444861
    outer loop
      vertex 23.292944764 64.312746645 5.372740661
      vertex 32.700000000 58.881580772 5.372740661
      vertex 32.700000000 59.120667565 5.400000000
    endloop
  endfacet
  facet normal -0.0652630962 -0.113038998 0.991444861
    outer loop
      vertex 23.292944764 64.312746645 5.372740661
      vertex 32.700000000 59.120667565 5.400000000
      vertex 23.500000000 64.432290042 5.400000000
    endloop
  endfacet
  facet normal 0.0652630962 -0.113038998 0.991444861
    outer loop
      vertex 32.700000000 58.881580772 5.372740661
      vertex 42.107055236 64.312746645 5.372740661
      vertex 41.900000000 64.432290042 5.400000000
    endloop
  endfacet
  facet normal 0.0652630962 -0.113038998 0.991444861
    outer loop
      vertex 32.700000000 58.881580772 5.372740661
      vertex 41.900000000 64.432290042 5.400000000
      vertex 32.700000000 59.120667565 5.400000000
    endloop
  endfacet
  facet normal 0.130526192 -0 0.991444861
    outer loop
      vertex 42.107055236 64.312746645 5.372740661
      vertex 42.107055236 75.175078391 5.372740661
      vertex 41.900000000 75.055534995 5.400000000
    endloop
  endfacet
  facet normal 0.130526192 0 0.991444861
    outer loop
      vertex 42.107055236 64.312746645 5.372740661
      vertex 41.900000000 75.055534995 5.400000000
      vertex 41.900000000 64.432290042 5.400000000
    endloop
  endfacet
  facet normal 0 0 1
    outer loop
      vertex 41.900000000 75.055534995 5.400000000
      vertex 32.700000000 80.367157471 5.400000000
      vertex 23.500000000 75.055534995 5.400000000
    endloop
  endfacet
  facet normal 0 0 1
    outer loop
      vertex 41.900000000 75.055534995 5.400000000
      vertex 23.500000000 75.055534995 5.400000000
      vertex 23.500000000 64.432290042 5.400000000
    endloop
  endfacet
  facet normal 0 0 1
    outer loop
      vertex 41.900000000 75.055534995 5.400000000
      vertex 23.500000000 64.432290042 5.400000000
      vertex 32.700000000 59.120667565 5.400000000
    endloop
  endfacet
  facet normal 0 0 1
    outer loop
      vertex 41.900000000 75.055534995 5.400000000
      vertex 32.700000000 59.120667565 5.400000000
      vertex 41.900000000 64.432290042 5.400000000
    endloop
  endfacet
  facet normal 0 0 -1
    outer loop
      vertex 86.300000000 75.517415210 3.000000000
      vertex 66.300000000 75.517415210 3.000000000
      vertex 76.300000000 81.290917902 3.000000000
    endloop
  endfacet
  facet normal -0 0 -1
    outer loop
      vertex 86.300000000 75.517415210 3.000000000
      vertex 66.300000000 63.970409826 3.000000000
      vertex 66.300000000 75.517415210 3.000000000
    endloop
  endfacet
  facet normal 0 0 -1
    outer loop
      vertex 86.300000000 75.517415210 3.000000000
      vertex 76.300000000 58.196907134 3.000000000
      vertex 66.300000000 63.970409826 3.000000000
    endloop
  endfacet
  facet normal 0 0 -1
    outer loop
      vertex 86.300000000 75.517415210 3.000000000
      vertex 86.300000000 63.970409826 3.000000000
      vertex 76.300000000 58.196907134 3.000000000
    endloop
  endfacet
  facet normal 0.5 0.866025404 0
    outer loop
      vertex 86.300000000 75.517415210 3.000000000
      vertex 76.300000000 81.290917902 3.000000000
      vertex 76.300000000 81.290917902 4.600000000
    endloop
  endfacet
  facet normal 0.5 0.866025404 -0
    outer loop
      vertex 86.300000000 75.517415210 3.000000000
      vertex 76.300000000 81.290917902 4.600000000
      vertex 86.300000000 75.517415210 4.600000000
    endloop
  endfacet
  facet normal -0.5 0.866025404 0
    outer loop
      vertex 76.300000000 81.290917902 3.000000000
      vertex 66.300000000 75.517415210 3.000000000
      vertex 66.300000000 75.517415210 4.600000000
    endloop
  endfacet
  facet normal -0.5 0.866025404 0
    outer loop
      vertex 76.300000000 81.290917902 3.000000000
      vertex 66.300000000 75.517415210 4.600000000
      vertex 76.300000000 81.290917902 4.600000000
    endloop
  endfacet
  facet normal -1 0 0
    outer loop
      vertex 66.300000000 75.517415210 3.000000000
      vertex 66.300000000 63.970409826 3.000000000
      vertex 66.300000000 63.970409826 4.600000000
    endloop
  endfacet
  facet normal -1 0 0
    outer loop
      vertex 66.300000000 75.517415210 3.000000000
      vertex 66.300000000 63.970409826 4.600000000
      vertex 66.300000000 75.517415210 4.600000000
    endloop
  endfacet
  facet normal -0.5 -0.866025404 0
    outer loop
      vertex 66.300000000 63.970409826 3.000000000
      vertex 76.300000000 58.196907134 3.000000000
      vertex 76.300000000 58.196907134 4.600000000
    endloop
  endfacet
  facet normal -0.5 -0.866025404 0
    outer loop
      vertex 66.300000000 63.970409826 3.000000000
      vertex 76.300000000 58.196907134 4.600000000
      vertex 66.300000000 63.970409826 4.600000000
    endloop
  endfacet
  facet normal 0.5 -0.866025404 0
    outer loop
      vertex 76.300000000 58.196907134 3.000000000
      vertex 86.300000000 63.970409826 3.000000000
      vertex 86.300000000 63.970409826 4.600000000
    endloop
  endfacet
  facet normal 0.5 -0.866025404 0
    outer loop
      vertex 76.300000000 58.196907134 3.000000000
      vertex 86.300000000 63.970409826 4.600000000
      vertex 76.300000000 58.196907134 4.600000000
    endloop
  endfacet
  facet normal 1 -1.23069612e-15 0
    outer loop
      vertex 86.300000000 63.970409826 3.000000000
      vertex 86.300000000 75.517415210 3.000000000
      vertex 86.300000000 75.517415210 4.600000000
    endloop
  endfacet
  facet normal 1 -1.23069612e-15 0
    outer loop
      vertex 86.300000000 63.970409826 3.000000000
      vertex 86.300000000 75.517415210 4.600000000
      vertex 86.300000000 63.970409826 4.600000000
    endloop
  endfacet
  facet normal 0.495722431 0.858616436 0.130526192
    outer loop
      vertex 86.300000000 75.517415210 4.600000000
      vertex 76.300000000 81.290917902 4.600000000
      vertex 76.300000000 81.259441529 4.807055236
    endloop
  endfacet
  facet normal 0.495722431 0.858616436 0.130526192
    outer loop
      vertex 86.300000000 75.517415210 4.600000000
      vertex 76.300000000 81.259441529 4.807055236
      vertex 86.272740661 75.501677023 4.807055236
    endloop
  endfacet
  facet normal -0.495722431 0.858616436 0.130526192
    outer loop
      vertex 76.300000000 81.290917902 4.600000000
      vertex 66.300000000 75.517415210 4.600000000
      vertex 66.327259339 75.501677023 4.807055236
    endloop
  endfacet
  facet normal -0.495722431 0.858616436 0.130526192
    outer loop
      vertex 76.300000000 81.290917902 4.600000000
      vertex 66.327259339 75.501677023 4.807055236
      vertex 76.300000000 81.259441529 4.807055236
    endloop
  endfacet
  facet normal -0.991444861 0 0.130526192
    outer loop
      vertex 66.300000000 75.517415210 4.600000000
      vertex 66.300000000 63.970409826 4.600000000
      vertex 66.327259339 63.986148013 4.807055236
    endloop
  endfacet
  facet normal -0.991444861 0 0.130526192
    outer loop
      vertex 66.300000000 75.517415210 4.600000000
      vertex 66.327259339 63.986148013 4.807055236
      vertex 66.327259339 75.501677023 4.807055236
    endloop
  endfacet
  facet normal -0.495722431 -0.858616436 0.130526192
    outer loop
      vertex 66.300000000 63.970409826 4.600000000
      vertex 76.300000000 58.196907134 4.600000000
      vertex 76.300000000 58.228383508 4.807055236
    endloop
  endfacet
  facet normal -0.495722431 -0.858616436 0.130526192
    outer loop
      vertex 66.300000000 63.970409826 4.600000000
      vertex 76.300000000 58.228383508 4.807055236
      vertex 66.327259339 63.986148013 4.807055236
    endloop
  endfacet
  facet normal 0.495722431 -0.858616436 0.130526192
    outer loop
      vertex 76.300000000 58.196907134 4.600000000
      vertex 86.300000000 63.970409826 4.600000000
      vertex 86.272740661 63.986148013 4.807055236
    endloop
  endfacet
  facet normal 0.495722431 -0.858616436 0.130526192
    outer loop
      vertex 76.300000000 58.196907134 4.600000000
      vertex 86.272740661 63.986148013 4.807055236
      vertex 76.300000000 58.228383508 4.807055236
    endloop
  endfacet
  facet normal 0.991444861 -1.22016734e-15 0.130526192
    outer loop
      vertex 86.300000000 63.970409826 4.600000000
      vertex 86.300000000 75.517415210 4.600000000
      vertex 86.272740661 75.501677023 4.807055236
    endloop
  endfacet
  facet normal 0.991444861 -1.2233608e-15 0.130526192
    outer loop
      vertex 86.300000000 63.970409826 4.600000000
      vertex 86.272740661 75.501677023 4.807055236
      vertex 86.272740661 63.986148013 4.807055236
    endloop
  endfacet
  facet normal 0.461939766 0.800103145 0.382683432
    outer loop
      vertex 86.272740661 75.501677023 4.807055236
      vertex 76.300000000 81.259441529 4.807055236
      vertex 76.300000000 81.167157471 5.000000000
    endloop
  endfacet
  facet normal 0.461939766 0.800103145 0.382683432
    outer loop
      vertex 86.272740661 75.501677023 4.807055236
      vertex 76.300000000 81.167157471 5.000000000
      vertex 86.192820323 75.455534995 5.000000000
    endloop
  endfacet
  facet normal -0.461939766 0.800103145 0.382683432
    outer loop
      vertex 76.300000000 81.259441529 4.807055236
      vertex 66.327259339 75.501677023 4.807055236
      vertex 66.407179677 75.455534995 5.000000000
    endloop
  endfacet
  facet normal -0.461939766 0.800103145 0.382683432
    outer loop
      vertex 76.300000000 81.259441529 4.807055236
      vertex 66.407179677 75.455534995 5.000000000
      vertex 76.300000000 81.167157471 5.000000000
    endloop
  endfacet
  facet normal -0.923879533 0 0.382683432
    outer loop
      vertex 66.327259339 75.501677023 4.807055236
      vertex 66.327259339 63.986148013 4.807055236
      vertex 66.407179677 64.032290042 5.000000000
    endloop
  endfacet
  facet normal -0.923879533 0 0.382683432
    outer loop
      vertex 66.327259339 75.501677023 4.807055236
      vertex 66.407179677 64.032290042 5.000000000
      vertex 66.407179677 75.455534995 5.000000000
    endloop
  endfacet
  facet normal -0.461939766 -0.800103145 0.382683432
    outer loop
      vertex 66.327259339 63.986148013 4.807055236
      vertex 76.300000000 58.228383508 4.807055236
      vertex 76.300000000 58.320667565 5.000000000
    endloop
  endfacet
  facet normal -0.461939766 -0.800103145 0.382683432
    outer loop
      vertex 66.327259339 63.986148013 4.807055236
      vertex 76.300000000 58.320667565 5.000000000
      vertex 66.407179677 64.032290042 5.000000000
    endloop
  endfacet
  facet normal 0.461939766 -0.800103145 0.382683432
    outer loop
      vertex 76.300000000 58.228383508 4.807055236
      vertex 86.272740661 63.986148013 4.807055236
      vertex 86.192820323 64.032290042 5.000000000
    endloop
  endfacet
  facet normal 0.461939766 -0.800103145 0.382683432
    outer loop
      vertex 76.300000000 58.228383508 4.807055236
      vertex 86.192820323 64.032290042 5.000000000
      vertex 76.300000000 58.320667565 5.000000000
    endloop
  endfacet
  facet normal 0.923879533 -1.14012285e-15 0.382683432
    outer loop
      vertex 86.272740661 63.986148013 4.807055236
      vertex 86.272740661 75.501677023 4.807055236
      vertex 86.192820323 75.455534995 5.000000000
    endloop
  endfacet
  facet normal 0.923879533 -1.14889464e-15 0.382683432
    outer loop
      vertex 86.272740661 63.986148013 4.807055236
      vertex 86.192820323 75.455534995 5.000000000
      vertex 86.192820323 64.032290042 5.000000000
    endloop
  endfacet
  facet normal 0.39667667 0.687064147 0.608761429
    outer loop
      vertex 86.192820323 75.455534995 5.000000000
      vertex 76.300000000 81.167157471 5.000000000
      vertex 76.300000000 81.020354736 5.165685425
    endloop
  endfacet
  facet normal 0.39667667 0.687064147 0.608761429
    outer loop
      vertex 86.192820323 75.455534995 5.000000000
      vertex 76.300000000 81.020354736 5.165685425
      vertex 86.065685425 75.382133627 5.165685425
    endloop
  endfacet
  facet normal -0.39667667 0.687064147 0.608761429
    outer loop
      vertex 76.300000000 81.167157471 5.000000000
      vertex 66.407179677 75.455534995 5.000000000
      vertex 66.534314575 75.382133627 5.165685425
    endloop
  endfacet
  facet normal -0.39667667 0.687064147 0.608761429
    outer loop
      vertex 76.300000000 81.167157471 5.000000000
      vertex 66.534314575 75.382133627 5.165685425
      vertex 76.300000000 81.020354736 5.165685425
    endloop
  endfacet
  facet normal -0.79335334 0 0.608761429
    outer loop
      vertex 66.407179677 75.455534995 5.000000000
      vertex 66.407179677 64.032290042 5.000000000
      vertex 66.534314575 64.105691409 5.165685425
    endloop
  endfacet
  facet normal -0.79335334 0 0.608761429
    outer loop
      vertex 66.407179677 75.455534995 5.000000000
      vertex 66.534314575 64.105691409 5.165685425
      vertex 66.534314575 75.382133627 5.165685425
    endloop
  endfacet
  facet normal -0.39667667 -0.687064147 0.608761429
    outer loop
      vertex 66.407179677 64.032290042 5.000000000
      vertex 76.300000000 58.320667565 5.000000000
      vertex 76.300000000 58.467470300 5.165685425
    endloop
  endfacet
  facet normal -0.39667667 -0.687064147 0.608761429
    outer loop
      vertex 66.407179677 64.032290042 5.000000000
      vertex 76.300000000 58.467470300 5.165685425
      vertex 66.534314575 64.105691409 5.165685425
    endloop
  endfacet
  facet normal 0.39667667 -0.687064147 0.608761429
    outer loop
      vertex 76.300000000 58.320667565 5.000000000
      vertex 86.192820323 64.032290042 5.000000000
      vertex 86.065685425 64.105691409 5.165685425
    endloop
  endfacet
  facet normal 0.39667667 -0.687064147 0.608761429
    outer loop
      vertex 76.300000000 58.320667565 5.000000000
      vertex 86.065685425 64.105691409 5.165685425
      vertex 76.300000000 58.467470300 5.165685425
    endloop
  endfacet
  facet normal 0.79335334 -9.86955029e-16 0.608761429
    outer loop
      vertex 86.192820323 64.032290042 5.000000000
      vertex 86.192820323 75.455534995 5.000000000
      vertex 86.065685425 75.382133627 5.165685425
    endloop
  endfacet
  facet normal 0.79335334 -9.98849818e-16 0.608761429
    outer loop
      vertex 86.192820323 64.032290042 5.000000000
      vertex 86.065685425 75.382133627 5.165685425
      vertex 86.065685425 64.105691409 5.165685425
    endloop
  endfacet
  facet normal 0.304380714 0.527202862 0.79335334
    outer loop
      vertex 86.065685425 75.382133627 5.165685425
      vertex 76.300000000 81.020354736 5.165685425
      vertex 76.300000000 80.829037687 5.292820323
    endloop
  endfacet
  facet normal 0.304380714 0.527202862 0.79335334
    outer loop
      vertex 86.065685425 75.382133627 5.165685425
      vertex 76.300000000 80.829037687 5.292820323
      vertex 85.900000000 75.286475102 5.292820323
    endloop
  endfacet
  facet normal -0.304380714 0.527202862 0.79335334
    outer loop
      vertex 76.300000000 81.020354736 5.165685425
      vertex 66.534314575 75.382133627 5.165685425
      vertex 66.700000000 75.286475102 5.292820323
    endloop
  endfacet
  facet normal -0.304380714 0.527202862 0.79335334
    outer loop
      vertex 76.300000000 81.020354736 5.165685425
      vertex 66.700000000 75.286475102 5.292820323
      vertex 76.300000000 80.829037687 5.292820323
    endloop
  endfacet
  facet normal -0.608761429 0 0.79335334
    outer loop
      vertex 66.534314575 75.382133627 5.165685425
      vertex 66.534314575 64.105691409 5.165685425
      vertex 66.700000000 64.201349934 5.292820323
    endloop
  endfacet
  facet normal -0.608761429 0 0.79335334
    outer loop
      vertex 66.534314575 75.382133627 5.165685425
      vertex 66.700000000 64.201349934 5.292820323
      vertex 66.700000000 75.286475102 5.292820323
    endloop
  endfacet
  facet normal -0.304380714 -0.527202862 0.79335334
    outer loop
      vertex 66.534314575 64.105691409 5.165685425
      vertex 76.300000000 58.467470300 5.165685425
      vertex 76.300000000 58.658787350 5.292820323
    endloop
  endfacet
  facet normal -0.304380714 -0.527202862 0.79335334
    outer loop
      vertex 66.534314575 64.105691409 5.165685425
      vertex 76.300000000 58.658787350 5.292820323
      vertex 66.700000000 64.201349934 5.292820323
    endloop
  endfacet
  facet normal 0.304380714 -0.527202862 0.79335334
    outer loop
      vertex 76.300000000 58.467470300 5.165685425
      vertex 86.065685425 64.105691409 5.165685425
      vertex 85.900000000 64.201349934 5.292820323
    endloop
  endfacet
  facet normal 0.304380714 -0.527202862 0.79335334
    outer loop
      vertex 76.300000000 58.467470300 5.165685425
      vertex 85.900000000 64.201349934 5.292820323
      vertex 76.300000000 58.658787350 5.292820323
    endloop
  endfacet
  facet normal 0.608761429 -7.67176389e-16 0.79335334
    outer loop
      vertex 86.065685425 64.105691409 5.165685425
      vertex 86.065685425 75.382133627 5.165685425
      vertex 85.900000000 75.286475102 5.292820323
    endloop
  endfacet
  facet normal 0.608761429 -7.80799852e-16 0.79335334
    outer loop
      vertex 86.065685425 64.105691409 5.165685425
      vertex 85.900000000 75.286475102 5.292820323
      vertex 85.900000000 64.201349934 5.292820323
    endloop
  endfacet
  facet normal 0.191341716 0.331413574 0.923879533
    outer loop
      vertex 85.900000000 75.286475102 5.292820323
      vertex 76.300000000 80.829037687 5.292820323
      vertex 76.300000000 80.606244264 5.372740661
    endloop
  endfacet
  facet normal 0.191341716 0.331413574 0.923879533
    outer loop
      vertex 85.900000000 75.286475102 5.292820323
      vertex 76.300000000 80.606244264 5.372740661
      vertex 85.707055236 75.175078391 5.372740661
    endloop
  endfacet
  facet normal -0.191341716 0.331413574 0.923879533
    outer loop
      vertex 76.300000000 80.829037687 5.292820323
      vertex 66.700000000 75.286475102 5.292820323
      vertex 66.892944764 75.175078391 5.372740661
    endloop
  endfacet
  facet normal -0.191341716 0.331413574 0.923879533
    outer loop
      vertex 76.300000000 80.829037687 5.292820323
      vertex 66.892944764 75.175078391 5.372740661
      vertex 76.300000000 80.606244264 5.372740661
    endloop
  endfacet
  facet normal -0.382683432 0 0.923879533
    outer loop
      vertex 66.700000000 75.286475102 5.292820323
      vertex 66.700000000 64.201349934 5.292820323
      vertex 66.892944764 64.312746645 5.372740661
    endloop
  endfacet
  facet normal -0.382683432 0 0.923879533
    outer loop
      vertex 66.700000000 75.286475102 5.292820323
      vertex 66.892944764 64.312746645 5.372740661
      vertex 66.892944764 75.175078391 5.372740661
    endloop
  endfacet
  facet normal -0.191341716 -0.331413574 0.923879533
    outer loop
      vertex 66.700000000 64.201349934 5.292820323
      vertex 76.300000000 58.658787350 5.292820323
      vertex 76.300000000 58.881580772 5.372740661
    endloop
  endfacet
  facet normal -0.191341716 -0.331413574 0.923879533
    outer loop
      vertex 66.700000000 64.201349934 5.292820323
      vertex 76.300000000 58.881580772 5.372740661
      vertex 66.892944764 64.312746645 5.372740661
    endloop
  endfacet
  facet normal 0.191341716 -0.331413574 0.923879533
    outer loop
      vertex 76.300000000 58.658787350 5.292820323
      vertex 85.900000000 64.201349934 5.292820323
      vertex 85.707055236 64.312746645 5.372740661
    endloop
  endfacet
  facet normal 0.191341716 -0.331413574 0.923879533
    outer loop
      vertex 76.300000000 58.658787350 5.292820323
      vertex 85.707055236 64.312746645 5.372740661
      vertex 76.300000000 58.881580772 5.372740661
    endloop
  endfacet
  facet normal 0.382683432 -4.90590641e-16 0.923879533
    outer loop
      vertex 85.900000000 64.201349934 5.292820323
      vertex 85.900000000 75.286475102 5.292820323
      vertex 85.707055236 75.175078391 5.372740661
    endloop
  endfacet
  facet normal 0.382683432 -5.00876714e-16 0.923879533
    outer loop
      vertex 85.900000000 64.201349934 5.292820323
      vertex 85.707055236 75.175078391 5.372740661
      vertex 85.707055236 64.312746645 5.372740661
    endloop
  endfacet
  facet normal 0.0652630962 0.113038998 0.991444861
    outer loop
      vertex 85.707055236 75.175078391 5.372740661
      vertex 76.300000000 80.606244264 5.372740661
      vertex 76.300000000 80.367157471 5.400000000
    endloop
  endfacet
  facet normal 0.0652630962 0.113038998 0.991444861
    outer loop
      vertex 85.707055236 75.175078391 5.372740661
      vertex 76.300000000 80.367157471 5.400000000
      vertex 85.500000000 75.055534995 5.400000000
    endloop
  endfacet
  facet normal -0.0652630962 0.113038998 0.991444861
    outer loop
      vertex 76.300000000 80.606244264 5.372740661
      vertex 66.892944764 75.175078391 5.372740661
      vertex 67.100000000 75.055534995 5.400000000
    endloop
  endfacet
  facet normal -0.0652630962 0.113038998 0.991444861
    outer loop
      vertex 76.300000000 80.606244264 5.372740661
      vertex 67.100000000 75.055534995 5.400000000
      vertex 76.300000000 80.367157471 5.400000000
    endloop
  endfacet
  facet normal -0.130526192 0 0.991444861
    outer loop
      vertex 66.892944764 75.175078391 5.372740661
      vertex 66.892944764 64.312746645 5.372740661
      vertex 67.100000000 64.432290042 5.400000000
    endloop
  endfacet
  facet normal -0.130526192 0 0.991444861
    outer loop
      vertex 66.892944764 75.175078391 5.372740661
      vertex 67.100000000 64.432290042 5.400000000
      vertex 67.100000000 75.055534995 5.400000000
    endloop
  endfacet
  facet normal -0.0652630962 -0.113038998 0.991444861
    outer loop
      vertex 66.892944764 64.312746645 5.372740661
      vertex 76.300000000 58.881580772 5.372740661
      vertex 76.300000000 59.120667565 5.400000000
    endloop
  endfacet
  facet normal -0.0652630962 -0.113038998 0.991444861
    outer loop
      vertex 66.892944764 64.312746645 5.372740661
      vertex 76.300000000 59.120667565 5.400000000
      vertex 67.100000000 64.432290042 5.400000000
    endloop
  endfacet
  facet normal 0.0652630962 -0.113038998 0.991444861
    outer loop
      vertex 76.300000000 58.881580772 5.372740661
      vertex 85.707055236 64.312746645 5.372740661
      vertex 85.500000000 64.432290042 5.400000000
    endloop
  endfacet
  facet normal 0.0652630962 -0.113038998 0.991444861
    outer loop
      vertex 76.300000000 58.881580772 5.372740661
      vertex 85.500000000 64.432290042 5.400000000
      vertex 76.300000000 59.120667565 5.400000000
    endloop
  endfacet
  facet normal 0.130526192 -1.70763405e-16 0.991444861
    outer loop
      vertex 85.707055236 64.312746645 5.372740661
      vertex 85.707055236 75.175078391 5.372740661
      vertex 85.500000000 75.055534995 5.400000000
    endloop
  endfacet
  facet normal 0.130526192 -1.74365385e-16 0.991444861
    outer loop
      vertex 85.707055236 64.312746645 5.372740661
      vertex 85.500000000 75.055534995 5.400000000
      vertex 85.500000000 64.432290042 5.400000000
    endloop
  endfacet
  facet normal 0 0 1
    outer loop
      vertex 85.500000000 75.055534995 5.400000000
      vertex 76.300000000 80.367157471 5.400000000
      vertex 67.100000000 75.055534995 5.400000000
    endloop
  endfacet
  facet normal 0 0 1
    outer loop
      vertex 85.500000000 75.055534995 5.400000000
      vertex 67.100000000 75.055534995 5.400000000
      vertex 67.100000000 64.432290042 5.400000000
    endloop
  endfacet
  facet normal 0 0 1
    outer loop
      vertex 85.500000000 75.055534995 5.400000000
      vertex 67.100000000 64.432290042 5.400000000
      vertex 76.300000000 59.120667565 5.400000000
    endloop
  endfacet
  facet normal 0 0 1
    outer loop
      vertex 85.500000000 75.055534995 5.400000000
      vertex 76.300000000 59.120667565 5.400000000
      vertex 85.500000000 64.432290042 5.400000000
    endloop
  endfacet
  facet normal 0 0 -1
    outer loop
      vertex 129.900000000 75.517415210 3.000000000
      vertex 109.900000000 75.517415210 3.000000000
      vertex 119.900000000 81.290917902 3.000000000
    endloop
  endfacet
  facet normal -0 0 -1
    outer loop
      vertex 129.900000000 75.517415210 3.000000000
      vertex 109.900000000 63.970409826 3.000000000
      vertex 109.900000000 75.517415210 3.000000000
    endloop
  endfacet
  facet normal 0 0 -1
    outer loop
      vertex 129.900000000 75.517415210 3.000000000
      vertex 119.900000000 58.196907134 3.000000000
      vertex 109.900000000 63.970409826 3.000000000
    endloop
  endfacet
  facet normal 0 -0 -1
    outer loop
      vertex 129.900000000 75.517415210 3.000000000
      vertex 129.900000000 63.970409826 3.000000000
      vertex 119.900000000 58.196907134 3.000000000
    endloop
  endfacet
  facet normal 0.5 0.866025404 0
    outer loop
      vertex 129.900000000 75.517415210 3.000000000
      vertex 119.900000000 81.290917902 3.000000000
      vertex 119.900000000 81.290917902 4.600000000
    endloop
  endfacet
  facet normal 0.5 0.866025404 -0
    outer loop
      vertex 129.900000000 75.517415210 3.000000000
      vertex 119.900000000 81.290917902 4.600000000
      vertex 129.900000000 75.517415210 4.600000000
    endloop
  endfacet
  facet normal -0.5 0.866025404 0
    outer loop
      vertex 119.900000000 81.290917902 3.000000000
      vertex 109.900000000 75.517415210 3.000000000
      vertex 109.900000000 75.517415210 4.600000000
    endloop
  endfacet
  facet normal -0.5 0.866025404 0
    outer loop
      vertex 119.900000000 81.290917902 3.000000000
      vertex 109.900000000 75.517415210 4.600000000
      vertex 119.900000000 81.290917902 4.600000000
    endloop
  endfacet
  facet normal -1 0 0
    outer loop
      vertex 109.900000000 75.517415210 3.000000000
      vertex 109.900000000 63.970409826 3.000000000
      vertex 109.900000000 63.970409826 4.600000000
    endloop
  endfacet
  facet normal -1 0 0
    outer loop
      vertex 109.900000000 75.517415210 3.000000000
      vertex 109.900000000 63.970409826 4.600000000
      vertex 109.900000000 75.517415210 4.600000000
    endloop
  endfacet
  facet normal -0.5 -0.866025404 0
    outer loop
      vertex 109.900000000 63.970409826 3.000000000
      vertex 119.900000000 58.196907134 3.000000000
      vertex 119.900000000 58.196907134 4.600000000
    endloop
  endfacet
  facet normal -0.5 -0.866025404 0
    outer loop
      vertex 109.900000000 63.970409826 3.000000000
      vertex 119.900000000 58.196907134 4.600000000
      vertex 109.900000000 63.970409826 4.600000000
    endloop
  endfacet
  facet normal 0.5 -0.866025404 0
    outer loop
      vertex 119.900000000 58.196907134 3.000000000
      vertex 129.900000000 63.970409826 3.000000000
      vertex 129.900000000 63.970409826 4.600000000
    endloop
  endfacet
  facet normal 0.5 -0.866025404 0
    outer loop
      vertex 119.900000000 58.196907134 3.000000000
      vertex 129.900000000 63.970409826 4.600000000
      vertex 119.900000000 58.196907134 4.600000000
    endloop
  endfacet
  facet normal 1 0 0
    outer loop
      vertex 129.900000000 63.970409826 3.000000000
      vertex 129.900000000 75.517415210 3.000000000
      vertex 129.900000000 75.517415210 4.600000000
    endloop
  endfacet
  facet normal 1 0 0
    outer loop
      vertex 129.900000000 63.970409826 3.000000000
      vertex 129.900000000 75.517415210 4.600000000
      vertex 129.900000000 63.970409826 4.600000000
    endloop
  endfacet
  facet normal 0.495722431 0.858616436 0.130526192
    outer loop
      vertex 129.900000000 75.517415210 4.600000000
      vertex 119.900000000 81.290917902 4.600000000
      vertex 119.900000000 81.259441529 4.807055236
    endloop
  endfacet
  facet normal 0.495722431 0.858616436 0.130526192
    outer loop
      vertex 129.900000000 75.517415210 4.600000000
      vertex 119.900000000 81.259441529 4.807055236
      vertex 129.872740661 75.501677023 4.807055236
    endloop
  endfacet
  facet normal -0.495722431 0.858616436 0.130526192
    outer loop
      vertex 119.900000000 81.290917902 4.600000000
      vertex 109.900000000 75.517415210 4.600000000
      vertex 109.927259339 75.501677023 4.807055236
    endloop
  endfacet
  facet normal -0.495722431 0.858616436 0.130526192
    outer loop
      vertex 119.900000000 81.290917902 4.600000000
      vertex 109.927259339 75.501677023 4.807055236
      vertex 119.900000000 81.259441529 4.807055236
    endloop
  endfacet
  facet normal -0.991444861 0 0.130526192
    outer loop
      vertex 109.900000000 75.517415210 4.600000000
      vertex 109.900000000 63.970409826 4.600000000
      vertex 109.927259339 63.986148013 4.807055236
    endloop
  endfacet
  facet normal -0.991444861 0 0.130526192
    outer loop
      vertex 109.900000000 75.517415210 4.600000000
      vertex 109.927259339 63.986148013 4.807055236
      vertex 109.927259339 75.501677023 4.807055236
    endloop
  endfacet
  facet normal -0.495722431 -0.858616436 0.130526192
    outer loop
      vertex 109.900000000 63.970409826 4.600000000
      vertex 119.900000000 58.196907134 4.600000000
      vertex 119.900000000 58.228383508 4.807055236
    endloop
  endfacet
  facet normal -0.495722431 -0.858616436 0.130526192
    outer loop
      vertex 109.900000000 63.970409826 4.600000000
      vertex 119.900000000 58.228383508 4.807055236
      vertex 109.927259339 63.986148013 4.807055236
    endloop
  endfacet
  facet normal 0.495722431 -0.858616436 0.130526192
    outer loop
      vertex 119.900000000 58.196907134 4.600000000
      vertex 129.900000000 63.970409826 4.600000000
      vertex 129.872740661 63.986148013 4.807055236
    endloop
  endfacet
  facet normal 0.495722431 -0.858616436 0.130526192
    outer loop
      vertex 119.900000000 58.196907134 4.600000000
      vertex 129.872740661 63.986148013 4.807055236
      vertex 119.900000000 58.228383508 4.807055236
    endloop
  endfacet
  facet normal 0.991444861 -0 0.130526192
    outer loop
      vertex 129.900000000 63.970409826 4.600000000
      vertex 129.900000000 75.517415210 4.600000000
      vertex 129.872740661 75.501677023 4.807055236
    endloop
  endfacet
  facet normal 0.991444861 0 0.130526192
    outer loop
      vertex 129.900000000 63.970409826 4.600000000
      vertex 129.872740661 75.501677023 4.807055236
      vertex 129.872740661 63.986148013 4.807055236
    endloop
  endfacet
  facet normal 0.461939766 0.800103145 0.382683432
    outer loop
      vertex 129.872740661 75.501677023 4.807055236
      vertex 119.900000000 81.259441529 4.807055236
      vertex 119.900000000 81.167157471 5.000000000
    endloop
  endfacet
  facet normal 0.461939766 0.800103145 0.382683432
    outer loop
      vertex 129.872740661 75.501677023 4.807055236
      vertex 119.900000000 81.167157471 5.000000000
      vertex 129.792820323 75.455534995 5.000000000
    endloop
  endfacet
  facet normal -0.461939766 0.800103145 0.382683432
    outer loop
      vertex 119.900000000 81.259441529 4.807055236
      vertex 109.927259339 75.501677023 4.807055236
      vertex 110.007179677 75.455534995 5.000000000
    endloop
  endfacet
  facet normal -0.461939766 0.800103145 0.382683432
    outer loop
      vertex 119.900000000 81.259441529 4.807055236
      vertex 110.007179677 75.455534995 5.000000000
      vertex 119.900000000 81.167157471 5.000000000
    endloop
  endfacet
  facet normal -0.923879533 0 0.382683432
    outer loop
      vertex 109.927259339 75.501677023 4.807055236
      vertex 109.927259339 63.986148013 4.807055236
      vertex 110.007179677 64.032290042 5.000000000
    endloop
  endfacet
  facet normal -0.923879533 0 0.382683432
    outer loop
      vertex 109.927259339 75.501677023 4.807055236
      vertex 110.007179677 64.032290042 5.000000000
      vertex 110.007179677 75.455534995 5.000000000
    endloop
  endfacet
  facet normal -0.461939766 -0.800103145 0.382683432
    outer loop
      vertex 109.927259339 63.986148013 4.807055236
      vertex 119.900000000 58.228383508 4.807055236
      vertex 119.900000000 58.320667565 5.000000000
    endloop
  endfacet
  facet normal -0.461939766 -0.800103145 0.382683432
    outer loop
      vertex 109.927259339 63.986148013 4.807055236
      vertex 119.900000000 58.320667565 5.000000000
      vertex 110.007179677 64.032290042 5.000000000
    endloop
  endfacet
  facet normal 0.461939766 -0.800103145 0.382683432
    outer loop
      vertex 119.900000000 58.228383508 4.807055236
      vertex 129.872740661 63.986148013 4.807055236
      vertex 129.792820323 64.032290042 5.000000000
    endloop
  endfacet
  facet normal 0.461939766 -0.800103145 0.382683432
    outer loop
      vertex 119.900000000 58.228383508 4.807055236
      vertex 129.792820323 64.032290042 5.000000000
      vertex 119.900000000 58.320667565 5.000000000
    endloop
  endfacet
  facet normal 0.923879533 -0 0.382683432
    outer loop
      vertex 129.872740661 63.986148013 4.807055236
      vertex 129.872740661 75.501677023 4.807055236
      vertex 129.792820323 75.455534995 5.000000000
    endloop
  endfacet
  facet normal 0.923879533 0 0.382683432
    outer loop
      vertex 129.872740661 63.986148013 4.807055236
      vertex 129.792820323 75.455534995 5.000000000
      vertex 129.792820323 64.032290042 5.000000000
    endloop
  endfacet
  facet normal 0.39667667 0.687064147 0.608761429
    outer loop
      vertex 129.792820323 75.455534995 5.000000000
      vertex 119.900000000 81.167157471 5.000000000
      vertex 119.900000000 81.020354736 5.165685425
    endloop
  endfacet
  facet normal 0.39667667 0.687064147 0.608761429
    outer loop
      vertex 129.792820323 75.455534995 5.000000000
      vertex 119.900000000 81.020354736 5.165685425
      vertex 129.665685425 75.382133627 5.165685425
    endloop
  endfacet
  facet normal -0.39667667 0.687064147 0.608761429
    outer loop
      vertex 119.900000000 81.167157471 5.000000000
      vertex 110.007179677 75.455534995 5.000000000
      vertex 110.134314575 75.382133627 5.165685425
    endloop
  endfacet
  facet normal -0.39667667 0.687064147 0.608761429
    outer loop
      vertex 119.900000000 81.167157471 5.000000000
      vertex 110.134314575 75.382133627 5.165685425
      vertex 119.900000000 81.020354736 5.165685425
    endloop
  endfacet
  facet normal -0.79335334 0 0.608761429
    outer loop
      vertex 110.007179677 75.455534995 5.000000000
      vertex 110.007179677 64.032290042 5.000000000
      vertex 110.134314575 64.105691409 5.165685425
    endloop
  endfacet
  facet normal -0.79335334 0 0.608761429
    outer loop
      vertex 110.007179677 75.455534995 5.000000000
      vertex 110.134314575 64.105691409 5.165685425
      vertex 110.134314575 75.382133627 5.165685425
    endloop
  endfacet
  facet normal -0.39667667 -0.687064147 0.608761429
    outer loop
      vertex 110.007179677 64.032290042 5.000000000
      vertex 119.900000000 58.320667565 5.000000000
      vertex 119.900000000 58.467470300 5.165685425
    endloop
  endfacet
  facet normal -0.39667667 -0.687064147 0.608761429
    outer loop
      vertex 110.007179677 64.032290042 5.000000000
      vertex 119.900000000 58.467470300 5.165685425
      vertex 110.134314575 64.105691409 5.165685425
    endloop
  endfacet
  facet normal 0.39667667 -0.687064147 0.608761429
    outer loop
      vertex 119.900000000 58.320667565 5.000000000
      vertex 129.792820323 64.032290042 5.000000000
      vertex 129.665685425 64.105691409 5.165685425
    endloop
  endfacet
  facet normal 0.39667667 -0.687064147 0.608761429
    outer loop
      vertex 119.900000000 58.320667565 5.000000000
      vertex 129.665685425 64.105691409 5.165685425
      vertex 119.900000000 58.467470300 5.165685425
    endloop
  endfacet
  facet normal 0.79335334 -0 0.608761429
    outer loop
      vertex 129.792820323 64.032290042 5.000000000
      vertex 129.792820323 75.455534995 5.000000000
      vertex 129.665685425 75.382133627 5.165685425
    endloop
  endfacet
  facet normal 0.79335334 0 0.608761429
    outer loop
      vertex 129.792820323 64.032290042 5.000000000
      vertex 129.665685425 75.382133627 5.165685425
      vertex 129.665685425 64.105691409 5.165685425
    endloop
  endfacet
  facet normal 0.304380714 0.527202862 0.79335334
    outer loop
      vertex 129.665685425 75.382133627 5.165685425
      vertex 119.900000000 81.020354736 5.165685425
      vertex 119.900000000 80.829037687 5.292820323
    endloop
  endfacet
  facet normal 0.304380714 0.527202862 0.79335334
    outer loop
      vertex 129.665685425 75.382133627 5.165685425
      vertex 119.900000000 80.829037687 5.292820323
      vertex 129.500000000 75.286475102 5.292820323
    endloop
  endfacet
  facet normal -0.304380714 0.527202862 0.79335334
    outer loop
      vertex 119.900000000 81.020354736 5.165685425
      vertex 110.134314575 75.382133627 5.165685425
      vertex 110.300000000 75.286475102 5.292820323
    endloop
  endfacet
  facet normal -0.304380714 0.527202862 0.79335334
    outer loop
      vertex 119.900000000 81.020354736 5.165685425
      vertex 110.300000000 75.286475102 5.292820323
      vertex 119.900000000 80.829037687 5.292820323
    endloop
  endfacet
  facet normal -0.608761429 0 0.79335334
    outer loop
      vertex 110.134314575 75.382133627 5.165685425
      vertex 110.134314575 64.105691409 5.165685425
      vertex 110.300000000 64.201349934 5.292820323
    endloop
  endfacet
  facet normal -0.608761429 0 0.79335334
    outer loop
      vertex 110.134314575 75.382133627 5.165685425
      vertex 110.300000000 64.201349934 5.292820323
      vertex 110.300000000 75.286475102 5.292820323
    endloop
  endfacet
  facet normal -0.304380714 -0.527202862 0.79335334
    outer loop
      vertex 110.134314575 64.105691409 5.165685425
      vertex 119.900000000 58.467470300 5.165685425
      vertex 119.900000000 58.658787350 5.292820323
    endloop
  endfacet
  facet normal -0.304380714 -0.527202862 0.79335334
    outer loop
      vertex 110.134314575 64.105691409 5.165685425
      vertex 119.900000000 58.658787350 5.292820323
      vertex 110.300000000 64.201349934 5.292820323
    endloop
  endfacet
  facet normal 0.304380714 -0.527202862 0.79335334
    outer loop
      vertex 119.900000000 58.467470300 5.165685425
      vertex 129.665685425 64.105691409 5.165685425
      vertex 129.500000000 64.201349934 5.292820323
    endloop
  endfacet
  facet normal 0.304380714 -0.527202862 0.79335334
    outer loop
      vertex 119.900000000 58.467470300 5.165685425
      vertex 129.500000000 64.201349934 5.292820323
      vertex 119.900000000 58.658787350 5.292820323
    endloop
  endfacet
  facet normal 0.608761429 -0 0.79335334
    outer loop
      vertex 129.665685425 64.105691409 5.165685425
      vertex 129.665685425 75.382133627 5.165685425
      vertex 129.500000000 75.286475102 5.292820323
    endloop
  endfacet
  facet normal 0.608761429 0 0.79335334
    outer loop
      vertex 129.665685425 64.105691409 5.165685425
      vertex 129.500000000 75.286475102 5.292820323
      vertex 129.500000000 64.201349934 5.292820323
    endloop
  endfacet
  facet normal 0.191341716 0.331413574 0.923879533
    outer loop
      vertex 129.500000000 75.286475102 5.292820323
      vertex 119.900000000 80.829037687 5.292820323
      vertex 119.900000000 80.606244264 5.372740661
    endloop
  endfacet
  facet normal 0.191341716 0.331413574 0.923879533
    outer loop
      vertex 129.500000000 75.286475102 5.292820323
      vertex 119.900000000 80.606244264 5.372740661
      vertex 129.307055236 75.175078391 5.372740661
    endloop
  endfacet
  facet normal -0.191341716 0.331413574 0.923879533
    outer loop
      vertex 119.900000000 80.829037687 5.292820323
      vertex 110.300000000 75.286475102 5.292820323
      vertex 110.492944764 75.175078391 5.372740661
    endloop
  endfacet
  facet normal -0.191341716 0.331413574 0.923879533
    outer loop
      vertex 119.900000000 80.829037687 5.292820323
      vertex 110.492944764 75.175078391 5.372740661
      vertex 119.900000000 80.606244264 5.372740661
    endloop
  endfacet
  facet normal -0.382683432 0 0.923879533
    outer loop
      vertex 110.300000000 75.286475102 5.292820323
      vertex 110.300000000 64.201349934 5.292820323
      vertex 110.492944764 64.312746645 5.372740661
    endloop
  endfacet
  facet normal -0.382683432 0 0.923879533
    outer loop
      vertex 110.300000000 75.286475102 5.292820323
      vertex 110.492944764 64.312746645 5.372740661
      vertex 110.492944764 75.175078391 5.372740661
    endloop
  endfacet
  facet normal -0.191341716 -0.331413574 0.923879533
    outer loop
      vertex 110.300000000 64.201349934 5.292820323
      vertex 119.900000000 58.658787350 5.292820323
      vertex 119.900000000 58.881580772 5.372740661
    endloop
  endfacet
  facet normal -0.191341716 -0.331413574 0.923879533
    outer loop
      vertex 110.300000000 64.201349934 5.292820323
      vertex 119.900000000 58.881580772 5.372740661
      vertex 110.492944764 64.312746645 5.372740661
    endloop
  endfacet
  facet normal 0.191341716 -0.331413574 0.923879533
    outer loop
      vertex 119.900000000 58.658787350 5.292820323
      vertex 129.500000000 64.201349934 5.292820323
      vertex 129.307055236 64.312746645 5.372740661
    endloop
  endfacet
  facet normal 0.191341716 -0.331413574 0.923879533
    outer loop
      vertex 119.900000000 58.658787350 5.292820323
      vertex 129.307055236 64.312746645 5.372740661
      vertex 119.900000000 58.881580772 5.372740661
    endloop
  endfacet
  facet normal 0.382683432 -0 0.923879533
    outer loop
      vertex 129.500000000 64.201349934 5.292820323
      vertex 129.500000000 75.286475102 5.292820323
      vertex 129.307055236 75.175078391 5.372740661
    endloop
  endfacet
  facet normal 0.382683432 0 0.923879533
    outer loop
      vertex 129.500000000 64.201349934 5.292820323
      vertex 129.307055236 75.175078391 5.372740661
      vertex 129.307055236 64.312746645 5.372740661
    endloop
  endfacet
  facet normal 0.0652630962 0.113038998 0.991444861
    outer loop
      vertex 129.307055236 75.175078391 5.372740661
      vertex 119.900000000 80.606244264 5.372740661
      vertex 119.900000000 80.367157471 5.400000000
    endloop
  endfacet
  facet normal 0.0652630962 0.113038998 0.991444861
    outer loop
      vertex 129.307055236 75.175078391 5.372740661
      vertex 119.900000000 80.367157471 5.400000000
      vertex 129.100000000 75.055534995 5.400000000
    endloop
  endfacet
  facet normal -0.0652630962 0.113038998 0.991444861
    outer loop
      vertex 119.900000000 80.606244264 5.372740661
      vertex 110.492944764 75.175078391 5.372740661
      vertex 110.700000000 75.055534995 5.400000000
    endloop
  endfacet
  facet normal -0.0652630962 0.113038998 0.991444861
    outer loop
      vertex 119.900000000 80.606244264 5.372740661
      vertex 110.700000000 75.055534995 5.400000000
      vertex 119.900000000 80.367157471 5.400000000
    endloop
  endfacet
  facet normal -0.130526192 0 0.991444861
    outer loop
      vertex 110.492944764 75.175078391 5.372740661
      vertex 110.492944764 64.312746645 5.372740661
      vertex 110.700000000 64.432290042 5.400000000
    endloop
  endfacet
  facet normal -0.130526192 0 0.991444861
    outer loop
      vertex 110.492944764 75.175078391 5.372740661
      vertex 110.700000000 64.432290042 5.400000000
      vertex 110.700000000 75.055534995 5.400000000
    endloop
  endfacet
  facet normal -0.0652630962 -0.113038998 0.991444861
    outer loop
      vertex 110.492944764 64.312746645 5.372740661
      vertex 119.900000000 58.881580772 5.372740661
      vertex 119.900000000 59.120667565 5.400000000
    endloop
  endfacet
  facet normal -0.0652630962 -0.113038998 0.991444861
    outer loop
      vertex 110.492944764 64.312746645 5.372740661
      vertex 119.900000000 59.120667565 5.400000000
      vertex 110.700000000 64.432290042 5.400000000
    endloop
  endfacet
  facet normal 0.0652630962 -0.113038998 0.991444861
    outer loop
      vertex 119.900000000 58.881580772 5.372740661
      vertex 129.307055236 64.312746645 5.372740661
      vertex 129.100000000 64.432290042 5.400000000
    endloop
  endfacet
  facet normal 0.0652630962 -0.113038998 0.991444861
    outer loop
      vertex 119.900000000 58.881580772 5.372740661
      vertex 129.100000000 64.432290042 5.400000000
      vertex 119.900000000 59.120667565 5.400000000
    endloop
  endfacet
  facet normal 0.130526192 -0 0.991444861
    outer loop
      vertex 129.307055236 64.312746645 5.372740661
      vertex 129.307055236 75.175078391 5.372740661
      vertex 129.100000000 75.055534995 5.400000000
    endloop
  endfacet
  facet normal 0.130526192 0 0.991444861
    outer loop
      vertex 129.307055236 64.312746645 5.372740661
      vertex 129.100000000 75.055534995 5.400000000
      vertex 129.100000000 64.432290042 5.400000000
    endloop
  endfacet
  facet normal 0 0 1
    outer loop
      vertex 129.100000000 75.055534995 5.400000000
      vertex 119.900000000 80.367157471 5.400000000
      vertex 110.700000000 75.055534995 5.400000000
    endloop
  endfacet
  facet normal 0 0 1
    outer loop
      vertex 129.100000000 75.055534995 5.400000000
      vertex 110.700000000 75.055534995 5.400000000
      vertex 110.700000000 64.432290042 5.400000000
    endloop
  endfacet
  facet normal 0 0 1
    outer loop
      vertex 129.100000000 75.055534995 5.400000000
      vertex 110.700000000 64.432290042 5.400000000
      vertex 119.900000000 59.120667565 5.400000000
    endloop
  endfacet
  facet normal 0 0 1
    outer loop
      vertex 129.100000000 75.055534995 5.400000000
      vertex 119.900000000 59.120667565 5.400000000
      vertex 129.100000000 64.432290042 5.400000000
    endloop
  endfacet
  facet normal -0 0 -1
    outer loop
      vertex 10.000000000 94.396769013 3.000000000
      vertex 0.900000000 94.396769013 3.000000000
      vertex 0.900000000 99.650656462 3.000000000
    endloop
  endfacet
  facet normal 0 0 -1
    outer loop
      vertex 10.000000000 94.396769013 3.000000000
      vertex 0.900000000 89.142881563 3.000000000
      vertex 0.900000000 94.396769013 3.000000000
    endloop
  endfacet
  facet normal 0 0 -1
    outer loop
      vertex 10.000000000 94.396769013 3.000000000
      vertex 0.900000000 78.635106664 3.000000000
      vertex 0.900000000 89.142881563 3.000000000
    endloop
  endfacet
  facet normal 0 0 -1
    outer loop
      vertex 10.000000000 94.396769013 3.000000000
      vertex 10.000000000 82.849763629 3.000000000
      vertex 0.900000000 77.595876179 3.000000000
    endloop
  endfacet
  facet normal 0 0 -1
    outer loop
      vertex 10.000000000 94.396769013 3.000000000
      vertex 0.900000000 77.595876179 3.000000000
      vertex 0.900000000 78.635106664 3.000000000
    endloop
  endfacet
  facet normal 0.5 0.866025404 0
    outer loop
      vertex 10.000000000 94.396769013 3.000000000
      vertex 0.900000000 99.650656462 3.000000000
      vertex 0.900000000 99.650656462 4.456000000
    endloop
  endfacet
  facet normal 0.5 0.866025404 0
    outer loop
      vertex 10.000000000 94.396769013 3.000000000
      vertex 0.900000000 99.650656462 4.456000000
      vertex 0.900000000 99.650656462 4.600000000
    endloop
  endfacet
  facet normal 0.5 0.866025404 -0
    outer loop
      vertex 10.000000000 94.396769013 3.000000000
      vertex 0.900000000 99.650656462 4.600000000
      vertex 10.000000000 94.396769013 4.600000000
    endloop
  endfacet
  facet normal 0.5 -0.866025404 0
    outer loop
      vertex 0.900000000 77.595876179 3.000000000
      vertex 10.000000000 82.849763629 3.000000000
      vertex 10.000000000 82.849763629 4.600000000
    endloop
  endfacet
  facet normal 0.5 -0.866025404 0
    outer loop
      vertex 0.900000000 77.595876179 3.000000000
      vertex 10.000000000 82.849763629 4.600000000
      vertex 0.900000000 77.595876179 3.144000000
    endloop
  endfacet
  facet normal 0.5 -0.866025404 0
    outer loop
      vertex 0.900000000 77.595876179 3.144000000
      vertex 10.000000000 82.849763629 4.600000000
      vertex 0.900000000 77.595876179 4.600000000
    endloop
  endfacet
  facet normal 1 -3.0767403e-16 0
    outer loop
      vertex 10.000000000 82.849763629 3.000000000
      vertex 10.000000000 94.396769013 3.000000000
      vertex 10.000000000 94.396769013 4.600000000
    endloop
  endfacet
  facet normal 1 -3.0767403e-16 0
    outer loop
      vertex 10.000000000 82.849763629 3.000000000
      vertex 10.000000000 94.396769013 4.600000000
      vertex 10.000000000 82.849763629 4.600000000
    endloop
  endfacet
  facet normal 0.495722431 0.858616436 0.130526192
    outer loop
      vertex 10.000000000 94.396769013 4.600000000
      vertex 0.900000000 99.650656462 4.600000000
      vertex 0.900000000 99.622012962 4.788420265
    endloop
  endfacet
  facet normal 0.49572243 0.858616436 0.130526197
    outer loop
      vertex 10.000000000 94.396769013 4.600000000
      vertex 0.900000000 99.622012962 4.788420265
      vertex 0.900000000 99.619180089 4.807055236
    endloop
  endfacet
  facet normal 0.495722431 0.858616436 0.130526192
    outer loop
      vertex 10.000000000 94.396769013 4.600000000
      vertex 0.900000000 99.619180089 4.807055236
      vertex 9.972740661 94.381030826 4.807055236
    endloop
  endfacet
  facet normal 0.495722431 -0.858616436 0.130526192
    outer loop
      vertex 0.900000000 77.595876179 4.600000000
      vertex 10.000000000 82.849763629 4.600000000
      vertex 9.972740661 82.865501815 4.807055236
    endloop
  endfacet
  facet normal 0.495722431 -0.858616437 0.13052619
    outer loop
      vertex 0.900000000 77.595876179 4.600000000
      vertex 9.972740661 82.865501815 4.807055236
      vertex 0.900000000 77.598716796 4.618685908
    endloop
  endfacet
  facet normal 0.495722431 -0.858616436 0.130526193
    outer loop
      vertex 0.900000000 77.598716796 4.618685908
      vertex 9.972740661 82.865501815 4.807055236
      vertex 0.900000000 77.627352552 4.807055236
    endloop
  endfacet
  facet normal 0.991444861 -3.05041836e-16 0.130526192
    outer loop
      vertex 10.000000000 82.849763629 4.600000000
      vertex 10.000000000 94.396769013 4.600000000
      vertex 9.972740661 94.381030826 4.807055236
    endloop
  endfacet
  facet normal 0.991444861 -3.05840199e-16 0.130526192
    outer loop
      vertex 10.000000000 82.849763629 4.600000000
      vertex 9.972740661 94.381030826 4.807055236
      vertex 9.972740661 82.865501815 4.807055236
    endloop
  endfacet
  facet normal 0.461939766 0.800103145 0.382683432
    outer loop
      vertex 9.972740661 94.381030826 4.807055236
      vertex 0.900000000 99.619180089 4.807055236
      vertex 0.900000000 99.535224299 4.982587506
    endloop
  endfacet
  facet normal 0.461939766 0.800103145 0.382683433
    outer loop
      vertex 9.972740661 94.381030826 4.807055236
      vertex 0.900000000 99.535224299 4.982587506
      vertex 0.900000000 99.526896031 5.000000000
    endloop
  endfacet
  facet normal 0.461939766 0.800103145 0.382683432
    outer loop
      vertex 9.972740661 94.381030826 4.807055236
      vertex 0.900000000 99.526896031 5.000000000
      vertex 9.892820323 94.334888797 5.000000000
    endloop
  endfacet
  facet normal 0.461939766 -0.800103145 0.382683432
    outer loop
      vertex 0.900000000 77.627352552 4.807055236
      vertex 9.972740661 82.865501815 4.807055236
      vertex 9.892820323 82.911643844 5.000000000
    endloop
  endfacet
  facet normal 0.461939767 -0.800103146 0.382683429
    outer loop
      vertex 0.900000000 77.627352552 4.807055236
      vertex 9.892820323 82.911643844 5.000000000
      vertex 0.900000000 77.635748101 4.824608399
    endloop
  endfacet
  facet normal 0.461939766 -0.800103145 0.382683432
    outer loop
      vertex 0.900000000 77.635748101 4.824608399
      vertex 9.892820323 82.911643844 5.000000000
      vertex 0.900000000 77.719636610 5.000000000
    endloop
  endfacet
  facet normal 0.923879533 -2.85030714e-16 0.382683432
    outer loop
      vertex 9.972740661 82.865501815 4.807055236
      vertex 9.972740661 94.381030826 4.807055236
      vertex 9.892820323 94.334888797 5.000000000
    endloop
  endfacet
  facet normal 0.923879533 -2.87223659e-16 0.382683432
    outer loop
      vertex 9.972740661 82.865501815 4.807055236
      vertex 9.892820323 94.334888797 5.000000000
      vertex 9.892820323 82.911643844 5.000000000
    endloop
  endfacet
  facet normal 0.39667667 0.687064147 0.608761429
    outer loop
      vertex 9.892820323 94.334888797 5.000000000
      vertex 0.900000000 99.526896031 5.000000000
      vertex 0.900000000 99.393448685 5.150612182
    endloop
  endfacet
  facet normal 0.39667667 0.687064147 0.608761428
    outer loop
      vertex 9.892820323 94.334888797 5.000000000
      vertex 0.900000000 99.393448685 5.150612182
      vertex 0.900000000 99.380093296 5.165685425
    endloop
  endfacet
  facet normal 0.39667667 0.687064147 0.608761429
    outer loop
      vertex 9.892820323 94.334888797 5.000000000
      vertex 0.900000000 99.380093296 5.165685425
      vertex 9.765685425 94.261487430 5.165685425
    endloop
  endfacet
  facet normal 0.39667667 -0.687064147 0.608761429
    outer loop
      vertex 0.900000000 77.719636610 5.000000000
      vertex 9.892820323 82.911643844 5.000000000
      vertex 9.765685425 82.985045212 5.165685425
    endloop
  endfacet
  facet normal 0.39667667 -0.687064147 0.608761429
    outer loop
      vertex 0.900000000 77.719636610 5.000000000
      vertex 9.765685425 82.985045212 5.165685425
      vertex 0.900000000 77.733165866 5.015269474
    endloop
  endfacet
  facet normal 0.39667667 -0.687064147 0.608761429
    outer loop
      vertex 0.900000000 77.733165866 5.015269474
      vertex 9.765685425 82.985045212 5.165685425
      vertex 0.900000000 77.866439345 5.165685425
    endloop
  endfacet
  facet normal 0.79335334 -2.46738757e-16 0.608761429
    outer loop
      vertex 9.892820323 82.911643844 5.000000000
      vertex 9.892820323 94.334888797 5.000000000
      vertex 9.765685425 94.261487430 5.165685425
    endloop
  endfacet
  facet normal 0.79335334 -2.5044907e-16 0.608761429
    outer loop
      vertex 9.892820323 82.911643844 5.000000000
      vertex 9.765685425 94.261487430 5.165685425
      vertex 9.765685425 82.985045212 5.165685425
    endloop
  endfacet
  facet normal 0.304380714 0.527202862 0.79335334
    outer loop
      vertex 9.765685425 94.261487430 5.165685425
      vertex 0.900000000 99.380093296 5.165685425
      vertex 0.900000000 99.206407917 5.281103643
    endloop
  endfacet
  facet normal 0.304380714 0.527202862 0.793353341
    outer loop
      vertex 9.765685425 94.261487430 5.165685425
      vertex 0.900000000 99.206407917 5.281103643
      vertex 0.900000000 99.188776247 5.292820323
    endloop
  endfacet
  facet normal 0.304380714 0.527202862 0.79335334
    outer loop
      vertex 9.765685425 94.261487430 5.165685425
      vertex 0.900000000 99.188776247 5.292820323
      vertex 9.600000000 94.165828905 5.292820323
    endloop
  endfacet
  facet normal 0.304380714 -0.527202862 0.79335334
    outer loop
      vertex 0.900000000 77.866439345 5.165685425
      vertex 9.765685425 82.985045212 5.165685425
      vertex 9.600000000 83.080703736 5.292820323
    endloop
  endfacet
  facet normal 0.304380714 -0.527202862 0.79335334
    outer loop
      vertex 0.900000000 77.866439345 5.165685425
      vertex 9.600000000 83.080703736 5.292820323
      vertex 0.900000000 77.884375318 5.177604322
    endloop
  endfacet
  facet normal 0.304380714 -0.527202862 0.79335334
    outer loop
      vertex 0.900000000 77.884375318 5.177604322
      vertex 9.600000000 83.080703736 5.292820323
      vertex 0.900000000 78.057756394 5.292820323
    endloop
  endfacet
  facet normal 0.608761429 -1.91794097e-16 0.79335334
    outer loop
      vertex 9.765685425 82.985045212 5.165685425
      vertex 9.765685425 94.261487430 5.165685425
      vertex 9.600000000 94.165828905 5.292820323
    endloop
  endfacet
  facet normal 0.608761429 -1.94825299e-16 0.79335334
    outer loop
      vertex 9.765685425 82.985045212 5.165685425
      vertex 9.600000000 94.165828905 5.292820323
      vertex 9.600000000 83.080703736 5.292820323
    endloop
  endfacet
  facet normal 0.191341716 0.331413574 0.923879533
    outer loop
      vertex 9.600000000 94.165828905 5.292820323
      vertex 0.900000000 99.188776247 5.292820323
      vertex 0.900000000 98.986869707 5.365248129
    endloop
  endfacet
  facet normal 0.191341716 0.331413574 0.923879532
    outer loop
      vertex 9.600000000 94.165828905 5.292820323
      vertex 0.900000000 98.986869707 5.365248129
      vertex 0.900000000 98.965982824 5.372740661
    endloop
  endfacet
  facet normal 0.191341716 0.331413574 0.923879533
    outer loop
      vertex 9.600000000 94.165828905 5.292820323
      vertex 0.900000000 98.965982824 5.372740661
      vertex 9.407055236 94.054432193 5.372740661
    endloop
  endfacet
  facet normal 0.191341716 -0.331413574 0.923879533
    outer loop
      vertex 0.900000000 78.057756394 5.292820323
      vertex 9.600000000 83.080703736 5.292820323
      vertex 9.407055236 83.192100448 5.372740661
    endloop
  endfacet
  facet normal 0.191341715 -0.331413572 0.923879534
    outer loop
      vertex 0.900000000 78.057756394 5.292820323
      vertex 9.407055236 83.192100448 5.372740661
      vertex 0.900000000 78.079071681 5.300466531
    endloop
  endfacet
  facet normal 0.191341716 -0.331413574 0.923879532
    outer loop
      vertex 0.900000000 78.079071681 5.300466531
      vertex 9.407055236 83.192100448 5.372740661
      vertex 0.900000000 78.280549817 5.372740661
    endloop
  endfacet
  facet normal 0.382683432 -1.2264766e-16 0.923879533
    outer loop
      vertex 9.600000000 83.080703736 5.292820323
      vertex 9.600000000 94.165828905 5.292820323
      vertex 9.407055236 94.054432193 5.372740661
    endloop
  endfacet
  facet normal 0.382683432 -1.24645656e-16 0.923879533
    outer loop
      vertex 9.600000000 83.080703736 5.292820323
      vertex 9.407055236 94.054432193 5.372740661
      vertex 9.407055236 83.192100448 5.372740661
    endloop
  endfacet
  facet normal 0.0652630961 0.113038998 0.991444861
    outer loop
      vertex 9.407055236 94.054432193 5.372740661
      vertex 0.900000000 98.965982824 5.372740661
      vertex 0.900000000 98.749770152 5.397392021
    endloop
  endfacet
  facet normal 0.0652630968 0.113039 0.991444861
    outer loop
      vertex 9.407055236 94.054432193 5.372740661
      vertex 0.900000000 98.749770152 5.397392021
      vertex 0.900000000 98.726896031 5.400000000
    endloop
  endfacet
  facet normal 0.0652630962 0.113038998 0.991444861
    outer loop
      vertex 9.407055236 94.054432193 5.372740661
      vertex 0.900000000 98.726896031 5.400000000
      vertex 9.200000000 93.934888797 5.400000000
    endloop
  endfacet
  facet normal 0.0652630962 -0.113038998 0.991444861
    outer loop
      vertex 0.900000000 78.280549817 5.372740661
      vertex 9.407055236 83.192100448 5.372740661
      vertex 9.200000000 83.311643844 5.400000000
    endloop
  endfacet
  facet normal 0.0652630969 -0.113039 0.991444861
    outer loop
      vertex 0.900000000 78.280549817 5.372740661
      vertex 9.200000000 83.311643844 5.400000000
      vertex 0.900000000 78.303938743 5.375407336
    endloop
  endfacet
  facet normal 0.0652630961 -0.113038998 0.991444861
    outer loop
      vertex 0.900000000 78.303938743 5.375407336
      vertex 9.200000000 83.311643844 5.400000000
      vertex 0.900000000 78.519636610 5.400000000
    endloop
  endfacet
  facet normal 0.130526192 -4.26908513e-17 0.991444861
    outer loop
      vertex 9.407055236 83.192100448 5.372740661
      vertex 9.407055236 94.054432193 5.372740661
      vertex 9.200000000 93.934888797 5.400000000
    endloop
  endfacet
  facet normal 0.130526192 -4.3786823e-17 0.991444861
    outer loop
      vertex 9.407055236 83.192100448 5.372740661
      vertex 9.200000000 93.934888797 5.400000000
      vertex 9.200000000 83.311643844 5.400000000
    endloop
  endfacet
  facet normal 0 0 1
    outer loop
      vertex 9.200000000 93.934888797 5.400000000
      vertex 0.900000000 98.726896031 5.400000000
      vertex 0.900000000 93.934888797 5.400000000
    endloop
  endfacet
  facet normal 0 0 1
    outer loop
      vertex 9.200000000 93.934888797 5.400000000
      vertex 0.900000000 93.934888797 5.400000000
      vertex 0.900000000 89.142881563 5.400000000
    endloop
  endfacet
  facet normal 0 0 1
    outer loop
      vertex 9.200000000 93.934888797 5.400000000
      vertex 0.900000000 89.142881563 5.400000000
      vertex 0.900000000 79.558867094 5.400000000
    endloop
  endfacet
  facet normal 0 0 1
    outer loop
      vertex 9.200000000 93.934888797 5.400000000
      vertex 0.900000000 79.558867094 5.400000000
      vertex 0.900000000 78.519636610 5.400000000
    endloop
  endfacet
  facet normal 0 0 1
    outer loop
      vertex 9.200000000 93.934888797 5.400000000
      vertex 0.900000000 78.519636610 5.400000000
      vertex 9.200000000 83.311643844 5.400000000
    endloop
  endfacet
  facet normal -1 0 0
    outer loop
      vertex 0.900000000 88.623266321 4.829787706
      vertex 0.900000000 78.635106664 3.000000000
      vertex 0.900000000 77.595876179 3.000000000
    endloop
  endfacet
  facet normal -1 0 -0
    outer loop
      vertex 0.900000000 88.623266321 4.829787706
      vertex 0.900000000 89.142881563 3.000000000
      vertex 0.900000000 78.635106664 3.000000000
    endloop
  endfacet
  facet normal -1 0 0
    outer loop
      vertex 0.900000000 88.623266321 4.829787706
      vertex 0.900000000 94.396769013 3.000000000
      vertex 0.900000000 89.142881563 3.000000000
    endloop
  endfacet
  facet normal -1 0 0
    outer loop
      vertex 0.900000000 88.623266321 4.829787706
      vertex 0.900000000 99.650656462 3.000000000
      vertex 0.900000000 94.396769013 3.000000000
    endloop
  endfacet
  facet normal -1 0 0
    outer loop
      vertex 0.900000000 88.623266321 4.829787706
      vertex 0.900000000 99.650656462 4.456000000
      vertex 0.900000000 99.650656462 3.000000000
    endloop
  endfacet
  facet normal -1 0 0
    outer loop
      vertex 0.900000000 88.623266321 4.829787706
      vertex 0.900000000 99.650656462 4.600000000
      vertex 0.900000000 99.650656462 4.456000000
    endloop
  endfacet
  facet normal -1 0 0
    outer loop
      vertex 0.900000000 88.623266321 4.829787706
      vertex 0.900000000 99.622012962 4.788420265
      vertex 0.900000000 99.650656462 4.600000000
    endloop
  endfacet
  facet normal -1 0 0
    outer loop
      vertex 0.900000000 88.623266321 4.829787706
      vertex 0.900000000 99.619180089 4.807055236
      vertex 0.900000000 99.622012962 4.788420265
    endloop
  endfacet
  facet normal -1 0 0
    outer loop
      vertex 0.900000000 88.623266321 4.829787706
      vertex 0.900000000 99.535224299 4.982587506
      vertex 0.900000000 99.619180089 4.807055236
    endloop
  endfacet
  facet normal -1 0 0
    outer loop
      vertex 0.900000000 88.623266321 4.829787706
      vertex 0.900000000 99.526896031 5.000000000
      vertex 0.900000000 99.535224299 4.982587506
    endloop
  endfacet
  facet normal -1 0 0
    outer loop
      vertex 0.900000000 88.623266321 4.829787706
      vertex 0.900000000 99.393448685 5.150612182
      vertex 0.900000000 99.526896031 5.000000000
    endloop
  endfacet
  facet normal -1 0 0
    outer loop
      vertex 0.900000000 88.623266321 4.829787706
      vertex 0.900000000 99.380093296 5.165685425
      vertex 0.900000000 99.393448685 5.150612182
    endloop
  endfacet
  facet normal -1 0 0
    outer loop
      vertex 0.900000000 88.623266321 4.829787706
      vertex 0.900000000 99.206407917 5.281103643
      vertex 0.900000000 99.380093296 5.165685425
    endloop
  endfacet
  facet normal -1 0 0
    outer loop
      vertex 0.900000000 88.623266321 4.829787706
      vertex 0.900000000 99.188776247 5.292820323
      vertex 0.900000000 99.206407917 5.281103643
    endloop
  endfacet
  facet normal -1 0 0
    outer loop
      vertex 0.900000000 88.623266321 4.829787706
      vertex 0.900000000 98.986869707 5.365248129
      vertex 0.900000000 99.188776247 5.292820323
    endloop
  endfacet
  facet normal -1 0 0
    outer loop
      vertex 0.900000000 88.623266321 4.829787706
      vertex 0.900000000 98.965982824 5.372740661
      vertex 0.900000000 98.986869707 5.365248129
    endloop
  endfacet
  facet normal -1 0 0
    outer loop
      vertex 0.900000000 88.623266321 4.829787706
      vertex 0.900000000 98.749770152 5.397392021
      vertex 0.900000000 98.965982824 5.372740661
    endloop
  endfacet
  facet normal -1 0 0
    outer loop
      vertex 0.900000000 88.623266321 4.829787706
      vertex 0.900000000 98.726896031 5.400000000
      vertex 0.900000000 98.749770152 5.397392021
    endloop
  endfacet
  facet normal -1 0 0
    outer loop
      vertex 0.900000000 88.623266321 4.829787706
      vertex 0.900000000 93.934888797 5.400000000
      vertex 0.900000000 98.726896031 5.400000000
    endloop
  endfacet
  facet normal -1 0 0
    outer loop
      vertex 0.900000000 88.623266321 4.829787706
      vertex 0.900000000 89.142881563 5.400000000
      vertex 0.900000000 93.934888797 5.400000000
    endloop
  endfacet
  facet normal -1 0 0
    outer loop
      vertex 0.900000000 88.623266321 4.829787706
      vertex 0.900000000 79.558867094 5.400000000
      vertex 0.900000000 89.142881563 5.400000000
    endloop
  endfacet
  facet normal -1 0 0
    outer loop
      vertex 0.900000000 88.623266321 4.829787706
      vertex 0.900000000 78.519636610 5.400000000
      vertex 0.900000000 79.558867094 5.400000000
    endloop
  endfacet
  facet normal -1 0 0
    outer loop
      vertex 0.900000000 88.623266321 4.829787706
      vertex 0.900000000 78.303938743 5.375407336
      vertex 0.900000000 78.519636610 5.400000000
    endloop
  endfacet
  facet normal -1 0 0
    outer loop
      vertex 0.900000000 88.623266321 4.829787706
      vertex 0.900000000 78.280549817 5.372740661
      vertex 0.900000000 78.303938743 5.375407336
    endloop
  endfacet
  facet normal -1 0 0
    outer loop
      vertex 0.900000000 88.623266321 4.829787706
      vertex 0.900000000 78.079071681 5.300466531
      vertex 0.900000000 78.280549817 5.372740661
    endloop
  endfacet
  facet normal -1 0 0
    outer loop
      vertex 0.900000000 88.623266321 4.829787706
      vertex 0.900000000 78.057756394 5.292820323
      vertex 0.900000000 78.079071681 5.300466531
    endloop
  endfacet
  facet normal -1 0 0
    outer loop
      vertex 0.900000000 88.623266321 4.829787706
      vertex 0.900000000 77.884375318 5.177604322
      vertex 0.900000000 78.057756394 5.292820323
    endloop
  endfacet
  facet normal -1 0 0
    outer loop
      vertex 0.900000000 88.623266321 4.829787706
      vertex 0.900000000 77.866439345 5.165685425
      vertex 0.900000000 77.884375318 5.177604322
    endloop
  endfacet
  facet normal -1 0 0
    outer loop
      vertex 0.900000000 88.623266321 4.829787706
      vertex 0.900000000 77.733165866 5.015269474
      vertex 0.900000000 77.866439345 5.165685425
    endloop
  endfacet
  facet normal -1 0 0
    outer loop
      vertex 0.900000000 88.623266321 4.829787706
      vertex 0.900000000 77.719636610 5.000000000
      vertex 0.900000000 77.733165866 5.015269474
    endloop
  endfacet
  facet normal -1 -0 0
    outer loop
      vertex 0.900000000 88.623266321 4.829787706
      vertex 0.900000000 77.635748101 4.824608399
      vertex 0.900000000 77.719636610 5.000000000
    endloop
  endfacet
  facet normal -1 0 0
    outer loop
      vertex 0.900000000 88.623266321 4.829787706
      vertex 0.900000000 77.627352552 4.807055236
      vertex 0.900000000 77.635748101 4.824608399
    endloop
  endfacet
  facet normal -1 0 0
    outer loop
      vertex 0.900000000 88.623266321 4.829787706
      vertex 0.900000000 77.598716796 4.618685908
      vertex 0.900000000 77.627352552 4.807055236
    endloop
  endfacet
  facet normal -1 0 0
    outer loop
      vertex 0.900000000 88.623266321 4.829787706
      vertex 0.900000000 77.595876179 4.600000000
      vertex 0.900000000 77.598716796 4.618685908
    endloop
  endfacet
  facet normal -1 0 0
    outer loop
      vertex 0.900000000 88.623266321 4.829787706
      vertex 0.900000000 77.595876179 3.144000000
      vertex 0.900000000 77.595876179 4.600000000
    endloop
  endfacet
  facet normal -1 0 0
    outer loop
      vertex 0.900000000 88.623266321 4.829787706
      vertex 0.900000000 77.595876179 3.000000000
      vertex 0.900000000 77.595876179 3.144000000
    endloop
  endfacet
  facet normal 0 0 -1
    outer loop
      vertex 31.800000000 94.396769013 3.000000000
      vertex 11.800000000 94.396769013 3.000000000
      vertex 21.800000000 100.170271704 3.000000000
    endloop
  endfacet
  facet normal -0 0 -1
    outer loop
      vertex 31.800000000 94.396769013 3.000000000
      vertex 11.800000000 82.849763629 3.000000000
      vertex 11.800000000 94.396769013 3.000000000
    endloop
  endfacet
  facet normal 0 0 -1
    outer loop
      vertex 31.800000000 94.396769013 3.000000000
      vertex 21.800000000 77.076260937 3.000000000
      vertex 11.800000000 82.849763629 3.000000000
    endloop
  endfacet
  facet normal 0 0 -1
    outer loop
      vertex 31.800000000 94.396769013 3.000000000
      vertex 31.800000000 82.849763629 3.000000000
      vertex 21.800000000 77.076260937 3.000000000
    endloop
  endfacet
  facet normal 0.5 0.866025404 0
    outer loop
      vertex 31.800000000 94.396769013 3.000000000
      vertex 21.800000000 100.170271704 3.000000000
      vertex 21.800000000 100.170271704 4.600000000
    endloop
  endfacet
  facet normal 0.5 0.866025404 -0
    outer loop
      vertex 31.800000000 94.396769013 3.000000000
      vertex 21.800000000 100.170271704 4.600000000
      vertex 31.800000000 94.396769013 4.600000000
    endloop
  endfacet
  facet normal -0.5 0.866025404 0
    outer loop
      vertex 21.800000000 100.170271704 3.000000000
      vertex 11.800000000 94.396769013 3.000000000
      vertex 11.800000000 94.396769013 4.600000000
    endloop
  endfacet
  facet normal -0.5 0.866025404 0
    outer loop
      vertex 21.800000000 100.170271704 3.000000000
      vertex 11.800000000 94.396769013 4.600000000
      vertex 21.800000000 100.170271704 4.600000000
    endloop
  endfacet
  facet normal -1 -1.53837015e-16 0
    outer loop
      vertex 11.800000000 94.396769013 3.000000000
      vertex 11.800000000 82.849763629 3.000000000
      vertex 11.800000000 82.849763629 4.600000000
    endloop
  endfacet
  facet normal -1 -1.53837015e-16 0
    outer loop
      vertex 11.800000000 94.396769013 3.000000000
      vertex 11.800000000 82.849763629 4.600000000
      vertex 11.800000000 94.396769013 4.600000000
    endloop
  endfacet
  facet normal -0.5 -0.866025404 0
    outer loop
      vertex 11.800000000 82.849763629 3.000000000
      vertex 21.800000000 77.076260937 3.000000000
      vertex 21.800000000 77.076260937 4.600000000
    endloop
  endfacet
  facet normal -0.5 -0.866025404 0
    outer loop
      vertex 11.800000000 82.849763629 3.000000000
      vertex 21.800000000 77.076260937 4.600000000
      vertex 11.800000000 82.849763629 4.600000000
    endloop
  endfacet
  facet normal 0.5 -0.866025404 0
    outer loop
      vertex 21.800000000 77.076260937 3.000000000
      vertex 31.800000000 82.849763629 3.000000000
      vertex 31.800000000 82.849763629 4.600000000
    endloop
  endfacet
  facet normal 0.5 -0.866025404 0
    outer loop
      vertex 21.800000000 77.076260937 3.000000000
      vertex 31.800000000 82.849763629 4.600000000
      vertex 21.800000000 77.076260937 4.600000000
    endloop
  endfacet
  facet normal 1 -6.1534806e-16 0
    outer loop
      vertex 31.800000000 82.849763629 3.000000000
      vertex 31.800000000 94.396769013 3.000000000
      vertex 31.800000000 94.396769013 4.600000000
    endloop
  endfacet
  facet normal 1 -6.1534806e-16 0
    outer loop
      vertex 31.800000000 82.849763629 3.000000000
      vertex 31.800000000 94.396769013 4.600000000
      vertex 31.800000000 82.849763629 4.600000000
    endloop
  endfacet
  facet normal 0.495722431 0.858616436 0.130526192
    outer loop
      vertex 31.800000000 94.396769013 4.600000000
      vertex 21.800000000 100.170271704 4.600000000
      vertex 21.800000000 100.138795331 4.807055236
    endloop
  endfacet
  facet normal 0.495722431 0.858616436 0.130526192
    outer loop
      vertex 31.800000000 94.396769013 4.600000000
      vertex 21.800000000 100.138795331 4.807055236
      vertex 31.772740661 94.381030826 4.807055236
    endloop
  endfacet
  facet normal -0.495722431 0.858616436 0.130526192
    outer loop
      vertex 21.800000000 100.170271704 4.600000000
      vertex 11.800000000 94.396769013 4.600000000
      vertex 11.827259339 94.381030826 4.807055236
    endloop
  endfacet
  facet normal -0.495722431 0.858616436 0.130526192
    outer loop
      vertex 21.800000000 100.170271704 4.600000000
      vertex 11.827259339 94.381030826 4.807055236
      vertex 21.800000000 100.138795331 4.807055236
    endloop
  endfacet
  facet normal -0.991444861 -1.52520918e-16 0.130526192
    outer loop
      vertex 11.800000000 94.396769013 4.600000000
      vertex 11.800000000 82.849763629 4.600000000
      vertex 11.827259339 82.865501815 4.807055236
    endloop
  endfacet
  facet normal -0.991444861 -1.52920099e-16 0.130526192
    outer loop
      vertex 11.800000000 94.396769013 4.600000000
      vertex 11.827259339 82.865501815 4.807055236
      vertex 11.827259339 94.381030826 4.807055236
    endloop
  endfacet
  facet normal -0.495722431 -0.858616436 0.130526192
    outer loop
      vertex 11.800000000 82.849763629 4.600000000
      vertex 21.800000000 77.076260937 4.600000000
      vertex 21.800000000 77.107737310 4.807055236
    endloop
  endfacet
  facet normal -0.495722431 -0.858616436 0.130526192
    outer loop
      vertex 11.800000000 82.849763629 4.600000000
      vertex 21.800000000 77.107737310 4.807055236
      vertex 11.827259339 82.865501815 4.807055236
    endloop
  endfacet
  facet normal 0.495722431 -0.858616436 0.130526192
    outer loop
      vertex 21.800000000 77.076260937 4.600000000
      vertex 31.800000000 82.849763629 4.600000000
      vertex 31.772740661 82.865501815 4.807055236
    endloop
  endfacet
  facet normal 0.495722431 -0.858616436 0.130526192
    outer loop
      vertex 21.800000000 77.076260937 4.600000000
      vertex 31.772740661 82.865501815 4.807055236
      vertex 21.800000000 77.107737310 4.807055236
    endloop
  endfacet
  facet normal 0.991444861 -6.10083672e-16 0.130526192
    outer loop
      vertex 31.800000000 82.849763629 4.600000000
      vertex 31.800000000 94.396769013 4.600000000
      vertex 31.772740661 94.381030826 4.807055236
    endloop
  endfacet
  facet normal 0.991444861 -6.11680398e-16 0.130526192
    outer loop
      vertex 31.800000000 82.849763629 4.600000000
      vertex 31.772740661 94.381030826 4.807055236
      vertex 31.772740661 82.865501815 4.807055236
    endloop
  endfacet
  facet normal 0.461939766 0.800103145 0.382683432
    outer loop
      vertex 31.772740661 94.381030826 4.807055236
      vertex 21.800000000 100.138795331 4.807055236
      vertex 21.800000000 100.046511274 5.000000000
    endloop
  endfacet
  facet normal 0.461939766 0.800103145 0.382683432
    outer loop
      vertex 31.772740661 94.381030826 4.807055236
      vertex 21.800000000 100.046511274 5.000000000
      vertex 31.692820323 94.334888797 5.000000000
    endloop
  endfacet
  facet normal -0.461939766 0.800103145 0.382683432
    outer loop
      vertex 21.800000000 100.138795331 4.807055236
      vertex 11.827259339 94.381030826 4.807055236
      vertex 11.907179677 94.334888797 5.000000000
    endloop
  endfacet
  facet normal -0.461939766 0.800103145 0.382683432
    outer loop
      vertex 21.800000000 100.138795331 4.807055236
      vertex 11.907179677 94.334888797 5.000000000
      vertex 21.800000000 100.046511274 5.000000000
    endloop
  endfacet
  facet normal -0.923879533 -1.42515357e-16 0.382683432
    outer loop
      vertex 11.827259339 94.381030826 4.807055236
      vertex 11.827259339 82.865501815 4.807055236
      vertex 11.907179677 82.911643844 5.000000000
    endloop
  endfacet
  facet normal -0.923879533 -1.43975404e-16 0.382683432
    outer loop
      vertex 11.827259339 94.381030826 4.807055236
      vertex 11.907179677 82.911643844 5.000000000
      vertex 11.907179677 94.334888797 5.000000000
    endloop
  endfacet
  facet normal -0.461939766 -0.800103145 0.382683432
    outer loop
      vertex 11.827259339 82.865501815 4.807055236
      vertex 21.800000000 77.107737310 4.807055236
      vertex 21.800000000 77.200021368 5.000000000
    endloop
  endfacet
  facet normal -0.461939766 -0.800103145 0.382683432
    outer loop
      vertex 11.827259339 82.865501815 4.807055236
      vertex 21.800000000 77.200021368 5.000000000
      vertex 11.907179677 82.911643844 5.000000000
    endloop
  endfacet
  facet normal 0.461939766 -0.800103145 0.382683432
    outer loop
      vertex 21.800000000 77.107737310 4.807055236
      vertex 31.772740661 82.865501815 4.807055236
      vertex 31.692820323 82.911643844 5.000000000
    endloop
  endfacet
  facet normal 0.461939766 -0.800103145 0.382683432
    outer loop
      vertex 21.800000000 77.107737310 4.807055236
      vertex 31.692820323 82.911643844 5.000000000
      vertex 21.800000000 77.200021368 5.000000000
    endloop
  endfacet
  facet normal 0.923879533 -5.70061427e-16 0.382683432
    outer loop
      vertex 31.772740661 82.865501815 4.807055236
      vertex 31.772740661 94.381030826 4.807055236
      vertex 31.692820323 94.334888797 5.000000000
    endloop
  endfacet
  facet normal 0.923879533 -5.75174466e-16 0.382683432
    outer loop
      vertex 31.772740661 82.865501815 4.807055236
      vertex 31.692820323 94.334888797 5.000000000
      vertex 31.692820323 82.911643844 5.000000000
    endloop
  endfacet
  facet normal 0.39667667 0.687064147 0.608761429
    outer loop
      vertex 31.692820323 94.334888797 5.000000000
      vertex 21.800000000 100.046511274 5.000000000
      vertex 21.800000000 99.899708538 5.165685425
    endloop
  endfacet
  facet normal 0.39667667 0.687064147 0.608761429
    outer loop
      vertex 31.692820323 94.334888797 5.000000000
      vertex 21.800000000 99.899708538 5.165685425
      vertex 31.565685425 94.261487430 5.165685425
    endloop
  endfacet
  facet normal -0.39667667 0.687064147 0.608761429
    outer loop
      vertex 21.800000000 100.046511274 5.000000000
      vertex 11.907179677 94.334888797 5.000000000
      vertex 12.034314575 94.261487430 5.165685425
    endloop
  endfacet
  facet normal -0.39667667 0.687064147 0.608761429
    outer loop
      vertex 21.800000000 100.046511274 5.000000000
      vertex 12.034314575 94.261487430 5.165685425
      vertex 21.800000000 99.899708538 5.165685425
    endloop
  endfacet
  facet normal -0.79335334 -1.23369379e-16 0.608761429
    outer loop
      vertex 11.907179677 94.334888797 5.000000000
      vertex 11.907179677 82.911643844 5.000000000
      vertex 12.034314575 82.985045212 5.165685425
    endloop
  endfacet
  facet normal -0.79335334 0 0.608761429
    outer loop
      vertex 11.907179677 94.334888797 5.000000000
      vertex 12.034314575 82.985045212 5.165685425
      vertex 12.034314575 94.261487430 5.165685425
    endloop
  endfacet
  facet normal -0.39667667 -0.687064147 0.608761429
    outer loop
      vertex 11.907179677 82.911643844 5.000000000
      vertex 21.800000000 77.200021368 5.000000000
      vertex 21.800000000 77.346824103 5.165685425
    endloop
  endfacet
  facet normal -0.39667667 -0.687064147 0.608761429
    outer loop
      vertex 11.907179677 82.911643844 5.000000000
      vertex 21.800000000 77.346824103 5.165685425
      vertex 12.034314575 82.985045212 5.165685425
    endloop
  endfacet
  facet normal 0.39667667 -0.687064147 0.608761429
    outer loop
      vertex 21.800000000 77.200021368 5.000000000
      vertex 31.692820323 82.911643844 5.000000000
      vertex 31.565685425 82.985045212 5.165685425
    endloop
  endfacet
  facet normal 0.39667667 -0.687064147 0.608761429
    outer loop
      vertex 21.800000000 77.200021368 5.000000000
      vertex 31.565685425 82.985045212 5.165685425
      vertex 21.800000000 77.346824103 5.165685425
    endloop
  endfacet
  facet normal 0.79335334 -4.93477515e-16 0.608761429
    outer loop
      vertex 31.692820323 82.911643844 5.000000000
      vertex 31.692820323 94.334888797 5.000000000
      vertex 31.565685425 94.261487430 5.165685425
    endloop
  endfacet
  facet normal 0.79335334 -4.99424909e-16 0.608761429
    outer loop
      vertex 31.692820323 82.911643844 5.000000000
      vertex 31.565685425 94.261487430 5.165685425
      vertex 31.565685425 82.985045212 5.165685425
    endloop
  endfacet
  facet normal 0.304380714 0.527202862 0.79335334
    outer loop
      vertex 31.565685425 94.261487430 5.165685425
      vertex 21.800000000 99.899708538 5.165685425
      vertex 21.800000000 99.708391489 5.292820323
    endloop
  endfacet
  facet normal 0.304380714 0.527202862 0.79335334
    outer loop
      vertex 31.565685425 94.261487430 5.165685425
      vertex 21.800000000 99.708391489 5.292820323
      vertex 31.400000000 94.165828905 5.292820323
    endloop
  endfacet
  facet normal -0.304380714 0.527202862 0.79335334
    outer loop
      vertex 21.800000000 99.899708538 5.165685425
      vertex 12.034314575 94.261487430 5.165685425
      vertex 12.200000000 94.165828905 5.292820323
    endloop
  endfacet
  facet normal -0.304380714 0.527202862 0.79335334
    outer loop
      vertex 21.800000000 99.899708538 5.165685425
      vertex 12.200000000 94.165828905 5.292820323
      vertex 21.800000000 99.708391489 5.292820323
    endloop
  endfacet
  facet normal -0.608761429 0 0.79335334
    outer loop
      vertex 12.034314575 94.261487430 5.165685425
      vertex 12.034314575 82.985045212 5.165685425
      vertex 12.200000000 83.080703736 5.292820323
    endloop
  endfacet
  facet normal -0.608761429 -9.74126494e-17 0.79335334
    outer loop
      vertex 12.034314575 94.261487430 5.165685425
      vertex 12.200000000 83.080703736 5.292820323
      vertex 12.200000000 94.165828905 5.292820323
    endloop
  endfacet
  facet normal -0.304380714 -0.527202862 0.79335334
    outer loop
      vertex 12.034314575 82.985045212 5.165685425
      vertex 21.800000000 77.346824103 5.165685425
      vertex 21.800000000 77.538141152 5.292820323
    endloop
  endfacet
  facet normal -0.304380714 -0.527202862 0.79335334
    outer loop
      vertex 12.034314575 82.985045212 5.165685425
      vertex 21.800000000 77.538141152 5.292820323
      vertex 12.200000000 83.080703736 5.292820323
    endloop
  endfacet
  facet normal 0.304380714 -0.527202862 0.79335334
    outer loop
      vertex 21.800000000 77.346824103 5.165685425
      vertex 31.565685425 82.985045212 5.165685425
      vertex 31.400000000 83.080703736 5.292820323
    endloop
  endfacet
  facet normal 0.304380714 -0.527202862 0.79335334
    outer loop
      vertex 21.800000000 77.346824103 5.165685425
      vertex 31.400000000 83.080703736 5.292820323
      vertex 21.800000000 77.538141152 5.292820323
    endloop
  endfacet
  facet normal 0.608761429 -3.83588194e-16 0.79335334
    outer loop
      vertex 31.565685425 82.985045212 5.165685425
      vertex 31.565685425 94.261487430 5.165685425
      vertex 31.400000000 94.165828905 5.292820323
    endloop
  endfacet
  facet normal 0.608761429 -3.89650598e-16 0.79335334
    outer loop
      vertex 31.565685425 82.985045212 5.165685425
      vertex 31.400000000 94.165828905 5.292820323
      vertex 31.400000000 83.080703736 5.292820323
    endloop
  endfacet
  facet normal 0.191341716 0.331413574 0.923879533
    outer loop
      vertex 31.400000000 94.165828905 5.292820323
      vertex 21.800000000 99.708391489 5.292820323
      vertex 21.800000000 99.485598066 5.372740661
    endloop
  endfacet
  facet normal 0.191341716 0.331413574 0.923879533
    outer loop
      vertex 31.400000000 94.165828905 5.292820323
      vertex 21.800000000 99.485598066 5.372740661
      vertex 31.207055236 94.054432193 5.372740661
    endloop
  endfacet
  facet normal -0.191341716 0.331413574 0.923879533
    outer loop
      vertex 21.800000000 99.708391489 5.292820323
      vertex 12.200000000 94.165828905 5.292820323
      vertex 12.392944764 94.054432193 5.372740661
    endloop
  endfacet
  facet normal -0.191341716 0.331413574 0.923879533
    outer loop
      vertex 21.800000000 99.708391489 5.292820323
      vertex 12.392944764 94.054432193 5.372740661
      vertex 21.800000000 99.485598066 5.372740661
    endloop
  endfacet
  facet normal -0.382683432 -6.13238301e-17 0.923879533
    outer loop
      vertex 12.200000000 94.165828905 5.292820323
      vertex 12.200000000 83.080703736 5.292820323
      vertex 12.392944764 83.192100448 5.372740661
    endloop
  endfacet
  facet normal -0.382683432 -6.27051765e-17 0.923879533
    outer loop
      vertex 12.200000000 94.165828905 5.292820323
      vertex 12.392944764 83.192100448 5.372740661
      vertex 12.392944764 94.054432193 5.372740661
    endloop
  endfacet
  facet normal -0.191341716 -0.331413574 0.923879533
    outer loop
      vertex 12.200000000 83.080703736 5.292820323
      vertex 21.800000000 77.538141152 5.292820323
      vertex 21.800000000 77.760934575 5.372740661
    endloop
  endfacet
  facet normal -0.191341716 -0.331413574 0.923879533
    outer loop
      vertex 12.200000000 83.080703736 5.292820323
      vertex 21.800000000 77.760934575 5.372740661
      vertex 12.392944764 83.192100448 5.372740661
    endloop
  endfacet
  facet normal 0.191341716 -0.331413574 0.923879533
    outer loop
      vertex 21.800000000 77.538141152 5.292820323
      vertex 31.400000000 83.080703736 5.292820323
      vertex 31.207055236 83.192100448 5.372740661
    endloop
  endfacet
  facet normal 0.191341716 -0.331413574 0.923879533
    outer loop
      vertex 21.800000000 77.538141152 5.292820323
      vertex 31.207055236 83.192100448 5.372740661
      vertex 21.800000000 77.760934575 5.372740661
    endloop
  endfacet
  facet normal 0.382683432 -2.4529532e-16 0.923879533
    outer loop
      vertex 31.400000000 83.080703736 5.292820323
      vertex 31.400000000 94.165828905 5.292820323
      vertex 31.207055236 94.054432193 5.372740661
    endloop
  endfacet
  facet normal 0.382683432 -2.50056009e-16 0.923879533
    outer loop
      vertex 31.400000000 83.080703736 5.292820323
      vertex 31.207055236 94.054432193 5.372740661
      vertex 31.207055236 83.192100448 5.372740661
    endloop
  endfacet
  facet normal 0.0652630962 0.113038998 0.991444861
    outer loop
      vertex 31.207055236 94.054432193 5.372740661
      vertex 21.800000000 99.485598066 5.372740661
      vertex 21.800000000 99.246511274 5.400000000
    endloop
  endfacet
  facet normal 0.0652630962 0.113038998 0.991444861
    outer loop
      vertex 31.207055236 94.054432193 5.372740661
      vertex 21.800000000 99.246511274 5.400000000
      vertex 31.000000000 93.934888797 5.400000000
    endloop
  endfacet
  facet normal -0.0652630962 0.113038998 0.991444861
    outer loop
      vertex 21.800000000 99.485598066 5.372740661
      vertex 12.392944764 94.054432193 5.372740661
      vertex 12.600000000 93.934888797 5.400000000
    endloop
  endfacet
  facet normal -0.0652630962 0.113038998 0.991444861
    outer loop
      vertex 21.800000000 99.485598066 5.372740661
      vertex 12.600000000 93.934888797 5.400000000
      vertex 21.800000000 99.246511274 5.400000000
    endloop
  endfacet
  facet normal -0.130526192 -2.13454256e-17 0.991444861
    outer loop
      vertex 12.392944764 94.054432193 5.372740661
      vertex 12.392944764 83.192100448 5.372740661
      vertex 12.600000000 83.311643844 5.400000000
    endloop
  endfacet
  facet normal -0.130526192 -2.18934115e-17 0.991444861
    outer loop
      vertex 12.392944764 94.054432193 5.372740661
      vertex 12.600000000 83.311643844 5.400000000
      vertex 12.600000000 93.934888797 5.400000000
    endloop
  endfacet
  facet normal -0.0652630962 -0.113038998 0.991444861
    outer loop
      vertex 12.392944764 83.192100448 5.372740661
      vertex 21.800000000 77.760934575 5.372740661
      vertex 21.800000000 78.000021368 5.400000000
    endloop
  endfacet
  facet normal -0.0652630962 -0.113038998 0.991444861
    outer loop
      vertex 12.392944764 83.192100448 5.372740661
      vertex 21.800000000 78.000021368 5.400000000
      vertex 12.600000000 83.311643844 5.400000000
    endloop
  endfacet
  facet normal 0.0652630962 -0.113038998 0.991444861
    outer loop
      vertex 21.800000000 77.760934575 5.372740661
      vertex 31.207055236 83.192100448 5.372740661
      vertex 31.000000000 83.311643844 5.400000000
    endloop
  endfacet
  facet normal 0.0652630962 -0.113038998 0.991444861
    outer loop
      vertex 21.800000000 77.760934575 5.372740661
      vertex 31.000000000 83.311643844 5.400000000
      vertex 21.800000000 78.000021368 5.400000000
    endloop
  endfacet
  facet normal 0.130526192 -8.53817026e-17 0.991444861
    outer loop
      vertex 31.207055236 83.192100448 5.372740661
      vertex 31.207055236 94.054432193 5.372740661
      vertex 31.000000000 93.934888797 5.400000000
    endloop
  endfacet
  facet normal 0.130526192 -8.71826923e-17 0.991444861
    outer loop
      vertex 31.207055236 83.192100448 5.372740661
      vertex 31.000000000 93.934888797 5.400000000
      vertex 31.000000000 83.311643844 5.400000000
    endloop
  endfacet
  facet normal 0 0 1
    outer loop
      vertex 31.000000000 93.934888797 5.400000000
      vertex 21.800000000 99.246511274 5.400000000
      vertex 12.600000000 93.934888797 5.400000000
    endloop
  endfacet
  facet normal 0 0 1
    outer loop
      vertex 31.000000000 93.934888797 5.400000000
      vertex 12.600000000 93.934888797 5.400000000
      vertex 12.600000000 83.311643844 5.400000000
    endloop
  endfacet
  facet normal 0 0 1
    outer loop
      vertex 31.000000000 93.934888797 5.400000000
      vertex 12.600000000 83.311643844 5.400000000
      vertex 21.800000000 78.000021368 5.400000000
    endloop
  endfacet
  facet normal 0 0 1
    outer loop
      vertex 31.000000000 93.934888797 5.400000000
      vertex 21.800000000 78.000021368 5.400000000
      vertex 31.000000000 83.311643844 5.400000000
    endloop
  endfacet
  facet normal 0 0 -1
    outer loop
      vertex 53.600000000 94.396769013 3.000000000
      vertex 33.600000000 94.396769013 3.000000000
      vertex 43.600000000 100.170271704 3.000000000
    endloop
  endfacet
  facet normal -0 0 -1
    outer loop
      vertex 53.600000000 94.396769013 3.000000000
      vertex 33.600000000 82.849763629 3.000000000
      vertex 33.600000000 94.396769013 3.000000000
    endloop
  endfacet
  facet normal 0 0 -1
    outer loop
      vertex 53.600000000 94.396769013 3.000000000
      vertex 43.600000000 77.076260937 3.000000000
      vertex 33.600000000 82.849763629 3.000000000
    endloop
  endfacet
  facet normal 0 -0 -1
    outer loop
      vertex 53.600000000 94.396769013 3.000000000
      vertex 53.600000000 82.849763629 3.000000000
      vertex 43.600000000 77.076260937 3.000000000
    endloop
  endfacet
  facet normal 0.5 0.866025404 0
    outer loop
      vertex 53.600000000 94.396769013 3.000000000
      vertex 43.600000000 100.170271704 3.000000000
      vertex 43.600000000 100.170271704 4.600000000
    endloop
  endfacet
  facet normal 0.5 0.866025404 -0
    outer loop
      vertex 53.600000000 94.396769013 3.000000000
      vertex 43.600000000 100.170271704 4.600000000
      vertex 53.600000000 94.396769013 4.600000000
    endloop
  endfacet
  facet normal -0.5 0.866025404 0
    outer loop
      vertex 43.600000000 100.170271704 3.000000000
      vertex 33.600000000 94.396769013 3.000000000
      vertex 33.600000000 94.396769013 4.600000000
    endloop
  endfacet
  facet normal -0.5 0.866025404 0
    outer loop
      vertex 43.600000000 100.170271704 3.000000000
      vertex 33.600000000 94.396769013 4.600000000
      vertex 43.600000000 100.170271704 4.600000000
    endloop
  endfacet
  facet normal -1 0 0
    outer loop
      vertex 33.600000000 94.396769013 3.000000000
      vertex 33.600000000 82.849763629 3.000000000
      vertex 33.600000000 82.849763629 4.600000000
    endloop
  endfacet
  facet normal -1 0 0
    outer loop
      vertex 33.600000000 94.396769013 3.000000000
      vertex 33.600000000 82.849763629 4.600000000
      vertex 33.600000000 94.396769013 4.600000000
    endloop
  endfacet
  facet normal -0.5 -0.866025404 0
    outer loop
      vertex 33.600000000 82.849763629 3.000000000
      vertex 43.600000000 77.076260937 3.000000000
      vertex 43.600000000 77.076260937 4.600000000
    endloop
  endfacet
  facet normal -0.5 -0.866025404 0
    outer loop
      vertex 33.600000000 82.849763629 3.000000000
      vertex 43.600000000 77.076260937 4.600000000
      vertex 33.600000000 82.849763629 4.600000000
    endloop
  endfacet
  facet normal 0.5 -0.866025404 0
    outer loop
      vertex 43.600000000 77.076260937 3.000000000
      vertex 53.600000000 82.849763629 3.000000000
      vertex 53.600000000 82.849763629 4.600000000
    endloop
  endfacet
  facet normal 0.5 -0.866025404 0
    outer loop
      vertex 43.600000000 77.076260937 3.000000000
      vertex 53.600000000 82.849763629 4.600000000
      vertex 43.600000000 77.076260937 4.600000000
    endloop
  endfacet
  facet normal 1 0 0
    outer loop
      vertex 53.600000000 82.849763629 3.000000000
      vertex 53.600000000 94.396769013 3.000000000
      vertex 53.600000000 94.396769013 4.600000000
    endloop
  endfacet
  facet normal 1 0 0
    outer loop
      vertex 53.600000000 82.849763629 3.000000000
      vertex 53.600000000 94.396769013 4.600000000
      vertex 53.600000000 82.849763629 4.600000000
    endloop
  endfacet
  facet normal 0.495722431 0.858616436 0.130526192
    outer loop
      vertex 53.600000000 94.396769013 4.600000000
      vertex 43.600000000 100.170271704 4.600000000
      vertex 43.600000000 100.138795331 4.807055236
    endloop
  endfacet
  facet normal 0.495722431 0.858616436 0.130526192
    outer loop
      vertex 53.600000000 94.396769013 4.600000000
      vertex 43.600000000 100.138795331 4.807055236
      vertex 53.572740661 94.381030826 4.807055236
    endloop
  endfacet
  facet normal -0.495722431 0.858616436 0.130526192
    outer loop
      vertex 43.600000000 100.170271704 4.600000000
      vertex 33.600000000 94.396769013 4.600000000
      vertex 33.627259339 94.381030826 4.807055236
    endloop
  endfacet
  facet normal -0.495722431 0.858616436 0.130526192
    outer loop
      vertex 43.600000000 100.170271704 4.600000000
      vertex 33.627259339 94.381030826 4.807055236
      vertex 43.600000000 100.138795331 4.807055236
    endloop
  endfacet
  facet normal -0.991444861 0 0.130526192
    outer loop
      vertex 33.600000000 94.396769013 4.600000000
      vertex 33.600000000 82.849763629 4.600000000
      vertex 33.627259339 82.865501815 4.807055236
    endloop
  endfacet
  facet normal -0.991444861 0 0.130526192
    outer loop
      vertex 33.600000000 94.396769013 4.600000000
      vertex 33.627259339 82.865501815 4.807055236
      vertex 33.627259339 94.381030826 4.807055236
    endloop
  endfacet
  facet normal -0.495722431 -0.858616436 0.130526192
    outer loop
      vertex 33.600000000 82.849763629 4.600000000
      vertex 43.600000000 77.076260937 4.600000000
      vertex 43.600000000 77.107737310 4.807055236
    endloop
  endfacet
  facet normal -0.495722431 -0.858616436 0.130526192
    outer loop
      vertex 33.600000000 82.849763629 4.600000000
      vertex 43.600000000 77.107737310 4.807055236
      vertex 33.627259339 82.865501815 4.807055236
    endloop
  endfacet
  facet normal 0.495722431 -0.858616436 0.130526192
    outer loop
      vertex 43.600000000 77.076260937 4.600000000
      vertex 53.600000000 82.849763629 4.600000000
      vertex 53.572740661 82.865501815 4.807055236
    endloop
  endfacet
  facet normal 0.495722431 -0.858616436 0.130526192
    outer loop
      vertex 43.600000000 77.076260937 4.600000000
      vertex 53.572740661 82.865501815 4.807055236
      vertex 43.600000000 77.107737310 4.807055236
    endloop
  endfacet
  facet normal 0.991444861 -0 0.130526192
    outer loop
      vertex 53.600000000 82.849763629 4.600000000
      vertex 53.600000000 94.396769013 4.600000000
      vertex 53.572740661 94.381030826 4.807055236
    endloop
  endfacet
  facet normal 0.991444861 0 0.130526192
    outer loop
      vertex 53.600000000 82.849763629 4.600000000
      vertex 53.572740661 94.381030826 4.807055236
      vertex 53.572740661 82.865501815 4.807055236
    endloop
  endfacet
  facet normal 0.461939766 0.800103145 0.382683432
    outer loop
      vertex 53.572740661 94.381030826 4.807055236
      vertex 43.600000000 100.138795331 4.807055236
      vertex 43.600000000 100.046511274 5.000000000
    endloop
  endfacet
  facet normal 0.461939766 0.800103145 0.382683432
    outer loop
      vertex 53.572740661 94.381030826 4.807055236
      vertex 43.600000000 100.046511274 5.000000000
      vertex 53.492820323 94.334888797 5.000000000
    endloop
  endfacet
  facet normal -0.461939766 0.800103145 0.382683432
    outer loop
      vertex 43.600000000 100.138795331 4.807055236
      vertex 33.627259339 94.381030826 4.807055236
      vertex 33.707179677 94.334888797 5.000000000
    endloop
  endfacet
  facet normal -0.461939766 0.800103145 0.382683432
    outer loop
      vertex 43.600000000 100.138795331 4.807055236
      vertex 33.707179677 94.334888797 5.000000000
      vertex 43.600000000 100.046511274 5.000000000
    endloop
  endfacet
  facet normal -0.923879533 0 0.382683432
    outer loop
      vertex 33.627259339 94.381030826 4.807055236
      vertex 33.627259339 82.865501815 4.807055236
      vertex 33.707179677 82.911643844 5.000000000
    endloop
  endfacet
  facet normal -0.923879533 0 0.382683432
    outer loop
      vertex 33.627259339 94.381030826 4.807055236
      vertex 33.707179677 82.911643844 5.000000000
      vertex 33.707179677 94.334888797 5.000000000
    endloop
  endfacet
  facet normal -0.461939766 -0.800103145 0.382683432
    outer loop
      vertex 33.627259339 82.865501815 4.807055236
      vertex 43.600000000 77.107737310 4.807055236
      vertex 43.600000000 77.200021368 5.000000000
    endloop
  endfacet
  facet normal -0.461939766 -0.800103145 0.382683432
    outer loop
      vertex 33.627259339 82.865501815 4.807055236
      vertex 43.600000000 77.200021368 5.000000000
      vertex 33.707179677 82.911643844 5.000000000
    endloop
  endfacet
  facet normal 0.461939766 -0.800103145 0.382683432
    outer loop
      vertex 43.600000000 77.107737310 4.807055236
      vertex 53.572740661 82.865501815 4.807055236
      vertex 53.492820323 82.911643844 5.000000000
    endloop
  endfacet
  facet normal 0.461939766 -0.800103145 0.382683432
    outer loop
      vertex 43.600000000 77.107737310 4.807055236
      vertex 53.492820323 82.911643844 5.000000000
      vertex 43.600000000 77.200021368 5.000000000
    endloop
  endfacet
  facet normal 0.923879533 -0 0.382683432
    outer loop
      vertex 53.572740661 82.865501815 4.807055236
      vertex 53.572740661 94.381030826 4.807055236
      vertex 53.492820323 94.334888797 5.000000000
    endloop
  endfacet
  facet normal 0.923879533 0 0.382683432
    outer loop
      vertex 53.572740661 82.865501815 4.807055236
      vertex 53.492820323 94.334888797 5.000000000
      vertex 53.492820323 82.911643844 5.000000000
    endloop
  endfacet
  facet normal 0.39667667 0.687064147 0.608761429
    outer loop
      vertex 53.492820323 94.334888797 5.000000000
      vertex 43.600000000 100.046511274 5.000000000
      vertex 43.600000000 99.899708538 5.165685425
    endloop
  endfacet
  facet normal 0.39667667 0.687064147 0.608761429
    outer loop
      vertex 53.492820323 94.334888797 5.000000000
      vertex 43.600000000 99.899708538 5.165685425
      vertex 53.365685425 94.261487430 5.165685425
    endloop
  endfacet
  facet normal -0.39667667 0.687064147 0.608761429
    outer loop
      vertex 43.600000000 100.046511274 5.000000000
      vertex 33.707179677 94.334888797 5.000000000
      vertex 33.834314575 94.261487430 5.165685425
    endloop
  endfacet
  facet normal -0.39667667 0.687064147 0.608761429
    outer loop
      vertex 43.600000000 100.046511274 5.000000000
      vertex 33.834314575 94.261487430 5.165685425
      vertex 43.600000000 99.899708538 5.165685425
    endloop
  endfacet
  facet normal -0.79335334 0 0.608761429
    outer loop
      vertex 33.707179677 94.334888797 5.000000000
      vertex 33.707179677 82.911643844 5.000000000
      vertex 33.834314575 82.985045212 5.165685425
    endloop
  endfacet
  facet normal -0.79335334 0 0.608761429
    outer loop
      vertex 33.707179677 94.334888797 5.000000000
      vertex 33.834314575 82.985045212 5.165685425
      vertex 33.834314575 94.261487430 5.165685425
    endloop
  endfacet
  facet normal -0.39667667 -0.687064147 0.608761429
    outer loop
      vertex 33.707179677 82.911643844 5.000000000
      vertex 43.600000000 77.200021368 5.000000000
      vertex 43.600000000 77.346824103 5.165685425
    endloop
  endfacet
  facet normal -0.39667667 -0.687064147 0.608761429
    outer loop
      vertex 33.707179677 82.911643844 5.000000000
      vertex 43.600000000 77.346824103 5.165685425
      vertex 33.834314575 82.985045212 5.165685425
    endloop
  endfacet
  facet normal 0.39667667 -0.687064147 0.608761429
    outer loop
      vertex 43.600000000 77.200021368 5.000000000
      vertex 53.492820323 82.911643844 5.000000000
      vertex 53.365685425 82.985045212 5.165685425
    endloop
  endfacet
  facet normal 0.39667667 -0.687064147 0.608761429
    outer loop
      vertex 43.600000000 77.200021368 5.000000000
      vertex 53.365685425 82.985045212 5.165685425
      vertex 43.600000000 77.346824103 5.165685425
    endloop
  endfacet
  facet normal 0.79335334 -0 0.608761429
    outer loop
      vertex 53.492820323 82.911643844 5.000000000
      vertex 53.492820323 94.334888797 5.000000000
      vertex 53.365685425 94.261487430 5.165685425
    endloop
  endfacet
  facet normal 0.79335334 0 0.608761429
    outer loop
      vertex 53.492820323 82.911643844 5.000000000
      vertex 53.365685425 94.261487430 5.165685425
      vertex 53.365685425 82.985045212 5.165685425
    endloop
  endfacet
  facet normal 0.304380714 0.527202862 0.79335334
    outer loop
      vertex 53.365685425 94.261487430 5.165685425
      vertex 43.600000000 99.899708538 5.165685425
      vertex 43.600000000 99.708391489 5.292820323
    endloop
  endfacet
  facet normal 0.304380714 0.527202862 0.79335334
    outer loop
      vertex 53.365685425 94.261487430 5.165685425
      vertex 43.600000000 99.708391489 5.292820323
      vertex 53.200000000 94.165828905 5.292820323
    endloop
  endfacet
  facet normal -0.304380714 0.527202862 0.79335334
    outer loop
      vertex 43.600000000 99.899708538 5.165685425
      vertex 33.834314575 94.261487430 5.165685425
      vertex 34.000000000 94.165828905 5.292820323
    endloop
  endfacet
  facet normal -0.304380714 0.527202862 0.79335334
    outer loop
      vertex 43.600000000 99.899708538 5.165685425
      vertex 34.000000000 94.165828905 5.292820323
      vertex 43.600000000 99.708391489 5.292820323
    endloop
  endfacet
  facet normal -0.608761429 0 0.79335334
    outer loop
      vertex 33.834314575 94.261487430 5.165685425
      vertex 33.834314575 82.985045212 5.165685425
      vertex 34.000000000 83.080703736 5.292820323
    endloop
  endfacet
  facet normal -0.608761429 0 0.79335334
    outer loop
      vertex 33.834314575 94.261487430 5.165685425
      vertex 34.000000000 83.080703736 5.292820323
      vertex 34.000000000 94.165828905 5.292820323
    endloop
  endfacet
  facet normal -0.304380714 -0.527202862 0.79335334
    outer loop
      vertex 33.834314575 82.985045212 5.165685425
      vertex 43.600000000 77.346824103 5.165685425
      vertex 43.600000000 77.538141152 5.292820323
    endloop
  endfacet
  facet normal -0.304380714 -0.527202862 0.79335334
    outer loop
      vertex 33.834314575 82.985045212 5.165685425
      vertex 43.600000000 77.538141152 5.292820323
      vertex 34.000000000 83.080703736 5.292820323
    endloop
  endfacet
  facet normal 0.304380714 -0.527202862 0.79335334
    outer loop
      vertex 43.600000000 77.346824103 5.165685425
      vertex 53.365685425 82.985045212 5.165685425
      vertex 53.200000000 83.080703736 5.292820323
    endloop
  endfacet
  facet normal 0.304380714 -0.527202862 0.79335334
    outer loop
      vertex 43.600000000 77.346824103 5.165685425
      vertex 53.200000000 83.080703736 5.292820323
      vertex 43.600000000 77.538141152 5.292820323
    endloop
  endfacet
  facet normal 0.608761429 -0 0.79335334
    outer loop
      vertex 53.365685425 82.985045212 5.165685425
      vertex 53.365685425 94.261487430 5.165685425
      vertex 53.200000000 94.165828905 5.292820323
    endloop
  endfacet
  facet normal 0.608761429 0 0.79335334
    outer loop
      vertex 53.365685425 82.985045212 5.165685425
      vertex 53.200000000 94.165828905 5.292820323
      vertex 53.200000000 83.080703736 5.292820323
    endloop
  endfacet
  facet normal 0.191341716 0.331413574 0.923879533
    outer loop
      vertex 53.200000000 94.165828905 5.292820323
      vertex 43.600000000 99.708391489 5.292820323
      vertex 43.600000000 99.485598066 5.372740661
    endloop
  endfacet
  facet normal 0.191341716 0.331413574 0.923879533
    outer loop
      vertex 53.200000000 94.165828905 5.292820323
      vertex 43.600000000 99.485598066 5.372740661
      vertex 53.007055236 94.054432193 5.372740661
    endloop
  endfacet
  facet normal -0.191341716 0.331413574 0.923879533
    outer loop
      vertex 43.600000000 99.708391489 5.292820323
      vertex 34.000000000 94.165828905 5.292820323
      vertex 34.192944764 94.054432193 5.372740661
    endloop
  endfacet
  facet normal -0.191341716 0.331413574 0.923879533
    outer loop
      vertex 43.600000000 99.708391489 5.292820323
      vertex 34.192944764 94.054432193 5.372740661
      vertex 43.600000000 99.485598066 5.372740661
    endloop
  endfacet
  facet normal -0.382683432 0 0.923879533
    outer loop
      vertex 34.000000000 94.165828905 5.292820323
      vertex 34.000000000 83.080703736 5.292820323
      vertex 34.192944764 83.192100448 5.372740661
    endloop
  endfacet
  facet normal -0.382683432 0 0.923879533
    outer loop
      vertex 34.000000000 94.165828905 5.292820323
      vertex 34.192944764 83.192100448 5.372740661
      vertex 34.192944764 94.054432193 5.372740661
    endloop
  endfacet
  facet normal -0.191341716 -0.331413574 0.923879533
    outer loop
      vertex 34.000000000 83.080703736 5.292820323
      vertex 43.600000000 77.538141152 5.292820323
      vertex 43.600000000 77.760934575 5.372740661
    endloop
  endfacet
  facet normal -0.191341716 -0.331413574 0.923879533
    outer loop
      vertex 34.000000000 83.080703736 5.292820323
      vertex 43.600000000 77.760934575 5.372740661
      vertex 34.192944764 83.192100448 5.372740661
    endloop
  endfacet
  facet normal 0.191341716 -0.331413574 0.923879533
    outer loop
      vertex 43.600000000 77.538141152 5.292820323
      vertex 53.200000000 83.080703736 5.292820323
      vertex 53.007055236 83.192100448 5.372740661
    endloop
  endfacet
  facet normal 0.191341716 -0.331413574 0.923879533
    outer loop
      vertex 43.600000000 77.538141152 5.292820323
      vertex 53.007055236 83.192100448 5.372740661
      vertex 43.600000000 77.760934575 5.372740661
    endloop
  endfacet
  facet normal 0.382683432 -0 0.923879533
    outer loop
      vertex 53.200000000 83.080703736 5.292820323
      vertex 53.200000000 94.165828905 5.292820323
      vertex 53.007055236 94.054432193 5.372740661
    endloop
  endfacet
  facet normal 0.382683432 0 0.923879533
    outer loop
      vertex 53.200000000 83.080703736 5.292820323
      vertex 53.007055236 94.054432193 5.372740661
      vertex 53.007055236 83.192100448 5.372740661
    endloop
  endfacet
  facet normal 0.0652630962 0.113038998 0.991444861
    outer loop
      vertex 53.007055236 94.054432193 5.372740661
      vertex 43.600000000 99.485598066 5.372740661
      vertex 43.600000000 99.246511274 5.400000000
    endloop
  endfacet
  facet normal 0.0652630962 0.113038998 0.991444861
    outer loop
      vertex 53.007055236 94.054432193 5.372740661
      vertex 43.600000000 99.246511274 5.400000000
      vertex 52.800000000 93.934888797 5.400000000
    endloop
  endfacet
  facet normal -0.0652630962 0.113038998 0.991444861
    outer loop
      vertex 43.600000000 99.485598066 5.372740661
      vertex 34.192944764 94.054432193 5.372740661
      vertex 34.400000000 93.934888797 5.400000000
    endloop
  endfacet
  facet normal -0.0652630962 0.113038998 0.991444861
    outer loop
      vertex 43.600000000 99.485598066 5.372740661
      vertex 34.400000000 93.934888797 5.400000000
      vertex 43.600000000 99.246511274 5.400000000
    endloop
  endfacet
  facet normal -0.130526192 0 0.991444861
    outer loop
      vertex 34.192944764 94.054432193 5.372740661
      vertex 34.192944764 83.192100448 5.372740661
      vertex 34.400000000 83.311643844 5.400000000
    endloop
  endfacet
  facet normal -0.130526192 0 0.991444861
    outer loop
      vertex 34.192944764 94.054432193 5.372740661
      vertex 34.400000000 83.311643844 5.400000000
      vertex 34.400000000 93.934888797 5.400000000
    endloop
  endfacet
  facet normal -0.0652630962 -0.113038998 0.991444861
    outer loop
      vertex 34.192944764 83.192100448 5.372740661
      vertex 43.600000000 77.760934575 5.372740661
      vertex 43.600000000 78.000021368 5.400000000
    endloop
  endfacet
  facet normal -0.0652630962 -0.113038998 0.991444861
    outer loop
      vertex 34.192944764 83.192100448 5.372740661
      vertex 43.600000000 78.000021368 5.400000000
      vertex 34.400000000 83.311643844 5.400000000
    endloop
  endfacet
  facet normal 0.0652630962 -0.113038998 0.991444861
    outer loop
      vertex 43.600000000 77.760934575 5.372740661
      vertex 53.007055236 83.192100448 5.372740661
      vertex 52.800000000 83.311643844 5.400000000
    endloop
  endfacet
  facet normal 0.0652630962 -0.113038998 0.991444861
    outer loop
      vertex 43.600000000 77.760934575 5.372740661
      vertex 52.800000000 83.311643844 5.400000000
      vertex 43.600000000 78.000021368 5.400000000
    endloop
  endfacet
  facet normal 0.130526192 -0 0.991444861
    outer loop
      vertex 53.007055236 83.192100448 5.372740661
      vertex 53.007055236 94.054432193 5.372740661
      vertex 52.800000000 93.934888797 5.400000000
    endloop
  endfacet
  facet normal 0.130526192 0 0.991444861
    outer loop
      vertex 53.007055236 83.192100448 5.372740661
      vertex 52.800000000 93.934888797 5.400000000
      vertex 52.800000000 83.311643844 5.400000000
    endloop
  endfacet
  facet normal 0 0 1
    outer loop
      vertex 52.800000000 93.934888797 5.400000000
      vertex 43.600000000 99.246511274 5.400000000
      vertex 34.400000000 93.934888797 5.400000000
    endloop
  endfacet
  facet normal 0 0 1
    outer loop
      vertex 52.800000000 93.934888797 5.400000000
      vertex 34.400000000 93.934888797 5.400000000
      vertex 34.400000000 83.311643844 5.400000000
    endloop
  endfacet
  facet normal 0 0 1
    outer loop
      vertex 52.800000000 93.934888797 5.400000000
      vertex 34.400000000 83.311643844 5.400000000
      vertex 43.600000000 78.000021368 5.400000000
    endloop
  endfacet
  facet normal 0 0 1
    outer loop
      vertex 52.800000000 93.934888797 5.400000000
      vertex 43.600000000 78.000021368 5.400000000
      vertex 52.800000000 83.311643844 5.400000000
    endloop
  endfacet
  facet normal 0 0 -1
    outer loop
      vertex 97.200000000 94.396769013 3.000000000
      vertex 77.200000000 94.396769013 3.000000000
      vertex 87.200000000 100.170271704 3.000000000
    endloop
  endfacet
  facet normal -0 0 -1
    outer loop
      vertex 97.200000000 94.396769013 3.000000000
      vertex 77.200000000 82.849763629 3.000000000
      vertex 77.200000000 94.396769013 3.000000000
    endloop
  endfacet
  facet normal 0 0 -1
    outer loop
      vertex 97.200000000 94.396769013 3.000000000
      vertex 87.200000000 77.076260937 3.000000000
      vertex 77.200000000 82.849763629 3.000000000
    endloop
  endfacet
  facet normal 0 0 -1
    outer loop
      vertex 97.200000000 94.396769013 3.000000000
      vertex 97.200000000 82.849763629 3.000000000
      vertex 87.200000000 77.076260937 3.000000000
    endloop
  endfacet
  facet normal 0.5 0.866025404 0
    outer loop
      vertex 97.200000000 94.396769013 3.000000000
      vertex 87.200000000 100.170271704 3.000000000
      vertex 87.200000000 100.170271704 4.600000000
    endloop
  endfacet
  facet normal 0.5 0.866025404 -0
    outer loop
      vertex 97.200000000 94.396769013 3.000000000
      vertex 87.200000000 100.170271704 4.600000000
      vertex 97.200000000 94.396769013 4.600000000
    endloop
  endfacet
  facet normal -0.5 0.866025404 0
    outer loop
      vertex 87.200000000 100.170271704 3.000000000
      vertex 77.200000000 94.396769013 3.000000000
      vertex 77.200000000 94.396769013 4.600000000
    endloop
  endfacet
  facet normal -0.5 0.866025404 0
    outer loop
      vertex 87.200000000 100.170271704 3.000000000
      vertex 77.200000000 94.396769013 4.600000000
      vertex 87.200000000 100.170271704 4.600000000
    endloop
  endfacet
  facet normal -1 0 0
    outer loop
      vertex 77.200000000 94.396769013 3.000000000
      vertex 77.200000000 82.849763629 3.000000000
      vertex 77.200000000 82.849763629 4.600000000
    endloop
  endfacet
  facet normal -1 0 0
    outer loop
      vertex 77.200000000 94.396769013 3.000000000
      vertex 77.200000000 82.849763629 4.600000000
      vertex 77.200000000 94.396769013 4.600000000
    endloop
  endfacet
  facet normal -0.5 -0.866025404 0
    outer loop
      vertex 77.200000000 82.849763629 3.000000000
      vertex 87.200000000 77.076260937 3.000000000
      vertex 87.200000000 77.076260937 4.600000000
    endloop
  endfacet
  facet normal -0.5 -0.866025404 0
    outer loop
      vertex 77.200000000 82.849763629 3.000000000
      vertex 87.200000000 77.076260937 4.600000000
      vertex 77.200000000 82.849763629 4.600000000
    endloop
  endfacet
  facet normal 0.5 -0.866025404 0
    outer loop
      vertex 87.200000000 77.076260937 3.000000000
      vertex 97.200000000 82.849763629 3.000000000
      vertex 97.200000000 82.849763629 4.600000000
    endloop
  endfacet
  facet normal 0.5 -0.866025404 0
    outer loop
      vertex 87.200000000 77.076260937 3.000000000
      vertex 97.200000000 82.849763629 4.600000000
      vertex 87.200000000 77.076260937 4.600000000
    endloop
  endfacet
  facet normal 1 -1.23069612e-15 0
    outer loop
      vertex 97.200000000 82.849763629 3.000000000
      vertex 97.200000000 94.396769013 3.000000000
      vertex 97.200000000 94.396769013 4.600000000
    endloop
  endfacet
  facet normal 1 -1.23069612e-15 0
    outer loop
      vertex 97.200000000 82.849763629 3.000000000
      vertex 97.200000000 94.396769013 4.600000000
      vertex 97.200000000 82.849763629 4.600000000
    endloop
  endfacet
  facet normal 0.495722431 0.858616436 0.130526192
    outer loop
      vertex 97.200000000 94.396769013 4.600000000
      vertex 87.200000000 100.170271704 4.600000000
      vertex 87.200000000 100.138795331 4.807055236
    endloop
  endfacet
  facet normal 0.495722431 0.858616436 0.130526192
    outer loop
      vertex 97.200000000 94.396769013 4.600000000
      vertex 87.200000000 100.138795331 4.807055236
      vertex 97.172740661 94.381030826 4.807055236
    endloop
  endfacet
  facet normal -0.495722431 0.858616436 0.130526192
    outer loop
      vertex 87.200000000 100.170271704 4.600000000
      vertex 77.200000000 94.396769013 4.600000000
      vertex 77.227259339 94.381030826 4.807055236
    endloop
  endfacet
  facet normal -0.495722431 0.858616436 0.130526192
    outer loop
      vertex 87.200000000 100.170271704 4.600000000
      vertex 77.227259339 94.381030826 4.807055236
      vertex 87.200000000 100.138795331 4.807055236
    endloop
  endfacet
  facet normal -0.991444861 0 0.130526192
    outer loop
      vertex 77.200000000 94.396769013 4.600000000
      vertex 77.200000000 82.849763629 4.600000000
      vertex 77.227259339 82.865501815 4.807055236
    endloop
  endfacet
  facet normal -0.991444861 0 0.130526192
    outer loop
      vertex 77.200000000 94.396769013 4.600000000
      vertex 77.227259339 82.865501815 4.807055236
      vertex 77.227259339 94.381030826 4.807055236
    endloop
  endfacet
  facet normal -0.495722431 -0.858616436 0.130526192
    outer loop
      vertex 77.200000000 82.849763629 4.600000000
      vertex 87.200000000 77.076260937 4.600000000
      vertex 87.200000000 77.107737310 4.807055236
    endloop
  endfacet
  facet normal -0.495722431 -0.858616436 0.130526192
    outer loop
      vertex 77.200000000 82.849763629 4.600000000
      vertex 87.200000000 77.107737310 4.807055236
      vertex 77.227259339 82.865501815 4.807055236
    endloop
  endfacet
  facet normal 0.495722431 -0.858616436 0.130526192
    outer loop
      vertex 87.200000000 77.076260937 4.600000000
      vertex 97.200000000 82.849763629 4.600000000
      vertex 97.172740661 82.865501815 4.807055236
    endloop
  endfacet
  facet normal 0.495722431 -0.858616436 0.130526192
    outer loop
      vertex 87.200000000 77.076260937 4.600000000
      vertex 97.172740661 82.865501815 4.807055236
      vertex 87.200000000 77.107737310 4.807055236
    endloop
  endfacet
  facet normal 0.991444861 -1.22016734e-15 0.130526192
    outer loop
      vertex 97.200000000 82.849763629 4.600000000
      vertex 97.200000000 94.396769013 4.600000000
      vertex 97.172740661 94.381030826 4.807055236
    endloop
  endfacet
  facet normal 0.991444861 -1.2233608e-15 0.130526192
    outer loop
      vertex 97.200000000 82.849763629 4.600000000
      vertex 97.172740661 94.381030826 4.807055236
      vertex 97.172740661 82.865501815 4.807055236
    endloop
  endfacet
  facet normal 0.461939766 0.800103145 0.382683432
    outer loop
      vertex 97.172740661 94.381030826 4.807055236
      vertex 87.200000000 100.138795331 4.807055236
      vertex 87.200000000 100.046511274 5.000000000
    endloop
  endfacet
  facet normal 0.461939766 0.800103145 0.382683432
    outer loop
      vertex 97.172740661 94.381030826 4.807055236
      vertex 87.200000000 100.046511274 5.000000000
      vertex 97.092820323 94.334888797 5.000000000
    endloop
  endfacet
  facet normal -0.461939766 0.800103145 0.382683432
    outer loop
      vertex 87.200000000 100.138795331 4.807055236
      vertex 77.227259339 94.381030826 4.807055236
      vertex 77.307179677 94.334888797 5.000000000
    endloop
  endfacet
  facet normal -0.461939766 0.800103145 0.382683432
    outer loop
      vertex 87.200000000 100.138795331 4.807055236
      vertex 77.307179677 94.334888797 5.000000000
      vertex 87.200000000 100.046511274 5.000000000
    endloop
  endfacet
  facet normal -0.923879533 0 0.382683432
    outer loop
      vertex 77.227259339 94.381030826 4.807055236
      vertex 77.227259339 82.865501815 4.807055236
      vertex 77.307179677 82.911643844 5.000000000
    endloop
  endfacet
  facet normal -0.923879533 0 0.382683432
    outer loop
      vertex 77.227259339 94.381030826 4.807055236
      vertex 77.307179677 82.911643844 5.000000000
      vertex 77.307179677 94.334888797 5.000000000
    endloop
  endfacet
  facet normal -0.461939766 -0.800103145 0.382683432
    outer loop
      vertex 77.227259339 82.865501815 4.807055236
      vertex 87.200000000 77.107737310 4.807055236
      vertex 87.200000000 77.200021368 5.000000000
    endloop
  endfacet
  facet normal -0.461939766 -0.800103145 0.382683432
    outer loop
      vertex 77.227259339 82.865501815 4.807055236
      vertex 87.200000000 77.200021368 5.000000000
      vertex 77.307179677 82.911643844 5.000000000
    endloop
  endfacet
  facet normal 0.461939766 -0.800103145 0.382683432
    outer loop
      vertex 87.200000000 77.107737310 4.807055236
      vertex 97.172740661 82.865501815 4.807055236
      vertex 97.092820323 82.911643844 5.000000000
    endloop
  endfacet
  facet normal 0.461939766 -0.800103145 0.382683432
    outer loop
      vertex 87.200000000 77.107737310 4.807055236
      vertex 97.092820323 82.911643844 5.000000000
      vertex 87.200000000 77.200021368 5.000000000
    endloop
  endfacet
  facet normal 0.923879533 -1.14012285e-15 0.382683432
    outer loop
      vertex 97.172740661 82.865501815 4.807055236
      vertex 97.172740661 94.381030826 4.807055236
      vertex 97.092820323 94.334888797 5.000000000
    endloop
  endfacet
  facet normal 0.923879533 -1.14889464e-15 0.382683432
    outer loop
      vertex 97.172740661 82.865501815 4.807055236
      vertex 97.092820323 94.334888797 5.000000000
      vertex 97.092820323 82.911643844 5.000000000
    endloop
  endfacet
  facet normal 0.39667667 0.687064147 0.608761429
    outer loop
      vertex 97.092820323 94.334888797 5.000000000
      vertex 87.200000000 100.046511274 5.000000000
      vertex 87.200000000 99.899708538 5.165685425
    endloop
  endfacet
  facet normal 0.39667667 0.687064147 0.608761429
    outer loop
      vertex 97.092820323 94.334888797 5.000000000
      vertex 87.200000000 99.899708538 5.165685425
      vertex 96.965685425 94.261487430 5.165685425
    endloop
  endfacet
  facet normal -0.39667667 0.687064147 0.608761429
    outer loop
      vertex 87.200000000 100.046511274 5.000000000
      vertex 77.307179677 94.334888797 5.000000000
      vertex 77.434314575 94.261487430 5.165685425
    endloop
  endfacet
  facet normal -0.39667667 0.687064147 0.608761429
    outer loop
      vertex 87.200000000 100.046511274 5.000000000
      vertex 77.434314575 94.261487430 5.165685425
      vertex 87.200000000 99.899708538 5.165685425
    endloop
  endfacet
  facet normal -0.79335334 0 0.608761429
    outer loop
      vertex 77.307179677 94.334888797 5.000000000
      vertex 77.307179677 82.911643844 5.000000000
      vertex 77.434314575 82.985045212 5.165685425
    endloop
  endfacet
  facet normal -0.79335334 0 0.608761429
    outer loop
      vertex 77.307179677 94.334888797 5.000000000
      vertex 77.434314575 82.985045212 5.165685425
      vertex 77.434314575 94.261487430 5.165685425
    endloop
  endfacet
  facet normal -0.39667667 -0.687064147 0.608761429
    outer loop
      vertex 77.307179677 82.911643844 5.000000000
      vertex 87.200000000 77.200021368 5.000000000
      vertex 87.200000000 77.346824103 5.165685425
    endloop
  endfacet
  facet normal -0.39667667 -0.687064147 0.608761429
    outer loop
      vertex 77.307179677 82.911643844 5.000000000
      vertex 87.200000000 77.346824103 5.165685425
      vertex 77.434314575 82.985045212 5.165685425
    endloop
  endfacet
  facet normal 0.39667667 -0.687064147 0.608761429
    outer loop
      vertex 87.200000000 77.200021368 5.000000000
      vertex 97.092820323 82.911643844 5.000000000
      vertex 96.965685425 82.985045212 5.165685425
    endloop
  endfacet
  facet normal 0.39667667 -0.687064147 0.608761429
    outer loop
      vertex 87.200000000 77.200021368 5.000000000
      vertex 96.965685425 82.985045212 5.165685425
      vertex 87.200000000 77.346824103 5.165685425
    endloop
  endfacet
  facet normal 0.79335334 -9.86955029e-16 0.608761429
    outer loop
      vertex 97.092820323 82.911643844 5.000000000
      vertex 97.092820323 94.334888797 5.000000000
      vertex 96.965685425 94.261487430 5.165685425
    endloop
  endfacet
  facet normal 0.79335334 -9.98849818e-16 0.608761429
    outer loop
      vertex 97.092820323 82.911643844 5.000000000
      vertex 96.965685425 94.261487430 5.165685425
      vertex 96.965685425 82.985045212 5.165685425
    endloop
  endfacet
  facet normal 0.304380714 0.527202862 0.79335334
    outer loop
      vertex 96.965685425 94.261487430 5.165685425
      vertex 87.200000000 99.899708538 5.165685425
      vertex 87.200000000 99.708391489 5.292820323
    endloop
  endfacet
  facet normal 0.304380714 0.527202862 0.79335334
    outer loop
      vertex 96.965685425 94.261487430 5.165685425
      vertex 87.200000000 99.708391489 5.292820323
      vertex 96.800000000 94.165828905 5.292820323
    endloop
  endfacet
  facet normal -0.304380714 0.527202862 0.79335334
    outer loop
      vertex 87.200000000 99.899708538 5.165685425
      vertex 77.434314575 94.261487430 5.165685425
      vertex 77.600000000 94.165828905 5.292820323
    endloop
  endfacet
  facet normal -0.304380714 0.527202862 0.79335334
    outer loop
      vertex 87.200000000 99.899708538 5.165685425
      vertex 77.600000000 94.165828905 5.292820323
      vertex 87.200000000 99.708391489 5.292820323
    endloop
  endfacet
  facet normal -0.608761429 0 0.79335334
    outer loop
      vertex 77.434314575 94.261487430 5.165685425
      vertex 77.434314575 82.985045212 5.165685425
      vertex 77.600000000 83.080703736 5.292820323
    endloop
  endfacet
  facet normal -0.608761429 0 0.79335334
    outer loop
      vertex 77.434314575 94.261487430 5.165685425
      vertex 77.600000000 83.080703736 5.292820323
      vertex 77.600000000 94.165828905 5.292820323
    endloop
  endfacet
  facet normal -0.304380714 -0.527202862 0.79335334
    outer loop
      vertex 77.434314575 82.985045212 5.165685425
      vertex 87.200000000 77.346824103 5.165685425
      vertex 87.200000000 77.538141152 5.292820323
    endloop
  endfacet
  facet normal -0.304380714 -0.527202862 0.79335334
    outer loop
      vertex 77.434314575 82.985045212 5.165685425
      vertex 87.200000000 77.538141152 5.292820323
      vertex 77.600000000 83.080703736 5.292820323
    endloop
  endfacet
  facet normal 0.304380714 -0.527202862 0.79335334
    outer loop
      vertex 87.200000000 77.346824103 5.165685425
      vertex 96.965685425 82.985045212 5.165685425
      vertex 96.800000000 83.080703736 5.292820323
    endloop
  endfacet
  facet normal 0.304380714 -0.527202862 0.79335334
    outer loop
      vertex 87.200000000 77.346824103 5.165685425
      vertex 96.800000000 83.080703736 5.292820323
      vertex 87.200000000 77.538141152 5.292820323
    endloop
  endfacet
  facet normal 0.608761429 -7.67176389e-16 0.79335334
    outer loop
      vertex 96.965685425 82.985045212 5.165685425
      vertex 96.965685425 94.261487430 5.165685425
      vertex 96.800000000 94.165828905 5.292820323
    endloop
  endfacet
  facet normal 0.608761429 -7.80799852e-16 0.79335334
    outer loop
      vertex 96.965685425 82.985045212 5.165685425
      vertex 96.800000000 94.165828905 5.292820323
      vertex 96.800000000 83.080703736 5.292820323
    endloop
  endfacet
  facet normal 0.191341716 0.331413574 0.923879533
    outer loop
      vertex 96.800000000 94.165828905 5.292820323
      vertex 87.200000000 99.708391489 5.292820323
      vertex 87.200000000 99.485598066 5.372740661
    endloop
  endfacet
  facet normal 0.191341716 0.331413574 0.923879533
    outer loop
      vertex 96.800000000 94.165828905 5.292820323
      vertex 87.200000000 99.485598066 5.372740661
      vertex 96.607055236 94.054432193 5.372740661
    endloop
  endfacet
  facet normal -0.191341716 0.331413574 0.923879533
    outer loop
      vertex 87.200000000 99.708391489 5.292820323
      vertex 77.600000000 94.165828905 5.292820323
      vertex 77.792944764 94.054432193 5.372740661
    endloop
  endfacet
  facet normal -0.191341716 0.331413574 0.923879533
    outer loop
      vertex 87.200000000 99.708391489 5.292820323
      vertex 77.792944764 94.054432193 5.372740661
      vertex 87.200000000 99.485598066 5.372740661
    endloop
  endfacet
  facet normal -0.382683432 0 0.923879533
    outer loop
      vertex 77.600000000 94.165828905 5.292820323
      vertex 77.600000000 83.080703736 5.292820323
      vertex 77.792944764 83.192100448 5.372740661
    endloop
  endfacet
  facet normal -0.382683432 0 0.923879533
    outer loop
      vertex 77.600000000 94.165828905 5.292820323
      vertex 77.792944764 83.192100448 5.372740661
      vertex 77.792944764 94.054432193 5.372740661
    endloop
  endfacet
  facet normal -0.191341716 -0.331413574 0.923879533
    outer loop
      vertex 77.600000000 83.080703736 5.292820323
      vertex 87.200000000 77.538141152 5.292820323
      vertex 87.200000000 77.760934575 5.372740661
    endloop
  endfacet
  facet normal -0.191341716 -0.331413574 0.923879533
    outer loop
      vertex 77.600000000 83.080703736 5.292820323
      vertex 87.200000000 77.760934575 5.372740661
      vertex 77.792944764 83.192100448 5.372740661
    endloop
  endfacet
  facet normal 0.191341716 -0.331413574 0.923879533
    outer loop
      vertex 87.200000000 77.538141152 5.292820323
      vertex 96.800000000 83.080703736 5.292820323
      vertex 96.607055236 83.192100448 5.372740661
    endloop
  endfacet
  facet normal 0.191341716 -0.331413574 0.923879533
    outer loop
      vertex 87.200000000 77.538141152 5.292820323
      vertex 96.607055236 83.192100448 5.372740661
      vertex 87.200000000 77.760934575 5.372740661
    endloop
  endfacet
  facet normal 0.382683432 -4.90590641e-16 0.923879533
    outer loop
      vertex 96.800000000 83.080703736 5.292820323
      vertex 96.800000000 94.165828905 5.292820323
      vertex 96.607055236 94.054432193 5.372740661
    endloop
  endfacet
  facet normal 0.382683432 -5.00876714e-16 0.923879533
    outer loop
      vertex 96.800000000 83.080703736 5.292820323
      vertex 96.607055236 94.054432193 5.372740661
      vertex 96.607055236 83.192100448 5.372740661
    endloop
  endfacet
  facet normal 0.0652630962 0.113038998 0.991444861
    outer loop
      vertex 96.607055236 94.054432193 5.372740661
      vertex 87.200000000 99.485598066 5.372740661
      vertex 87.200000000 99.246511274 5.400000000
    endloop
  endfacet
  facet normal 0.0652630962 0.113038998 0.991444861
    outer loop
      vertex 96.607055236 94.054432193 5.372740661
      vertex 87.200000000 99.246511274 5.400000000
      vertex 96.400000000 93.934888797 5.400000000
    endloop
  endfacet
  facet normal -0.0652630962 0.113038998 0.991444861
    outer loop
      vertex 87.200000000 99.485598066 5.372740661
      vertex 77.792944764 94.054432193 5.372740661
      vertex 78.000000000 93.934888797 5.400000000
    endloop
  endfacet
  facet normal -0.0652630962 0.113038998 0.991444861
    outer loop
      vertex 87.200000000 99.485598066 5.372740661
      vertex 78.000000000 93.934888797 5.400000000
      vertex 87.200000000 99.246511274 5.400000000
    endloop
  endfacet
  facet normal -0.130526192 0 0.991444861
    outer loop
      vertex 77.792944764 94.054432193 5.372740661
      vertex 77.792944764 83.192100448 5.372740661
      vertex 78.000000000 83.311643844 5.400000000
    endloop
  endfacet
  facet normal -0.130526192 0 0.991444861
    outer loop
      vertex 77.792944764 94.054432193 5.372740661
      vertex 78.000000000 83.311643844 5.400000000
      vertex 78.000000000 93.934888797 5.400000000
    endloop
  endfacet
  facet normal -0.0652630962 -0.113038998 0.991444861
    outer loop
      vertex 77.792944764 83.192100448 5.372740661
      vertex 87.200000000 77.760934575 5.372740661
      vertex 87.200000000 78.000021368 5.400000000
    endloop
  endfacet
  facet normal -0.0652630962 -0.113038998 0.991444861
    outer loop
      vertex 77.792944764 83.192100448 5.372740661
      vertex 87.200000000 78.000021368 5.400000000
      vertex 78.000000000 83.311643844 5.400000000
    endloop
  endfacet
  facet normal 0.0652630962 -0.113038998 0.991444861
    outer loop
      vertex 87.200000000 77.760934575 5.372740661
      vertex 96.607055236 83.192100448 5.372740661
      vertex 96.400000000 83.311643844 5.400000000
    endloop
  endfacet
  facet normal 0.0652630962 -0.113038998 0.991444861
    outer loop
      vertex 87.200000000 77.760934575 5.372740661
      vertex 96.400000000 83.311643844 5.400000000
      vertex 87.200000000 78.000021368 5.400000000
    endloop
  endfacet
  facet normal 0.130526192 -1.70763405e-16 0.991444861
    outer loop
      vertex 96.607055236 83.192100448 5.372740661
      vertex 96.607055236 94.054432193 5.372740661
      vertex 96.400000000 93.934888797 5.400000000
    endloop
  endfacet
  facet normal 0.130526192 -1.74365385e-16 0.991444861
    outer loop
      vertex 96.607055236 83.192100448 5.372740661
      vertex 96.400000000 93.934888797 5.400000000
      vertex 96.400000000 83.311643844 5.400000000
    endloop
  endfacet
  facet normal 0 0 1
    outer loop
      vertex 96.400000000 93.934888797 5.400000000
      vertex 87.200000000 99.246511274 5.400000000
      vertex 78.000000000 93.934888797 5.400000000
    endloop
  endfacet
  facet normal 0 0 1
    outer loop
      vertex 96.400000000 93.934888797 5.400000000
      vertex 78.000000000 93.934888797 5.400000000
      vertex 78.000000000 83.311643844 5.400000000
    endloop
  endfacet
  facet normal 0 0 1
    outer loop
      vertex 96.400000000 93.934888797 5.400000000
      vertex 78.000000000 83.311643844 5.400000000
      vertex 87.200000000 78.000021368 5.400000000
    endloop
  endfacet
  facet normal 0 0 1
    outer loop
      vertex 96.400000000 93.934888797 5.400000000
      vertex 87.200000000 78.000021368 5.400000000
      vertex 96.400000000 83.311643844 5.400000000
    endloop
  endfacet
  facet normal 0 0 -1
    outer loop
      vertex 119.000000000 94.396769013 3.000000000
      vertex 99.000000000 94.396769013 3.000000000
      vertex 109.000000000 100.170271704 3.000000000
    endloop
  endfacet
  facet normal -0 0 -1
    outer loop
      vertex 119.000000000 94.396769013 3.000000000
      vertex 99.000000000 82.849763629 3.000000000
      vertex 99.000000000 94.396769013 3.000000000
    endloop
  endfacet
  facet normal 0 0 -1
    outer loop
      vertex 119.000000000 94.396769013 3.000000000
      vertex 109.000000000 77.076260937 3.000000000
      vertex 99.000000000 82.849763629 3.000000000
    endloop
  endfacet
  facet normal 0 0 -1
    outer loop
      vertex 119.000000000 94.396769013 3.000000000
      vertex 119.000000000 82.849763629 3.000000000
      vertex 109.000000000 77.076260937 3.000000000
    endloop
  endfacet
  facet normal 0.5 0.866025404 0
    outer loop
      vertex 119.000000000 94.396769013 3.000000000
      vertex 109.000000000 100.170271704 3.000000000
      vertex 109.000000000 100.170271704 4.600000000
    endloop
  endfacet
  facet normal 0.5 0.866025404 -0
    outer loop
      vertex 119.000000000 94.396769013 3.000000000
      vertex 109.000000000 100.170271704 4.600000000
      vertex 119.000000000 94.396769013 4.600000000
    endloop
  endfacet
  facet normal -0.5 0.866025404 0
    outer loop
      vertex 109.000000000 100.170271704 3.000000000
      vertex 99.000000000 94.396769013 3.000000000
      vertex 99.000000000 94.396769013 4.600000000
    endloop
  endfacet
  facet normal -0.5 0.866025404 0
    outer loop
      vertex 109.000000000 100.170271704 3.000000000
      vertex 99.000000000 94.396769013 4.600000000
      vertex 109.000000000 100.170271704 4.600000000
    endloop
  endfacet
  facet normal -1 0 0
    outer loop
      vertex 99.000000000 94.396769013 3.000000000
      vertex 99.000000000 82.849763629 3.000000000
      vertex 99.000000000 82.849763629 4.600000000
    endloop
  endfacet
  facet normal -1 0 0
    outer loop
      vertex 99.000000000 94.396769013 3.000000000
      vertex 99.000000000 82.849763629 4.600000000
      vertex 99.000000000 94.396769013 4.600000000
    endloop
  endfacet
  facet normal -0.5 -0.866025404 0
    outer loop
      vertex 99.000000000 82.849763629 3.000000000
      vertex 109.000000000 77.076260937 3.000000000
      vertex 109.000000000 77.076260937 4.600000000
    endloop
  endfacet
  facet normal -0.5 -0.866025404 0
    outer loop
      vertex 99.000000000 82.849763629 3.000000000
      vertex 109.000000000 77.076260937 4.600000000
      vertex 99.000000000 82.849763629 4.600000000
    endloop
  endfacet
  facet normal 0.5 -0.866025404 0
    outer loop
      vertex 109.000000000 77.076260937 3.000000000
      vertex 119.000000000 82.849763629 3.000000000
      vertex 119.000000000 82.849763629 4.600000000
    endloop
  endfacet
  facet normal 0.5 -0.866025404 0
    outer loop
      vertex 109.000000000 77.076260937 3.000000000
      vertex 119.000000000 82.849763629 4.600000000
      vertex 109.000000000 77.076260937 4.600000000
    endloop
  endfacet
  facet normal 1 -2.46139224e-15 0
    outer loop
      vertex 119.000000000 82.849763629 3.000000000
      vertex 119.000000000 94.396769013 3.000000000
      vertex 119.000000000 94.396769013 4.600000000
    endloop
  endfacet
  facet normal 1 -2.46139224e-15 0
    outer loop
      vertex 119.000000000 82.849763629 3.000000000
      vertex 119.000000000 94.396769013 4.600000000
      vertex 119.000000000 82.849763629 4.600000000
    endloop
  endfacet
  facet normal 0.495722431 0.858616436 0.130526192
    outer loop
      vertex 119.000000000 94.396769013 4.600000000
      vertex 109.000000000 100.170271704 4.600000000
      vertex 109.000000000 100.138795331 4.807055236
    endloop
  endfacet
  facet normal 0.495722431 0.858616436 0.130526192
    outer loop
      vertex 119.000000000 94.396769013 4.600000000
      vertex 109.000000000 100.138795331 4.807055236
      vertex 118.972740661 94.381030826 4.807055236
    endloop
  endfacet
  facet normal -0.495722431 0.858616436 0.130526192
    outer loop
      vertex 109.000000000 100.170271704 4.600000000
      vertex 99.000000000 94.396769013 4.600000000
      vertex 99.027259339 94.381030826 4.807055236
    endloop
  endfacet
  facet normal -0.495722431 0.858616436 0.130526192
    outer loop
      vertex 109.000000000 100.170271704 4.600000000
      vertex 99.027259339 94.381030826 4.807055236
      vertex 109.000000000 100.138795331 4.807055236
    endloop
  endfacet
  facet normal -0.991444861 0 0.130526192
    outer loop
      vertex 99.000000000 94.396769013 4.600000000
      vertex 99.000000000 82.849763629 4.600000000
      vertex 99.027259339 82.865501815 4.807055236
    endloop
  endfacet
  facet normal -0.991444861 0 0.130526192
    outer loop
      vertex 99.000000000 94.396769013 4.600000000
      vertex 99.027259339 82.865501815 4.807055236
      vertex 99.027259339 94.381030826 4.807055236
    endloop
  endfacet
  facet normal -0.495722431 -0.858616436 0.130526192
    outer loop
      vertex 99.000000000 82.849763629 4.600000000
      vertex 109.000000000 77.076260937 4.600000000
      vertex 109.000000000 77.107737310 4.807055236
    endloop
  endfacet
  facet normal -0.495722431 -0.858616436 0.130526192
    outer loop
      vertex 99.000000000 82.849763629 4.600000000
      vertex 109.000000000 77.107737310 4.807055236
      vertex 99.027259339 82.865501815 4.807055236
    endloop
  endfacet
  facet normal 0.495722431 -0.858616436 0.130526192
    outer loop
      vertex 109.000000000 77.076260937 4.600000000
      vertex 119.000000000 82.849763629 4.600000000
      vertex 118.972740661 82.865501815 4.807055236
    endloop
  endfacet
  facet normal 0.495722431 -0.858616436 0.130526192
    outer loop
      vertex 109.000000000 77.076260937 4.600000000
      vertex 118.972740661 82.865501815 4.807055236
      vertex 109.000000000 77.107737310 4.807055236
    endloop
  endfacet
  facet normal 0.991444861 -2.44033469e-15 0.130526192
    outer loop
      vertex 119.000000000 82.849763629 4.600000000
      vertex 119.000000000 94.396769013 4.600000000
      vertex 118.972740661 94.381030826 4.807055236
    endloop
  endfacet
  facet normal 0.991444861 -2.44672159e-15 0.130526192
    outer loop
      vertex 119.000000000 82.849763629 4.600000000
      vertex 118.972740661 94.381030826 4.807055236
      vertex 118.972740661 82.865501815 4.807055236
    endloop
  endfacet
  facet normal 0.461939766 0.800103145 0.382683432
    outer loop
      vertex 118.972740661 94.381030826 4.807055236
      vertex 109.000000000 100.138795331 4.807055236
      vertex 109.000000000 100.046511274 5.000000000
    endloop
  endfacet
  facet normal 0.461939766 0.800103145 0.382683432
    outer loop
      vertex 118.972740661 94.381030826 4.807055236
      vertex 109.000000000 100.046511274 5.000000000
      vertex 118.892820323 94.334888797 5.000000000
    endloop
  endfacet
  facet normal -0.461939766 0.800103145 0.382683432
    outer loop
      vertex 109.000000000 100.138795331 4.807055236
      vertex 99.027259339 94.381030826 4.807055236
      vertex 99.107179677 94.334888797 5.000000000
    endloop
  endfacet
  facet normal -0.461939766 0.800103145 0.382683432
    outer loop
      vertex 109.000000000 100.138795331 4.807055236
      vertex 99.107179677 94.334888797 5.000000000
      vertex 109.000000000 100.046511274 5.000000000
    endloop
  endfacet
  facet normal -0.923879533 0 0.382683432
    outer loop
      vertex 99.027259339 94.381030826 4.807055236
      vertex 99.027259339 82.865501815 4.807055236
      vertex 99.107179677 82.911643844 5.000000000
    endloop
  endfacet
  facet normal -0.923879533 0 0.382683432
    outer loop
      vertex 99.027259339 94.381030826 4.807055236
      vertex 99.107179677 82.911643844 5.000000000
      vertex 99.107179677 94.334888797 5.000000000
    endloop
  endfacet
  facet normal -0.461939766 -0.800103145 0.382683432
    outer loop
      vertex 99.027259339 82.865501815 4.807055236
      vertex 109.000000000 77.107737310 4.807055236
      vertex 109.000000000 77.200021368 5.000000000
    endloop
  endfacet
  facet normal -0.461939766 -0.800103145 0.382683432
    outer loop
      vertex 99.027259339 82.865501815 4.807055236
      vertex 109.000000000 77.200021368 5.000000000
      vertex 99.107179677 82.911643844 5.000000000
    endloop
  endfacet
  facet normal 0.461939766 -0.800103145 0.382683432
    outer loop
      vertex 109.000000000 77.107737310 4.807055236
      vertex 118.972740661 82.865501815 4.807055236
      vertex 118.892820323 82.911643844 5.000000000
    endloop
  endfacet
  facet normal 0.461939766 -0.800103145 0.382683432
    outer loop
      vertex 109.000000000 77.107737310 4.807055236
      vertex 118.892820323 82.911643844 5.000000000
      vertex 109.000000000 77.200021368 5.000000000
    endloop
  endfacet
  facet normal 0.923879533 -2.28024571e-15 0.382683432
    outer loop
      vertex 118.972740661 82.865501815 4.807055236
      vertex 118.972740661 94.381030826 4.807055236
      vertex 118.892820323 94.334888797 5.000000000
    endloop
  endfacet
  facet normal 0.923879533 -2.29851642e-15 0.382683432
    outer loop
      vertex 118.972740661 82.865501815 4.807055236
      vertex 118.892820323 94.334888797 5.000000000
      vertex 118.892820323 82.911643844 5.000000000
    endloop
  endfacet
  facet normal 0.39667667 0.687064147 0.608761429
    outer loop
      vertex 118.892820323 94.334888797 5.000000000
      vertex 109.000000000 100.046511274 5.000000000
      vertex 109.000000000 99.899708538 5.165685425
    endloop
  endfacet
  facet normal 0.39667667 0.687064147 0.608761429
    outer loop
      vertex 118.892820323 94.334888797 5.000000000
      vertex 109.000000000 99.899708538 5.165685425
      vertex 118.765685425 94.261487430 5.165685425
    endloop
  endfacet
  facet normal -0.39667667 0.687064147 0.608761429
    outer loop
      vertex 109.000000000 100.046511274 5.000000000
      vertex 99.107179677 94.334888797 5.000000000
      vertex 99.234314575 94.261487430 5.165685425
    endloop
  endfacet
  facet normal -0.39667667 0.687064147 0.608761429
    outer loop
      vertex 109.000000000 100.046511274 5.000000000
      vertex 99.234314575 94.261487430 5.165685425
      vertex 109.000000000 99.899708538 5.165685425
    endloop
  endfacet
  facet normal -0.79335334 0 0.608761429
    outer loop
      vertex 99.107179677 94.334888797 5.000000000
      vertex 99.107179677 82.911643844 5.000000000
      vertex 99.234314575 82.985045212 5.165685425
    endloop
  endfacet
  facet normal -0.79335334 0 0.608761429
    outer loop
      vertex 99.107179677 94.334888797 5.000000000
      vertex 99.234314575 82.985045212 5.165685425
      vertex 99.234314575 94.261487430 5.165685425
    endloop
  endfacet
  facet normal -0.39667667 -0.687064147 0.608761429
    outer loop
      vertex 99.107179677 82.911643844 5.000000000
      vertex 109.000000000 77.200021368 5.000000000
      vertex 109.000000000 77.346824103 5.165685425
    endloop
  endfacet
  facet normal -0.39667667 -0.687064147 0.608761429
    outer loop
      vertex 99.107179677 82.911643844 5.000000000
      vertex 109.000000000 77.346824103 5.165685425
      vertex 99.234314575 82.985045212 5.165685425
    endloop
  endfacet
  facet normal 0.39667667 -0.687064147 0.608761429
    outer loop
      vertex 109.000000000 77.200021368 5.000000000
      vertex 118.892820323 82.911643844 5.000000000
      vertex 118.765685425 82.985045212 5.165685425
    endloop
  endfacet
  facet normal 0.39667667 -0.687064147 0.608761429
    outer loop
      vertex 109.000000000 77.200021368 5.000000000
      vertex 118.765685425 82.985045212 5.165685425
      vertex 109.000000000 77.346824103 5.165685425
    endloop
  endfacet
  facet normal 0.79335334 -1.97391006e-15 0.608761429
    outer loop
      vertex 118.892820323 82.911643844 5.000000000
      vertex 118.892820323 94.334888797 5.000000000
      vertex 118.765685425 94.261487430 5.165685425
    endloop
  endfacet
  facet normal 0.79335334 -1.99917287e-15 0.608761429
    outer loop
      vertex 118.892820323 82.911643844 5.000000000
      vertex 118.765685425 94.261487430 5.165685425
      vertex 118.765685425 82.985045212 5.165685425
    endloop
  endfacet
  facet normal 0.304380714 0.527202862 0.79335334
    outer loop
      vertex 118.765685425 94.261487430 5.165685425
      vertex 109.000000000 99.899708538 5.165685425
      vertex 109.000000000 99.708391489 5.292820323
    endloop
  endfacet
  facet normal 0.304380714 0.527202862 0.79335334
    outer loop
      vertex 118.765685425 94.261487430 5.165685425
      vertex 109.000000000 99.708391489 5.292820323
      vertex 118.600000000 94.165828905 5.292820323
    endloop
  endfacet
  facet normal -0.304380714 0.527202862 0.79335334
    outer loop
      vertex 109.000000000 99.899708538 5.165685425
      vertex 99.234314575 94.261487430 5.165685425
      vertex 99.400000000 94.165828905 5.292820323
    endloop
  endfacet
  facet normal -0.304380714 0.527202862 0.79335334
    outer loop
      vertex 109.000000000 99.899708538 5.165685425
      vertex 99.400000000 94.165828905 5.292820323
      vertex 109.000000000 99.708391489 5.292820323
    endloop
  endfacet
  facet normal -0.608761429 0 0.79335334
    outer loop
      vertex 99.234314575 94.261487430 5.165685425
      vertex 99.234314575 82.985045212 5.165685425
      vertex 99.400000000 83.080703736 5.292820323
    endloop
  endfacet
  facet normal -0.608761429 0 0.79335334
    outer loop
      vertex 99.234314575 94.261487430 5.165685425
      vertex 99.400000000 83.080703736 5.292820323
      vertex 99.400000000 94.165828905 5.292820323
    endloop
  endfacet
  facet normal -0.304380714 -0.527202862 0.79335334
    outer loop
      vertex 99.234314575 82.985045212 5.165685425
      vertex 109.000000000 77.346824103 5.165685425
      vertex 109.000000000 77.538141152 5.292820323
    endloop
  endfacet
  facet normal -0.304380714 -0.527202862 0.79335334
    outer loop
      vertex 99.234314575 82.985045212 5.165685425
      vertex 109.000000000 77.538141152 5.292820323
      vertex 99.400000000 83.080703736 5.292820323
    endloop
  endfacet
  facet normal 0.304380714 -0.527202862 0.79335334
    outer loop
      vertex 109.000000000 77.346824103 5.165685425
      vertex 118.765685425 82.985045212 5.165685425
      vertex 118.600000000 83.080703736 5.292820323
    endloop
  endfacet
  facet normal 0.304380714 -0.527202862 0.79335334
    outer loop
      vertex 109.000000000 77.346824103 5.165685425
      vertex 118.600000000 83.080703736 5.292820323
      vertex 109.000000000 77.538141152 5.292820323
    endloop
  endfacet
  facet normal 0.608761429 -1.53435278e-15 0.79335334
    outer loop
      vertex 118.765685425 82.985045212 5.165685425
      vertex 118.765685425 94.261487430 5.165685425
      vertex 118.600000000 94.165828905 5.292820323
    endloop
  endfacet
  facet normal 0.608761429 -1.5615997e-15 0.79335334
    outer loop
      vertex 118.765685425 82.985045212 5.165685425
      vertex 118.600000000 94.165828905 5.292820323
      vertex 118.600000000 83.080703736 5.292820323
    endloop
  endfacet
  facet normal 0.191341716 0.331413574 0.923879533
    outer loop
      vertex 118.600000000 94.165828905 5.292820323
      vertex 109.000000000 99.708391489 5.292820323
      vertex 109.000000000 99.485598066 5.372740661
    endloop
  endfacet
  facet normal 0.191341716 0.331413574 0.923879533
    outer loop
      vertex 118.600000000 94.165828905 5.292820323
      vertex 109.000000000 99.485598066 5.372740661
      vertex 118.407055236 94.054432193 5.372740661
    endloop
  endfacet
  facet normal -0.191341716 0.331413574 0.923879533
    outer loop
      vertex 109.000000000 99.708391489 5.292820323
      vertex 99.400000000 94.165828905 5.292820323
      vertex 99.592944764 94.054432193 5.372740661
    endloop
  endfacet
  facet normal -0.191341716 0.331413574 0.923879533
    outer loop
      vertex 109.000000000 99.708391489 5.292820323
      vertex 99.592944764 94.054432193 5.372740661
      vertex 109.000000000 99.485598066 5.372740661
    endloop
  endfacet
  facet normal -0.382683432 0 0.923879533
    outer loop
      vertex 99.400000000 94.165828905 5.292820323
      vertex 99.400000000 83.080703736 5.292820323
      vertex 99.592944764 83.192100448 5.372740661
    endloop
  endfacet
  facet normal -0.382683432 0 0.923879533
    outer loop
      vertex 99.400000000 94.165828905 5.292820323
      vertex 99.592944764 83.192100448 5.372740661
      vertex 99.592944764 94.054432193 5.372740661
    endloop
  endfacet
  facet normal -0.191341716 -0.331413574 0.923879533
    outer loop
      vertex 99.400000000 83.080703736 5.292820323
      vertex 109.000000000 77.538141152 5.292820323
      vertex 109.000000000 77.760934575 5.372740661
    endloop
  endfacet
  facet normal -0.191341716 -0.331413574 0.923879533
    outer loop
      vertex 99.400000000 83.080703736 5.292820323
      vertex 109.000000000 77.760934575 5.372740661
      vertex 99.592944764 83.192100448 5.372740661
    endloop
  endfacet
  facet normal 0.191341716 -0.331413574 0.923879533
    outer loop
      vertex 109.000000000 77.538141152 5.292820323
      vertex 118.600000000 83.080703736 5.292820323
      vertex 118.407055236 83.192100448 5.372740661
    endloop
  endfacet
  facet normal 0.191341716 -0.331413574 0.923879533
    outer loop
      vertex 109.000000000 77.538141152 5.292820323
      vertex 118.407055236 83.192100448 5.372740661
      vertex 109.000000000 77.760934575 5.372740661
    endloop
  endfacet
  facet normal 0.382683432 -9.81181281e-16 0.923879533
    outer loop
      vertex 118.600000000 83.080703736 5.292820323
      vertex 118.600000000 94.165828905 5.292820323
      vertex 118.407055236 94.054432193 5.372740661
    endloop
  endfacet
  facet normal 0.382683432 -1.00175343e-15 0.923879533
    outer loop
      vertex 118.600000000 83.080703736 5.292820323
      vertex 118.407055236 94.054432193 5.372740661
      vertex 118.407055236 83.192100448 5.372740661
    endloop
  endfacet
  facet normal 0.0652630962 0.113038998 0.991444861
    outer loop
      vertex 118.407055236 94.054432193 5.372740661
      vertex 109.000000000 99.485598066 5.372740661
      vertex 109.000000000 99.246511274 5.400000000
    endloop
  endfacet
  facet normal 0.0652630962 0.113038998 0.991444861
    outer loop
      vertex 118.407055236 94.054432193 5.372740661
      vertex 109.000000000 99.246511274 5.400000000
      vertex 118.200000000 93.934888797 5.400000000
    endloop
  endfacet
  facet normal -0.0652630962 0.113038998 0.991444861
    outer loop
      vertex 109.000000000 99.485598066 5.372740661
      vertex 99.592944764 94.054432193 5.372740661
      vertex 99.800000000 93.934888797 5.400000000
    endloop
  endfacet
  facet normal -0.0652630962 0.113038998 0.991444861
    outer loop
      vertex 109.000000000 99.485598066 5.372740661
      vertex 99.800000000 93.934888797 5.400000000
      vertex 109.000000000 99.246511274 5.400000000
    endloop
  endfacet
  facet normal -0.130526192 0 0.991444861
    outer loop
      vertex 99.592944764 94.054432193 5.372740661
      vertex 99.592944764 83.192100448 5.372740661
      vertex 99.800000000 83.311643844 5.400000000
    endloop
  endfacet
  facet normal -0.130526192 0 0.991444861
    outer loop
      vertex 99.592944764 94.054432193 5.372740661
      vertex 99.800000000 83.311643844 5.400000000
      vertex 99.800000000 93.934888797 5.400000000
    endloop
  endfacet
  facet normal -0.0652630962 -0.113038998 0.991444861
    outer loop
      vertex 99.592944764 83.192100448 5.372740661
      vertex 109.000000000 77.760934575 5.372740661
      vertex 109.000000000 78.000021368 5.400000000
    endloop
  endfacet
  facet normal -0.0652630962 -0.113038998 0.991444861
    outer loop
      vertex 99.592944764 83.192100448 5.372740661
      vertex 109.000000000 78.000021368 5.400000000
      vertex 99.800000000 83.311643844 5.400000000
    endloop
  endfacet
  facet normal 0.0652630962 -0.113038998 0.991444861
    outer loop
      vertex 109.000000000 77.760934575 5.372740661
      vertex 118.407055236 83.192100448 5.372740661
      vertex 118.200000000 83.311643844 5.400000000
    endloop
  endfacet
  facet normal 0.0652630962 -0.113038998 0.991444861
    outer loop
      vertex 109.000000000 77.760934575 5.372740661
      vertex 118.200000000 83.311643844 5.400000000
      vertex 109.000000000 78.000021368 5.400000000
    endloop
  endfacet
  facet normal 0.130526192 -3.4152681e-16 0.991444861
    outer loop
      vertex 118.407055236 83.192100448 5.372740661
      vertex 118.407055236 94.054432193 5.372740661
      vertex 118.200000000 93.934888797 5.400000000
    endloop
  endfacet
  facet normal 0.130526192 -3.49121723e-16 0.991444861
    outer loop
      vertex 118.407055236 83.192100448 5.372740661
      vertex 118.200000000 93.934888797 5.400000000
      vertex 118.200000000 83.311643844 5.400000000
    endloop
  endfacet
  facet normal 0 0 1
    outer loop
      vertex 118.200000000 93.934888797 5.400000000
      vertex 109.000000000 99.246511274 5.400000000
      vertex 99.800000000 93.934888797 5.400000000
    endloop
  endfacet
  facet normal 0 0 1
    outer loop
      vertex 118.200000000 93.934888797 5.400000000
      vertex 99.800000000 93.934888797 5.400000000
      vertex 99.800000000 83.311643844 5.400000000
    endloop
  endfacet
  facet normal 0 0 1
    outer loop
      vertex 118.200000000 93.934888797 5.400000000
      vertex 99.800000000 83.311643844 5.400000000
      vertex 109.000000000 78.000021368 5.400000000
    endloop
  endfacet
  facet normal 0 0 1
    outer loop
      vertex 118.200000000 93.934888797 5.400000000
      vertex 109.000000000 78.000021368 5.400000000
      vertex 118.200000000 83.311643844 5.400000000
    endloop
  endfacet
  facet normal 0 0 -1
    outer loop
      vertex 129.900000000 94.396769013 3.000000000
      vertex 120.800000000 94.396769013 3.000000000
      vertex 129.900000000 99.650656462 3.000000000
    endloop
  endfacet
  facet normal -0 0 -1
    outer loop
      vertex 129.900000000 88.103651078 3.000000000
      vertex 120.800000000 82.849763629 3.000000000
      vertex 120.800000000 94.396769013 3.000000000
    endloop
  endfacet
  facet normal 0 0 -1
    outer loop
      vertex 129.900000000 88.103651078 3.000000000
      vertex 120.800000000 94.396769013 3.000000000
      vertex 129.900000000 94.396769013 3.000000000
    endloop
  endfacet
  facet normal 0 0 -1
    outer loop
      vertex 129.900000000 77.595876179 3.000000000
      vertex 120.800000000 82.849763629 3.000000000
      vertex 129.900000000 88.103651078 3.000000000
    endloop
  endfacet
  facet normal -0.5 0.866025404 0
    outer loop
      vertex 129.900000000 99.650656462 3.000000000
      vertex 120.800000000 94.396769013 3.000000000
      vertex 120.800000000 94.396769013 4.600000000
    endloop
  endfacet
  facet normal -0.5 0.866025404 0
    outer loop
      vertex 129.900000000 99.650656462 3.000000000
      vertex 120.800000000 94.396769013 4.600000000
      vertex 129.900000000 99.650656462 3.144000000
    endloop
  endfacet
  facet normal -0.5 0.866025404 0
    outer loop
      vertex 129.900000000 99.650656462 3.144000000
      vertex 120.800000000 94.396769013 4.600000000
      vertex 129.900000000 99.650656462 4.600000000
    endloop
  endfacet
  facet normal -1 0 0
    outer loop
      vertex 120.800000000 94.396769013 3.000000000
      vertex 120.800000000 82.849763629 3.000000000
      vertex 120.800000000 82.849763629 4.600000000
    endloop
  endfacet
  facet normal -1 0 0
    outer loop
      vertex 120.800000000 94.396769013 3.000000000
      vertex 120.800000000 82.849763629 4.600000000
      vertex 120.800000000 94.396769013 4.600000000
    endloop
  endfacet
  facet normal -0.5 -0.866025404 0
    outer loop
      vertex 120.800000000 82.849763629 3.000000000
      vertex 129.900000000 77.595876179 3.000000000
      vertex 129.900000000 77.595876179 4.456000000
    endloop
  endfacet
  facet normal -0.5 -0.866025404 0
    outer loop
      vertex 120.800000000 82.849763629 3.000000000
      vertex 129.900000000 77.595876179 4.456000000
      vertex 129.900000000 77.595876179 4.600000000
    endloop
  endfacet
  facet normal -0.5 -0.866025404 0
    outer loop
      vertex 120.800000000 82.849763629 3.000000000
      vertex 129.900000000 77.595876179 4.600000000
      vertex 120.800000000 82.849763629 4.600000000
    endloop
  endfacet
  facet normal -0.495722431 0.858616436 0.130526192
    outer loop
      vertex 129.900000000 99.650656462 4.600000000
      vertex 120.800000000 94.396769013 4.600000000
      vertex 120.827259339 94.381030826 4.807055236
    endloop
  endfacet
  facet normal -0.495722431 0.858616437 0.13052619
    outer loop
      vertex 129.900000000 99.650656462 4.600000000
      vertex 120.827259339 94.381030826 4.807055236
      vertex 129.900000000 99.647815845 4.618685908
    endloop
  endfacet
  facet normal -0.495722431 0.858616436 0.130526193
    outer loop
      vertex 129.900000000 99.647815845 4.618685908
      vertex 120.827259339 94.381030826 4.807055236
      vertex 129.900000000 99.619180089 4.807055236
    endloop
  endfacet
  facet normal -0.991444861 0 0.130526192
    outer loop
      vertex 120.800000000 94.396769013 4.600000000
      vertex 120.800000000 82.849763629 4.600000000
      vertex 120.827259339 82.865501815 4.807055236
    endloop
  endfacet
  facet normal -0.991444861 0 0.130526192
    outer loop
      vertex 120.800000000 94.396769013 4.600000000
      vertex 120.827259339 82.865501815 4.807055236
      vertex 120.827259339 94.381030826 4.807055236
    endloop
  endfacet
  facet normal -0.495722431 -0.858616436 0.130526192
    outer loop
      vertex 120.800000000 82.849763629 4.600000000
      vertex 129.900000000 77.595876179 4.600000000
      vertex 129.900000000 77.624519679 4.788420265
    endloop
  endfacet
  facet normal -0.495722431 -0.858616436 0.130526192
    outer loop
      vertex 120.800000000 82.849763629 4.600000000
      vertex 129.900000000 77.624519679 4.788420265
      vertex 129.900000000 77.627352552 4.807055236
    endloop
  endfacet
  facet normal -0.495722431 -0.858616436 0.130526192
    outer loop
      vertex 120.800000000 82.849763629 4.600000000
      vertex 129.900000000 77.627352552 4.807055236
      vertex 120.827259339 82.865501815 4.807055236
    endloop
  endfacet
  facet normal -0.461939766 0.800103145 0.382683432
    outer loop
      vertex 129.900000000 99.619180089 4.807055236
      vertex 120.827259339 94.381030826 4.807055236
      vertex 120.907179677 94.334888797 5.000000000
    endloop
  endfacet
  facet normal -0.461939767 0.800103146 0.382683429
    outer loop
      vertex 129.900000000 99.619180089 4.807055236
      vertex 120.907179677 94.334888797 5.000000000
      vertex 129.900000000 99.610784540 4.824608399
    endloop
  endfacet
  facet normal -0.461939766 0.800103145 0.382683432
    outer loop
      vertex 129.900000000 99.610784540 4.824608399
      vertex 120.907179677 94.334888797 5.000000000
      vertex 129.900000000 99.526896031 5.000000000
    endloop
  endfacet
  facet normal -0.923879533 0 0.382683432
    outer loop
      vertex 120.827259339 94.381030826 4.807055236
      vertex 120.827259339 82.865501815 4.807055236
      vertex 120.907179677 82.911643844 5.000000000
    endloop
  endfacet
  facet normal -0.923879533 0 0.382683432
    outer loop
      vertex 120.827259339 94.381030826 4.807055236
      vertex 120.907179677 82.911643844 5.000000000
      vertex 120.907179677 94.334888797 5.000000000
    endloop
  endfacet
  facet normal -0.461939766 -0.800103145 0.382683432
    outer loop
      vertex 120.827259339 82.865501815 4.807055236
      vertex 129.900000000 77.627352552 4.807055236
      vertex 129.900000000 77.711308342 4.982587506
    endloop
  endfacet
  facet normal -0.461939766 -0.800103145 0.382683433
    outer loop
      vertex 120.827259339 82.865501815 4.807055236
      vertex 129.900000000 77.711308342 4.982587506
      vertex 129.900000000 77.719636610 5.000000000
    endloop
  endfacet
  facet normal -0.461939766 -0.800103145 0.382683432
    outer loop
      vertex 120.827259339 82.865501815 4.807055236
      vertex 129.900000000 77.719636610 5.000000000
      vertex 120.907179677 82.911643844 5.000000000
    endloop
  endfacet
  facet normal -0.39667667 0.687064147 0.608761429
    outer loop
      vertex 129.900000000 99.526896031 5.000000000
      vertex 120.907179677 94.334888797 5.000000000
      vertex 121.034314575 94.261487430 5.165685425
    endloop
  endfacet
  facet normal -0.396676671 0.687064148 0.608761427
    outer loop
      vertex 129.900000000 99.526896031 5.000000000
      vertex 121.034314575 94.261487430 5.165685425
      vertex 129.900000000 99.513366775 5.015269474
    endloop
  endfacet
  facet normal -0.39667667 0.687064147 0.608761429
    outer loop
      vertex 129.900000000 99.513366775 5.015269474
      vertex 121.034314575 94.261487430 5.165685425
      vertex 129.900000000 99.380093296 5.165685425
    endloop
  endfacet
  facet normal -0.79335334 0 0.608761429
    outer loop
      vertex 120.907179677 94.334888797 5.000000000
      vertex 120.907179677 82.911643844 5.000000000
      vertex 121.034314575 82.985045212 5.165685425
    endloop
  endfacet
  facet normal -0.79335334 0 0.608761429
    outer loop
      vertex 120.907179677 94.334888797 5.000000000
      vertex 121.034314575 82.985045212 5.165685425
      vertex 121.034314575 94.261487430 5.165685425
    endloop
  endfacet
  facet normal -0.39667667 -0.687064147 0.608761429
    outer loop
      vertex 120.907179677 82.911643844 5.000000000
      vertex 129.900000000 77.719636610 5.000000000
      vertex 129.900000000 77.853083956 5.150612182
    endloop
  endfacet
  facet normal -0.39667667 -0.687064147 0.608761428
    outer loop
      vertex 120.907179677 82.911643844 5.000000000
      vertex 129.900000000 77.853083956 5.150612182
      vertex 129.900000000 77.866439345 5.165685425
    endloop
  endfacet
  facet normal -0.39667667 -0.687064147 0.608761429
    outer loop
      vertex 120.907179677 82.911643844 5.000000000
      vertex 129.900000000 77.866439345 5.165685425
      vertex 121.034314575 82.985045212 5.165685425
    endloop
  endfacet
  facet normal -0.304380714 0.527202862 0.79335334
    outer loop
      vertex 129.900000000 99.380093296 5.165685425
      vertex 121.034314575 94.261487430 5.165685425
      vertex 121.200000000 94.165828905 5.292820323
    endloop
  endfacet
  facet normal -0.304380714 0.527202862 0.79335334
    outer loop
      vertex 129.900000000 99.380093296 5.165685425
      vertex 121.200000000 94.165828905 5.292820323
      vertex 129.900000000 99.362157323 5.177604322
    endloop
  endfacet
  facet normal -0.304380714 0.527202862 0.79335334
    outer loop
      vertex 129.900000000 99.362157323 5.177604322
      vertex 121.200000000 94.165828905 5.292820323
      vertex 129.900000000 99.188776247 5.292820323
    endloop
  endfacet
  facet normal -0.608761429 0 0.79335334
    outer loop
      vertex 121.034314575 94.261487430 5.165685425
      vertex 121.034314575 82.985045212 5.165685425
      vertex 121.200000000 83.080703736 5.292820323
    endloop
  endfacet
  facet normal -0.608761429 0 0.79335334
    outer loop
      vertex 121.034314575 94.261487430 5.165685425
      vertex 121.200000000 83.080703736 5.292820323
      vertex 121.200000000 94.165828905 5.292820323
    endloop
  endfacet
  facet normal -0.304380714 -0.527202862 0.793353341
    outer loop
      vertex 121.034314575 82.985045212 5.165685425
      vertex 129.900000000 77.866439345 5.165685425
      vertex 129.900000000 78.040124724 5.281103643
    endloop
  endfacet
  facet normal -0.304380715 -0.527202864 0.793353339
    outer loop
      vertex 121.034314575 82.985045212 5.165685425
      vertex 129.900000000 78.040124724 5.281103643
      vertex 129.900000000 78.057756394 5.292820323
    endloop
  endfacet
  facet normal -0.304380714 -0.527202862 0.79335334
    outer loop
      vertex 121.034314575 82.985045212 5.165685425
      vertex 129.900000000 78.057756394 5.292820323
      vertex 121.200000000 83.080703736 5.292820323
    endloop
  endfacet
  facet normal -0.191341716 0.331413574 0.923879533
    outer loop
      vertex 129.900000000 99.188776247 5.292820323
      vertex 121.200000000 94.165828905 5.292820323
      vertex 121.392944764 94.054432193 5.372740661
    endloop
  endfacet
  facet normal -0.191341715 0.331413573 0.923879533
    outer loop
      vertex 129.900000000 99.188776247 5.292820323
      vertex 121.392944764 94.054432193 5.372740661
      vertex 129.900000000 99.167460960 5.300466531
    endloop
  endfacet
  facet normal -0.191341716 0.331413574 0.923879532
    outer loop
      vertex 129.900000000 99.167460960 5.300466531
      vertex 121.392944764 94.054432193 5.372740661
      vertex 129.900000000 98.965982824 5.372740661
    endloop
  endfacet
  facet normal -0.382683432 0 0.923879533
    outer loop
      vertex 121.200000000 94.165828905 5.292820323
      vertex 121.200000000 83.080703736 5.292820323
      vertex 121.392944764 83.192100448 5.372740661
    endloop
  endfacet
  facet normal -0.382683432 0 0.923879533
    outer loop
      vertex 121.200000000 94.165828905 5.292820323
      vertex 121.392944764 83.192100448 5.372740661
      vertex 121.392944764 94.054432193 5.372740661
    endloop
  endfacet
  facet normal -0.191341716 -0.331413574 0.923879533
    outer loop
      vertex 121.200000000 83.080703736 5.292820323
      vertex 129.900000000 78.057756394 5.292820323
      vertex 129.900000000 78.259662934 5.365248129
    endloop
  endfacet
  facet normal -0.191341716 -0.331413574 0.923879532
    outer loop
      vertex 121.200000000 83.080703736 5.292820323
      vertex 129.900000000 78.259662934 5.365248129
      vertex 129.900000000 78.280549817 5.372740661
    endloop
  endfacet
  facet normal -0.191341716 -0.331413574 0.923879533
    outer loop
      vertex 121.200000000 83.080703736 5.292820323
      vertex 129.900000000 78.280549817 5.372740661
      vertex 121.392944764 83.192100448 5.372740661
    endloop
  endfacet
  facet normal -0.0652630962 0.113038998 0.991444861
    outer loop
      vertex 129.900000000 98.965982824 5.372740661
      vertex 121.392944764 94.054432193 5.372740661
      vertex 121.600000000 93.934888797 5.400000000
    endloop
  endfacet
  facet normal -0.0652630969 0.113039 0.991444861
    outer loop
      vertex 129.900000000 98.965982824 5.372740661
      vertex 121.600000000 93.934888797 5.400000000
      vertex 129.900000000 98.942593899 5.375407336
    endloop
  endfacet
  facet normal -0.0652630961 0.113038998 0.991444861
    outer loop
      vertex 129.900000000 98.942593899 5.375407336
      vertex 121.600000000 93.934888797 5.400000000
      vertex 129.900000000 98.726896031 5.400000000
    endloop
  endfacet
  facet normal -0.130526192 0 0.991444861
    outer loop
      vertex 121.392944764 94.054432193 5.372740661
      vertex 121.392944764 83.192100448 5.372740661
      vertex 121.600000000 83.311643844 5.400000000
    endloop
  endfacet
  facet normal -0.130526192 0 0.991444861
    outer loop
      vertex 121.392944764 94.054432193 5.372740661
      vertex 121.600000000 83.311643844 5.400000000
      vertex 121.600000000 93.934888797 5.400000000
    endloop
  endfacet
  facet normal -0.0652630961 -0.113038998 0.991444861
    outer loop
      vertex 121.392944764 83.192100448 5.372740661
      vertex 129.900000000 78.280549817 5.372740661
      vertex 129.900000000 78.496762490 5.397392021
    endloop
  endfacet
  facet normal -0.0652630968 -0.113039 0.991444861
    outer loop
      vertex 121.392944764 83.192100448 5.372740661
      vertex 129.900000000 78.496762490 5.397392021
      vertex 129.900000000 78.519636610 5.400000000
    endloop
  endfacet
  facet normal -0.0652630962 -0.113038998 0.991444861
    outer loop
      vertex 121.392944764 83.192100448 5.372740661
      vertex 129.900000000 78.519636610 5.400000000
      vertex 121.600000000 83.311643844 5.400000000
    endloop
  endfacet
  facet normal 0 0 1
    outer loop
      vertex 129.900000000 98.726896031 5.400000000
      vertex 121.600000000 93.934888797 5.400000000
      vertex 129.900000000 93.934888797 5.400000000
    endloop
  endfacet
  facet normal 0 0 1
    outer loop
      vertex 129.900000000 93.934888797 5.400000000
      vertex 121.600000000 93.934888797 5.400000000
      vertex 121.600000000 83.311643844 5.400000000
    endloop
  endfacet
  facet normal 0 0 1
    outer loop
      vertex 129.900000000 93.934888797 5.400000000
      vertex 121.600000000 83.311643844 5.400000000
      vertex 129.900000000 88.103651078 5.400000000
    endloop
  endfacet
  facet normal 0 0 1
    outer loop
      vertex 129.900000000 88.103651078 5.400000000
      vertex 121.600000000 83.311643844 5.400000000
      vertex 129.900000000 78.519636610 5.400000000
    endloop
  endfacet
  facet normal 1 0 0
    outer loop
      vertex 129.900000000 88.623266321 4.829787706
      vertex 129.900000000 77.595876179 3.000000000
      vertex 129.900000000 88.103651078 3.000000000
    endloop
  endfacet
  facet normal 1 0 0
    outer loop
      vertex 129.900000000 88.623266321 4.829787706
      vertex 129.900000000 88.103651078 3.000000000
      vertex 129.900000000 94.396769013 3.000000000
    endloop
  endfacet
  facet normal 1 0 0
    outer loop
      vertex 129.900000000 88.623266321 4.829787706
      vertex 129.900000000 94.396769013 3.000000000
      vertex 129.900000000 99.650656462 3.000000000
    endloop
  endfacet
  facet normal 1 0 0
    outer loop
      vertex 129.900000000 88.623266321 4.829787706
      vertex 129.900000000 99.650656462 3.000000000
      vertex 129.900000000 99.650656462 3.144000000
    endloop
  endfacet
  facet normal 1 0 0
    outer loop
      vertex 129.900000000 88.623266321 4.829787706
      vertex 129.900000000 99.650656462 3.144000000
      vertex 129.900000000 99.650656462 4.600000000
    endloop
  endfacet
  facet normal 1 0 0
    outer loop
      vertex 129.900000000 88.623266321 4.829787706
      vertex 129.900000000 99.650656462 4.600000000
      vertex 129.900000000 99.647815845 4.618685908
    endloop
  endfacet
  facet normal 1 0 0
    outer loop
      vertex 129.900000000 88.623266321 4.829787706
      vertex 129.900000000 99.647815845 4.618685908
      vertex 129.900000000 99.619180089 4.807055236
    endloop
  endfacet
  facet normal 1 0 0
    outer loop
      vertex 129.900000000 88.623266321 4.829787706
      vertex 129.900000000 99.619180089 4.807055236
      vertex 129.900000000 99.610784540 4.824608399
    endloop
  endfacet
  facet normal 1 -0 0
    outer loop
      vertex 129.900000000 88.623266321 4.829787706
      vertex 129.900000000 99.610784540 4.824608399
      vertex 129.900000000 99.526896031 5.000000000
    endloop
  endfacet
  facet normal 1 0 0
    outer loop
      vertex 129.900000000 88.623266321 4.829787706
      vertex 129.900000000 99.526896031 5.000000000
      vertex 129.900000000 99.513366775 5.015269474
    endloop
  endfacet
  facet normal 1 0 0
    outer loop
      vertex 129.900000000 88.623266321 4.829787706
      vertex 129.900000000 99.513366775 5.015269474
      vertex 129.900000000 99.380093296 5.165685425
    endloop
  endfacet
  facet normal 1 0 0
    outer loop
      vertex 129.900000000 88.623266321 4.829787706
      vertex 129.900000000 99.380093296 5.165685425
      vertex 129.900000000 99.362157323 5.177604322
    endloop
  endfacet
  facet normal 1 0 0
    outer loop
      vertex 129.900000000 88.623266321 4.829787706
      vertex 129.900000000 99.362157323 5.177604322
      vertex 129.900000000 99.188776247 5.292820323
    endloop
  endfacet
  facet normal 1 0 0
    outer loop
      vertex 129.900000000 88.623266321 4.829787706
      vertex 129.900000000 99.188776247 5.292820323
      vertex 129.900000000 99.167460960 5.300466531
    endloop
  endfacet
  facet normal 1 0 0
    outer loop
      vertex 129.900000000 88.623266321 4.829787706
      vertex 129.900000000 99.167460960 5.300466531
      vertex 129.900000000 98.965982824 5.372740661
    endloop
  endfacet
  facet normal 1 0 0
    outer loop
      vertex 129.900000000 88.623266321 4.829787706
      vertex 129.900000000 98.965982824 5.372740661
      vertex 129.900000000 98.942593899 5.375407336
    endloop
  endfacet
  facet normal 1 0 0
    outer loop
      vertex 129.900000000 88.623266321 4.829787706
      vertex 129.900000000 98.942593899 5.375407336
      vertex 129.900000000 98.726896031 5.400000000
    endloop
  endfacet
  facet normal 1 0 0
    outer loop
      vertex 129.900000000 88.623266321 4.829787706
      vertex 129.900000000 98.726896031 5.400000000
      vertex 129.900000000 93.934888797 5.400000000
    endloop
  endfacet
  facet normal 1 0 -0
    outer loop
      vertex 129.900000000 88.623266321 4.829787706
      vertex 129.900000000 93.934888797 5.400000000
      vertex 129.900000000 88.103651078 5.400000000
    endloop
  endfacet
  facet normal 1 0 0
    outer loop
      vertex 129.900000000 88.623266321 4.829787706
      vertex 129.900000000 88.103651078 5.400000000
      vertex 129.900000000 78.519636610 5.400000000
    endloop
  endfacet
  facet normal 1 0 0
    outer loop
      vertex 129.900000000 88.623266321 4.829787706
      vertex 129.900000000 78.519636610 5.400000000
      vertex 129.900000000 78.496762490 5.397392021
    endloop
  endfacet
  facet normal 1 0 0
    outer loop
      vertex 129.900000000 88.623266321 4.829787706
      vertex 129.900000000 78.496762490 5.397392021
      vertex 129.900000000 78.280549817 5.372740661
    endloop
  endfacet
  facet normal 1 0 0
    outer loop
      vertex 129.900000000 88.623266321 4.829787706
      vertex 129.900000000 78.280549817 5.372740661
      vertex 129.900000000 78.259662934 5.365248129
    endloop
  endfacet
  facet normal 1 0 0
    outer loop
      vertex 129.900000000 88.623266321 4.829787706
      vertex 129.900000000 78.259662934 5.365248129
      vertex 129.900000000 78.057756394 5.292820323
    endloop
  endfacet
  facet normal 1 0 0
    outer loop
      vertex 129.900000000 88.623266321 4.829787706
      vertex 129.900000000 78.057756394 5.292820323
      vertex 129.900000000 78.040124724 5.281103643
    endloop
  endfacet
  facet normal 1 0 0
    outer loop
      vertex 129.900000000 88.623266321 4.829787706
      vertex 129.900000000 78.040124724 5.281103643
      vertex 129.900000000 77.866439345 5.165685425
    endloop
  endfacet
  facet normal 1 0 0
    outer loop
      vertex 129.900000000 88.623266321 4.829787706
      vertex 129.900000000 77.866439345 5.165685425
      vertex 129.900000000 77.853083956 5.150612182
    endloop
  endfacet
  facet normal 1 0 0
    outer loop
      vertex 129.900000000 88.623266321 4.829787706
      vertex 129.900000000 77.853083956 5.150612182
      vertex 129.900000000 77.719636610 5.000000000
    endloop
  endfacet
  facet normal 1 0 0
    outer loop
      vertex 129.900000000 88.623266321 4.829787706
      vertex 129.900000000 77.719636610 5.000000000
      vertex 129.900000000 77.711308342 4.982587506
    endloop
  endfacet
  facet normal 1 0 0
    outer loop
      vertex 129.900000000 88.623266321 4.829787706
      vertex 129.900000000 77.711308342 4.982587506
      vertex 129.900000000 77.627352552 4.807055236
    endloop
  endfacet
  facet normal 1 0 0
    outer loop
      vertex 129.900000000 88.623266321 4.829787706
      vertex 129.900000000 77.627352552 4.807055236
      vertex 129.900000000 77.624519679 4.788420265
    endloop
  endfacet
  facet normal 1 0 0
    outer loop
      vertex 129.900000000 88.623266321 4.829787706
      vertex 129.900000000 77.624519679 4.788420265
      vertex 129.900000000 77.595876179 4.600000000
    endloop
  endfacet
  facet normal 1 0 0
    outer loop
      vertex 129.900000000 88.623266321 4.829787706
      vertex 129.900000000 77.595876179 4.600000000
      vertex 129.900000000 77.595876179 4.456000000
    endloop
  endfacet
  facet normal 1 0 0
    outer loop
      vertex 129.900000000 88.623266321 4.829787706
      vertex 129.900000000 77.595876179 4.456000000
      vertex 129.900000000 77.595876179 3.000000000
    endloop
  endfacet
  facet normal -0 0 -1
    outer loop
      vertex 14.233333333 101.729117431 3.000000000
      vertex 10.900000000 95.955614739 3.000000000
      vertex 0.900000000 101.729117431 3.000000000
    endloop
  endfacet
  facet normal 0 0 -1
    outer loop
      vertex 20.900000000 101.729117431 3.000000000
      vertex 10.900000000 95.955614739 3.000000000
      vertex 14.233333333 101.729117431 3.000000000
    endloop
  endfacet
  facet normal -0.5 -0.866025404 0
    outer loop
      vertex 0.900000000 101.729117431 3.000000000
      vertex 10.900000000 95.955614739 3.000000000
      vertex 10.900000000 95.955614739 4.600000000
    endloop
  endfacet
  facet normal -0.5 -0.866025404 0
    outer loop
      vertex 0.900000000 101.729117431 3.000000000
      vertex 10.900000000 95.955614739 4.600000000
      vertex 0.900000000 101.729117431 4.600000000
    endloop
  endfacet
  facet normal 0.5 -0.866025404 0
    outer loop
      vertex 10.900000000 95.955614739 3.000000000
      vertex 20.900000000 101.729117431 3.000000000
      vertex 20.900000000 101.729117431 4.600000000
    endloop
  endfacet
  facet normal 0.5 -0.866025404 0
    outer loop
      vertex 10.900000000 95.955614739 3.000000000
      vertex 20.900000000 101.729117431 4.600000000
      vertex 10.900000000 95.955614739 4.600000000
    endloop
  endfacet
  facet normal -0.495722431 -0.858616436 0.130526192
    outer loop
      vertex 0.900000000 101.729117431 4.600000000
      vertex 10.900000000 95.955614739 4.600000000
      vertex 10.900000000 95.987091113 4.807055236
    endloop
  endfacet
  facet normal -0.495722431 -0.858616436 0.130526192
    outer loop
      vertex 0.900000000 101.729117431 4.600000000
      vertex 10.900000000 95.987091113 4.807055236
      vertex 0.954518678 101.729117431 4.807055236
    endloop
  endfacet
  facet normal 0.495722431 -0.858616436 0.130526192
    outer loop
      vertex 10.900000000 95.955614739 4.600000000
      vertex 20.900000000 101.729117431 4.600000000
      vertex 20.845629532 101.729117431 4.806492352
    endloop
  endfacet
  facet normal 0.495722431 -0.858616436 0.130526192
    outer loop
      vertex 10.900000000 95.955614739 4.600000000
      vertex 20.845629532 101.729117431 4.806492352
      vertex 20.845481322 101.729117431 4.807055236
    endloop
  endfacet
  facet normal 0.495722431 -0.858616436 0.130526192
    outer loop
      vertex 10.900000000 95.955614739 4.600000000
      vertex 20.845481322 101.729117431 4.807055236
      vertex 10.900000000 95.987091113 4.807055236
    endloop
  endfacet
  facet normal -0.461939766 -0.800103145 0.382683432
    outer loop
      vertex 0.954518678 101.729117431 4.807055236
      vertex 10.900000000 95.987091113 4.807055236
      vertex 10.900000000 96.079375170 5.000000000
    endloop
  endfacet
  facet normal -0.461939762 -0.800103138 0.382683453
    outer loop
      vertex 0.954518678 101.729117431 4.807055236
      vertex 10.900000000 96.079375170 5.000000000
      vertex 0.954962701 101.729117431 4.807591219
    endloop
  endfacet
  facet normal -0.461939766 -0.800103145 0.382683432
    outer loop
      vertex 0.954962701 101.729117431 4.807591219
      vertex 10.900000000 96.079375170 5.000000000
      vertex 1.114359354 101.729117431 5.000000000
    endloop
  endfacet
  facet normal 0.461939766 -0.800103145 0.382683432
    outer loop
      vertex 10.900000000 95.987091113 4.807055236
      vertex 20.845481322 101.729117431 4.807055236
      vertex 20.687344839 101.729117431 4.997942857
    endloop
  endfacet
  facet normal 0.461939767 -0.800103147 0.382683427
    outer loop
      vertex 10.900000000 95.987091113 4.807055236
      vertex 20.687344839 101.729117431 4.997942857
      vertex 20.685640646 101.729117431 5.000000000
    endloop
  endfacet
  facet normal 0.461939766 -0.800103145 0.382683432
    outer loop
      vertex 10.900000000 95.987091113 4.807055236
      vertex 20.685640646 101.729117431 5.000000000
      vertex 10.900000000 96.079375170 5.000000000
    endloop
  endfacet
  facet normal -0.39667667 -0.687064147 0.608761429
    outer loop
      vertex 1.114359354 101.729117431 5.000000000
      vertex 10.900000000 96.079375170 5.000000000
      vertex 10.900000000 96.226177905 5.165685425
    endloop
  endfacet
  facet normal -0.39667667 -0.687064147 0.608761429
    outer loop
      vertex 1.114359354 101.729117431 5.000000000
      vertex 10.900000000 96.226177905 5.165685425
      vertex 1.117186808 101.729117431 5.001842405
    endloop
  endfacet
  facet normal -0.39667667 -0.687064147 0.608761429
    outer loop
      vertex 1.117186808 101.729117431 5.001842405
      vertex 10.900000000 96.226177905 5.165685425
      vertex 1.368629150 101.729117431 5.165685425
    endloop
  endfacet
  facet normal 0.39667667 -0.687064147 0.608761429
    outer loop
      vertex 10.900000000 96.079375170 5.000000000
      vertex 20.685640646 101.729117431 5.000000000
      vertex 20.437316896 101.729117431 5.161810906
    endloop
  endfacet
  facet normal 0.396676669 -0.687064145 0.608761432
    outer loop
      vertex 10.900000000 96.079375170 5.000000000
      vertex 20.437316896 101.729117431 5.161810906
      vertex 20.431370850 101.729117431 5.165685425
    endloop
  endfacet
  facet normal 0.39667667 -0.687064147 0.608761429
    outer loop
      vertex 10.900000000 96.079375170 5.000000000
      vertex 20.431370850 101.729117431 5.165685425
      vertex 10.900000000 96.226177905 5.165685425
    endloop
  endfacet
  facet normal -0.304380714 -0.527202862 0.79335334
    outer loop
      vertex 1.368629150 101.729117431 5.165685425
      vertex 10.900000000 96.226177905 5.165685425
      vertex 10.900000000 96.417494955 5.292820323
    endloop
  endfacet
  facet normal -0.304380713 -0.527202861 0.793353342
    outer loop
      vertex 1.368629150 101.729117431 5.165685425
      vertex 10.900000000 96.417494955 5.292820323
      vertex 1.376859215 101.729117431 5.168843000
    endloop
  endfacet
  facet normal -0.304380714 -0.527202862 0.79335334
    outer loop
      vertex 1.376859215 101.729117431 5.168843000
      vertex 10.900000000 96.417494955 5.292820323
      vertex 1.700000000 101.729117431 5.292820323
    endloop
  endfacet
  facet normal 0.304380714 -0.527202862 0.79335334
    outer loop
      vertex 10.900000000 96.226177905 5.165685425
      vertex 20.431370850 101.729117431 5.165685425
      vertex 20.113346429 101.729117431 5.287699785
    endloop
  endfacet
  facet normal 0.304380713 -0.52720286 0.793353342
    outer loop
      vertex 10.900000000 96.226177905 5.165685425
      vertex 20.113346429 101.729117431 5.287699785
      vertex 20.100000000 101.729117431 5.292820323
    endloop
  endfacet
  facet normal 0.304380714 -0.527202862 0.79335334
    outer loop
      vertex 10.900000000 96.226177905 5.165685425
      vertex 20.100000000 101.729117431 5.292820323
      vertex 10.900000000 96.417494955 5.292820323
    endloop
  endfacet
  facet normal -0.191341716 -0.331413574 0.923879533
    outer loop
      vertex 1.700000000 101.729117431 5.292820323
      vertex 10.900000000 96.417494955 5.292820323
      vertex 10.900000000 96.640288377 5.372740661
    endloop
  endfacet
  facet normal -0.191341715 -0.331413573 0.923879533
    outer loop
      vertex 1.700000000 101.729117431 5.292820323
      vertex 10.900000000 96.640288377 5.372740661
      vertex 1.716752112 101.729117431 5.296289799
    endloop
  endfacet
  facet normal -0.191341716 -0.331413574 0.923879532
    outer loop
      vertex 1.716752112 101.729117431 5.296289799
      vertex 10.900000000 96.640288377 5.372740661
      vertex 2.085889528 101.729117431 5.372740661
    endloop
  endfacet
  facet normal 0.191341716 -0.331413574 0.923879532
    outer loop
      vertex 10.900000000 96.417494955 5.292820323
      vertex 20.100000000 101.729117431 5.292820323
      vertex 19.737475372 101.729117431 5.367901632
    endloop
  endfacet
  facet normal 0.191341715 -0.331413572 0.923879533
    outer loop
      vertex 10.900000000 96.417494955 5.292820323
      vertex 19.737475372 101.729117431 5.367901632
      vertex 19.714110472 101.729117431 5.372740661
    endloop
  endfacet
  facet normal 0.191341716 -0.331413574 0.923879533
    outer loop
      vertex 10.900000000 96.417494955 5.292820323
      vertex 19.714110472 101.729117431 5.372740661
      vertex 10.900000000 96.640288377 5.372740661
    endloop
  endfacet
  facet normal -0.0652630962 -0.113038998 0.991444861
    outer loop
      vertex 2.085889528 101.729117431 5.372740661
      vertex 10.900000000 96.640288377 5.372740661
      vertex 10.900000000 96.879375170 5.400000000
    endloop
  endfacet
  facet normal -0.0652630957 -0.113038998 0.991444861
    outer loop
      vertex 2.085889528 101.729117431 5.372740661
      vertex 10.900000000 96.879375170 5.400000000
      vertex 2.113193669 101.729117431 5.374537990
    endloop
  endfacet
  facet normal -0.0652630962 -0.113038998 0.991444861
    outer loop
      vertex 2.113193669 101.729117431 5.374537990
      vertex 10.900000000 96.879375170 5.400000000
      vertex 2.500000000 101.729117431 5.400000000
    endloop
  endfacet
  facet normal 0.0652630961 -0.113038998 0.991444861
    outer loop
      vertex 10.900000000 96.640288377 5.372740661
      vertex 19.714110472 101.729117431 5.372740661
      vertex 19.334458557 101.729117431 5.397731722
    endloop
  endfacet
  facet normal 0.0652630969 -0.113039 0.991444861
    outer loop
      vertex 10.900000000 96.640288377 5.372740661
      vertex 19.334458557 101.729117431 5.397731722
      vertex 19.300000000 101.729117431 5.400000000
    endloop
  endfacet
  facet normal 0.0652630962 -0.113038998 0.991444861
    outer loop
      vertex 10.900000000 96.640288377 5.372740661
      vertex 19.300000000 101.729117431 5.400000000
      vertex 10.900000000 96.879375170 5.400000000
    endloop
  endfacet
  facet normal -0 0 1
    outer loop
      vertex 2.500000000 101.729117431 5.400000000
      vertex 10.900000000 96.879375170 5.400000000
      vertex 13.700000000 101.729117431 5.400000000
    endloop
  endfacet
  facet normal -0 0 1
    outer loop
      vertex 13.700000000 101.729117431 5.400000000
      vertex 10.900000000 96.879375170 5.400000000
      vertex 19.300000000 101.729117431 5.400000000
    endloop
  endfacet
  facet normal 9.0381036e-13 1 1.64647581e-12
    outer loop
      vertex 10.900000000 101.729117431 4.829787706
      vertex 14.233333333 101.729117431 3.000000000
      vertex 0.900000000 101.729117431 3.000000000
    endloop
  endfacet
  facet normal -1.80762072e-12 1 -3.29295163e-12
    outer loop
      vertex 10.900000000 101.729117431 4.829787706
      vertex 20.900000000 101.729117431 3.000000000
      vertex 14.233333333 101.729117431 3.000000000
    endloop
  endfacet
  facet normal -1.20508048e-12 1 0
    outer loop
      vertex 10.900000000 101.729117431 4.829787706
      vertex 20.900000000 101.729117431 4.600000000
      vertex 20.900000000 101.729117431 3.000000000
    endloop
  endfacet
  facet normal 1.36778251e-13 1 5.83955842e-11
    outer loop
      vertex 10.900000000 101.729117431 4.829787706
      vertex 20.845629532 101.729117431 4.806492352
      vertex 20.900000000 101.729117431 4.600000000
    endloop
  endfacet
  facet normal 0 1 0
    outer loop
      vertex 10.900000000 101.729117431 4.829787706
      vertex 20.845481322 101.729117431 4.807055236
      vertex 20.845629532 101.729117431 4.806492352
    endloop
  endfacet
  facet normal -0 1 0
    outer loop
      vertex 10.900000000 101.729117431 4.829787706
      vertex 20.687344839 101.729117431 4.997942857
      vertex 20.845481322 101.729117431 4.807055236
    endloop
  endfacet
  facet normal 0 1 0
    outer loop
      vertex 10.900000000 101.729117431 4.829787706
      vertex 20.685640646 101.729117431 5.000000000
      vertex 20.687344839 101.729117431 4.997942857
    endloop
  endfacet
  facet normal 0 1 0
    outer loop
      vertex 10.900000000 101.729117431 4.829787706
      vertex 20.437316896 101.729117431 5.161810906
      vertex 20.685640646 101.729117431 5.000000000
    endloop
  endfacet
  facet normal 0 1 0
    outer loop
      vertex 10.900000000 101.729117431 4.829787706
      vertex 20.431370850 101.729117431 5.165685425
      vertex 20.437316896 101.729117431 5.161810906
    endloop
  endfacet
  facet normal 0 1 0
    outer loop
      vertex 10.900000000 101.729117431 4.829787706
      vertex 20.113346429 101.729117431 5.287699785
      vertex 20.431370850 101.729117431 5.165685425
    endloop
  endfacet
  facet normal 0 1 0
    outer loop
      vertex 10.900000000 101.729117431 4.829787706
      vertex 20.100000000 101.729117431 5.292820323
      vertex 20.113346429 101.729117431 5.287699785
    endloop
  endfacet
  facet normal 0 1 0
    outer loop
      vertex 10.900000000 101.729117431 4.829787706
      vertex 19.737475372 101.729117431 5.367901632
      vertex 20.100000000 101.729117431 5.292820323
    endloop
  endfacet
  facet normal 0 1 0
    outer loop
      vertex 10.900000000 101.729117431 4.829787706
      vertex 19.714110472 101.729117431 5.372740661
      vertex 19.737475372 101.729117431 5.367901632
    endloop
  endfacet
  facet normal 0 1 0
    outer loop
      vertex 10.900000000 101.729117431 4.829787706
      vertex 19.334458557 101.729117431 5.397731722
      vertex 19.714110472 101.729117431 5.372740661
    endloop
  endfacet
  facet normal 0 1 0
    outer loop
      vertex 10.900000000 101.729117431 4.829787706
      vertex 19.300000000 101.729117431 5.400000000
      vertex 19.334458557 101.729117431 5.397731722
    endloop
  endfacet
  facet normal 0 1 0
    outer loop
      vertex 10.900000000 101.729117431 4.829787706
      vertex 13.700000000 101.729117431 5.400000000
      vertex 19.300000000 101.729117431 5.400000000
    endloop
  endfacet
  facet normal 0 1 -0
    outer loop
      vertex 10.900000000 101.729117431 4.829787706
      vertex 2.500000000 101.729117431 5.400000000
      vertex 13.700000000 101.729117431 5.400000000
    endloop
  endfacet
  facet normal 0 1 0
    outer loop
      vertex 10.900000000 101.729117431 4.829787706
      vertex 2.113193669 101.729117431 5.374537990
      vertex 2.500000000 101.729117431 5.400000000
    endloop
  endfacet
  facet normal 0 1 0
    outer loop
      vertex 10.900000000 101.729117431 4.829787706
      vertex 2.085889528 101.729117431 5.372740661
      vertex 2.113193669 101.729117431 5.374537990
    endloop
  endfacet
  facet normal 0 1 0
    outer loop
      vertex 10.900000000 101.729117431 4.829787706
      vertex 1.716752112 101.729117431 5.296289799
      vertex 2.085889528 101.729117431 5.372740661
    endloop
  endfacet
  facet normal 0 1 0
    outer loop
      vertex 10.900000000 101.729117431 4.829787706
      vertex 1.700000000 101.729117431 5.292820323
      vertex 1.716752112 101.729117431 5.296289799
    endloop
  endfacet
  facet normal 0 1 0
    outer loop
      vertex 10.900000000 101.729117431 4.829787706
      vertex 1.376859215 101.729117431 5.168843000
      vertex 1.700000000 101.729117431 5.292820323
    endloop
  endfacet
  facet normal 0 1 0
    outer loop
      vertex 10.900000000 101.729117431 4.829787706
      vertex 1.368629150 101.729117431 5.165685425
      vertex 1.376859215 101.729117431 5.168843000
    endloop
  endfacet
  facet normal 0 1 0
    outer loop
      vertex 10.900000000 101.729117431 4.829787706
      vertex 1.117186808 101.729117431 5.001842405
      vertex 1.368629150 101.729117431 5.165685425
    endloop
  endfacet
  facet normal 0 1 0
    outer loop
      vertex 10.900000000 101.729117431 4.829787706
      vertex 1.114359354 101.729117431 5.000000000
      vertex 1.117186808 101.729117431 5.001842405
    endloop
  endfacet
  facet normal 0 1 0
    outer loop
      vertex 10.900000000 101.729117431 4.829787706
      vertex 0.954962701 101.729117431 4.807591219
      vertex 1.114359354 101.729117431 5.000000000
    endloop
  endfacet
  facet normal 0 1 0
    outer loop
      vertex 10.900000000 101.729117431 4.829787706
      vertex 0.954518678 101.729117431 4.807055236
      vertex 0.954962701 101.729117431 4.807591219
    endloop
  endfacet
  facet normal -1.33110434e-13 1 5.82359666e-11
    outer loop
      vertex 10.900000000 101.729117431 4.829787706
      vertex 0.900000000 101.729117431 4.600000000
      vertex 0.954518678 101.729117431 4.807055236
    endloop
  endfacet
  facet normal 1.20508048e-12 1 0
    outer loop
      vertex 10.900000000 101.729117431 4.829787706
      vertex 0.900000000 101.729117431 3.000000000
      vertex 0.900000000 101.729117431 4.600000000
    endloop
  endfacet
  facet normal -0 0 -1
    outer loop
      vertex 36.033333333 101.729117431 3.000000000
      vertex 32.700000000 95.955614739 3.000000000
      vertex 22.700000000 101.729117431 3.000000000
    endloop
  endfacet
  facet normal 0 0 -1
    outer loop
      vertex 42.700000000 101.729117431 3.000000000
      vertex 32.700000000 95.955614739 3.000000000
      vertex 36.033333333 101.729117431 3.000000000
    endloop
  endfacet
  facet normal -0.5 -0.866025404 0
    outer loop
      vertex 22.700000000 101.729117431 3.000000000
      vertex 32.700000000 95.955614739 3.000000000
      vertex 32.700000000 95.955614739 4.600000000
    endloop
  endfacet
  facet normal -0.5 -0.866025404 0
    outer loop
      vertex 22.700000000 101.729117431 3.000000000
      vertex 32.700000000 95.955614739 4.600000000
      vertex 22.700000000 101.729117431 4.600000000
    endloop
  endfacet
  facet normal 0.5 -0.866025404 0
    outer loop
      vertex 32.700000000 95.955614739 3.000000000
      vertex 42.700000000 101.729117431 3.000000000
      vertex 42.700000000 101.729117431 4.600000000
    endloop
  endfacet
  facet normal 0.5 -0.866025404 0
    outer loop
      vertex 32.700000000 95.955614739 3.000000000
      vertex 42.700000000 101.729117431 4.600000000
      vertex 32.700000000 95.955614739 4.600000000
    endloop
  endfacet
  facet normal -0.495722431 -0.858616436 0.130526192
    outer loop
      vertex 22.700000000 101.729117431 4.600000000
      vertex 32.700000000 95.955614739 4.600000000
      vertex 32.700000000 95.987091113 4.807055236
    endloop
  endfacet
  facet normal -0.495722431 -0.858616436 0.130526192
    outer loop
      vertex 22.700000000 101.729117431 4.600000000
      vertex 32.700000000 95.987091113 4.807055236
      vertex 22.754518678 101.729117431 4.807055236
    endloop
  endfacet
  facet normal 0.495722431 -0.858616436 0.130526192
    outer loop
      vertex 32.700000000 95.955614739 4.600000000
      vertex 42.700000000 101.729117431 4.600000000
      vertex 42.645629532 101.729117431 4.806492352
    endloop
  endfacet
  facet normal 0.495722431 -0.858616436 0.130526192
    outer loop
      vertex 32.700000000 95.955614739 4.600000000
      vertex 42.645629532 101.729117431 4.806492352
      vertex 42.645481322 101.729117431 4.807055236
    endloop
  endfacet
  facet normal 0.495722431 -0.858616436 0.130526192
    outer loop
      vertex 32.700000000 95.955614739 4.600000000
      vertex 42.645481322 101.729117431 4.807055236
      vertex 32.700000000 95.987091113 4.807055236
    endloop
  endfacet
  facet normal -0.461939766 -0.800103145 0.382683432
    outer loop
      vertex 22.754518678 101.729117431 4.807055236
      vertex 32.700000000 95.987091113 4.807055236
      vertex 32.700000000 96.079375170 5.000000000
    endloop
  endfacet
  facet normal -0.461939762 -0.800103138 0.382683453
    outer loop
      vertex 22.754518678 101.729117431 4.807055236
      vertex 32.700000000 96.079375170 5.000000000
      vertex 22.754962701 101.729117431 4.807591219
    endloop
  endfacet
  facet normal -0.461939766 -0.800103145 0.382683432
    outer loop
      vertex 22.754962701 101.729117431 4.807591219
      vertex 32.700000000 96.079375170 5.000000000
      vertex 22.914359354 101.729117431 5.000000000
    endloop
  endfacet
  facet normal 0.461939766 -0.800103145 0.382683432
    outer loop
      vertex 32.700000000 95.987091113 4.807055236
      vertex 42.645481322 101.729117431 4.807055236
      vertex 42.487344839 101.729117431 4.997942857
    endloop
  endfacet
  facet normal 0.461939767 -0.800103147 0.382683427
    outer loop
      vertex 32.700000000 95.987091113 4.807055236
      vertex 42.487344839 101.729117431 4.997942857
      vertex 42.485640646 101.729117431 5.000000000
    endloop
  endfacet
  facet normal 0.461939766 -0.800103145 0.382683432
    outer loop
      vertex 32.700000000 95.987091113 4.807055236
      vertex 42.485640646 101.729117431 5.000000000
      vertex 32.700000000 96.079375170 5.000000000
    endloop
  endfacet
  facet normal -0.39667667 -0.687064147 0.608761429
    outer loop
      vertex 22.914359354 101.729117431 5.000000000
      vertex 32.700000000 96.079375170 5.000000000
      vertex 32.700000000 96.226177905 5.165685425
    endloop
  endfacet
  facet normal -0.39667667 -0.687064147 0.608761429
    outer loop
      vertex 22.914359354 101.729117431 5.000000000
      vertex 32.700000000 96.226177905 5.165685425
      vertex 22.917186808 101.729117431 5.001842405
    endloop
  endfacet
  facet normal -0.39667667 -0.687064147 0.608761429
    outer loop
      vertex 22.917186808 101.729117431 5.001842405
      vertex 32.700000000 96.226177905 5.165685425
      vertex 23.168629150 101.729117431 5.165685425
    endloop
  endfacet
  facet normal 0.39667667 -0.687064147 0.608761429
    outer loop
      vertex 32.700000000 96.079375170 5.000000000
      vertex 42.485640646 101.729117431 5.000000000
      vertex 42.237316896 101.729117431 5.161810906
    endloop
  endfacet
  facet normal 0.396676669 -0.687064145 0.608761432
    outer loop
      vertex 32.700000000 96.079375170 5.000000000
      vertex 42.237316896 101.729117431 5.161810906
      vertex 42.231370850 101.729117431 5.165685425
    endloop
  endfacet
  facet normal 0.39667667 -0.687064147 0.608761429
    outer loop
      vertex 32.700000000 96.079375170 5.000000000
      vertex 42.231370850 101.729117431 5.165685425
      vertex 32.700000000 96.226177905 5.165685425
    endloop
  endfacet
  facet normal -0.304380714 -0.527202862 0.79335334
    outer loop
      vertex 23.168629150 101.729117431 5.165685425
      vertex 32.700000000 96.226177905 5.165685425
      vertex 32.700000000 96.417494955 5.292820323
    endloop
  endfacet
  facet normal -0.304380713 -0.527202861 0.793353342
    outer loop
      vertex 23.168629150 101.729117431 5.165685425
      vertex 32.700000000 96.417494955 5.292820323
      vertex 23.176859215 101.729117431 5.168843000
    endloop
  endfacet
  facet normal -0.304380714 -0.527202862 0.79335334
    outer loop
      vertex 23.176859215 101.729117431 5.168843000
      vertex 32.700000000 96.417494955 5.292820323
      vertex 23.500000000 101.729117431 5.292820323
    endloop
  endfacet
  facet normal 0.304380714 -0.527202862 0.79335334
    outer loop
      vertex 32.700000000 96.226177905 5.165685425
      vertex 42.231370850 101.729117431 5.165685425
      vertex 41.913346429 101.729117431 5.287699785
    endloop
  endfacet
  facet normal 0.304380713 -0.52720286 0.793353342
    outer loop
      vertex 32.700000000 96.226177905 5.165685425
      vertex 41.913346429 101.729117431 5.287699785
      vertex 41.900000000 101.729117431 5.292820323
    endloop
  endfacet
  facet normal 0.304380714 -0.527202862 0.79335334
    outer loop
      vertex 32.700000000 96.226177905 5.165685425
      vertex 41.900000000 101.729117431 5.292820323
      vertex 32.700000000 96.417494955 5.292820323
    endloop
  endfacet
  facet normal -0.191341716 -0.331413574 0.923879533
    outer loop
      vertex 23.500000000 101.729117431 5.292820323
      vertex 32.700000000 96.417494955 5.292820323
      vertex 32.700000000 96.640288377 5.372740661
    endloop
  endfacet
  facet normal -0.191341715 -0.331413573 0.923879533
    outer loop
      vertex 23.500000000 101.729117431 5.292820323
      vertex 32.700000000 96.640288377 5.372740661
      vertex 23.516752112 101.729117431 5.296289799
    endloop
  endfacet
  facet normal -0.191341716 -0.331413574 0.923879532
    outer loop
      vertex 23.516752112 101.729117431 5.296289799
      vertex 32.700000000 96.640288377 5.372740661
      vertex 23.885889528 101.729117431 5.372740661
    endloop
  endfacet
  facet normal 0.191341716 -0.331413574 0.923879532
    outer loop
      vertex 32.700000000 96.417494955 5.292820323
      vertex 41.900000000 101.729117431 5.292820323
      vertex 41.537475372 101.729117431 5.367901632
    endloop
  endfacet
  facet normal 0.191341715 -0.331413572 0.923879533
    outer loop
      vertex 32.700000000 96.417494955 5.292820323
      vertex 41.537475372 101.729117431 5.367901632
      vertex 41.514110472 101.729117431 5.372740661
    endloop
  endfacet
  facet normal 0.191341716 -0.331413574 0.923879533
    outer loop
      vertex 32.700000000 96.417494955 5.292820323
      vertex 41.514110472 101.729117431 5.372740661
      vertex 32.700000000 96.640288377 5.372740661
    endloop
  endfacet
  facet normal -0.0652630962 -0.113038998 0.991444861
    outer loop
      vertex 23.885889528 101.729117431 5.372740661
      vertex 32.700000000 96.640288377 5.372740661
      vertex 32.700000000 96.879375170 5.400000000
    endloop
  endfacet
  facet normal -0.0652630957 -0.113038998 0.991444861
    outer loop
      vertex 23.885889528 101.729117431 5.372740661
      vertex 32.700000000 96.879375170 5.400000000
      vertex 23.913193669 101.729117431 5.374537990
    endloop
  endfacet
  facet normal -0.0652630962 -0.113038998 0.991444861
    outer loop
      vertex 23.913193669 101.729117431 5.374537990
      vertex 32.700000000 96.879375170 5.400000000
      vertex 24.300000000 101.729117431 5.400000000
    endloop
  endfacet
  facet normal 0.0652630961 -0.113038998 0.991444861
    outer loop
      vertex 32.700000000 96.640288377 5.372740661
      vertex 41.514110472 101.729117431 5.372740661
      vertex 41.134458557 101.729117431 5.397731722
    endloop
  endfacet
  facet normal 0.0652630969 -0.113039 0.991444861
    outer loop
      vertex 32.700000000 96.640288377 5.372740661
      vertex 41.134458557 101.729117431 5.397731722
      vertex 41.100000000 101.729117431 5.400000000
    endloop
  endfacet
  facet normal 0.0652630962 -0.113038998 0.991444861
    outer loop
      vertex 32.700000000 96.640288377 5.372740661
      vertex 41.100000000 101.729117431 5.400000000
      vertex 32.700000000 96.879375170 5.400000000
    endloop
  endfacet
  facet normal -0 0 1
    outer loop
      vertex 24.300000000 101.729117431 5.400000000
      vertex 32.700000000 96.879375170 5.400000000
      vertex 35.500000000 101.729117431 5.400000000
    endloop
  endfacet
  facet normal -0 0 1
    outer loop
      vertex 35.500000000 101.729117431 5.400000000
      vertex 32.700000000 96.879375170 5.400000000
      vertex 41.100000000 101.729117431 5.400000000
    endloop
  endfacet
  facet normal 9.0381036e-13 1 1.64647581e-12
    outer loop
      vertex 32.700000000 101.729117431 4.829787706
      vertex 36.033333333 101.729117431 3.000000000
      vertex 22.700000000 101.729117431 3.000000000
    endloop
  endfacet
  facet normal -1.80762072e-12 1 -3.29295163e-12
    outer loop
      vertex 32.700000000 101.729117431 4.829787706
      vertex 42.700000000 101.729117431 3.000000000
      vertex 36.033333333 101.729117431 3.000000000
    endloop
  endfacet
  facet normal -1.20508048e-12 1 0
    outer loop
      vertex 32.700000000 101.729117431 4.829787706
      vertex 42.700000000 101.729117431 4.600000000
      vertex 42.700000000 101.729117431 3.000000000
    endloop
  endfacet
  facet normal 1.36778251e-13 1 5.83955842e-11
    outer loop
      vertex 32.700000000 101.729117431 4.829787706
      vertex 42.645629532 101.729117431 4.806492352
      vertex 42.700000000 101.729117431 4.600000000
    endloop
  endfacet
  facet normal 0 1 0
    outer loop
      vertex 32.700000000 101.729117431 4.829787706
      vertex 42.645481322 101.729117431 4.807055236
      vertex 42.645629532 101.729117431 4.806492352
    endloop
  endfacet
  facet normal -0 1 0
    outer loop
      vertex 32.700000000 101.729117431 4.829787706
      vertex 42.487344839 101.729117431 4.997942857
      vertex 42.645481322 101.729117431 4.807055236
    endloop
  endfacet
  facet normal 0 1 0
    outer loop
      vertex 32.700000000 101.729117431 4.829787706
      vertex 42.485640646 101.729117431 5.000000000
      vertex 42.487344839 101.729117431 4.997942857
    endloop
  endfacet
  facet normal 0 1 0
    outer loop
      vertex 32.700000000 101.729117431 4.829787706
      vertex 42.237316896 101.729117431 5.161810906
      vertex 42.485640646 101.729117431 5.000000000
    endloop
  endfacet
  facet normal 0 1 0
    outer loop
      vertex 32.700000000 101.729117431 4.829787706
      vertex 42.231370850 101.729117431 5.165685425
      vertex 42.237316896 101.729117431 5.161810906
    endloop
  endfacet
  facet normal 0 1 0
    outer loop
      vertex 32.700000000 101.729117431 4.829787706
      vertex 41.913346429 101.729117431 5.287699785
      vertex 42.231370850 101.729117431 5.165685425
    endloop
  endfacet
  facet normal 0 1 0
    outer loop
      vertex 32.700000000 101.729117431 4.829787706
      vertex 41.900000000 101.729117431 5.292820323
      vertex 41.913346429 101.729117431 5.287699785
    endloop
  endfacet
  facet normal 0 1 0
    outer loop
      vertex 32.700000000 101.729117431 4.829787706
      vertex 41.537475372 101.729117431 5.367901632
      vertex 41.900000000 101.729117431 5.292820323
    endloop
  endfacet
  facet normal 0 1 0
    outer loop
      vertex 32.700000000 101.729117431 4.829787706
      vertex 41.514110472 101.729117431 5.372740661
      vertex 41.537475372 101.729117431 5.367901632
    endloop
  endfacet
  facet normal 0 1 0
    outer loop
      vertex 32.700000000 101.729117431 4.829787706
      vertex 41.134458557 101.729117431 5.397731722
      vertex 41.514110472 101.729117431 5.372740661
    endloop
  endfacet
  facet normal 0 1 0
    outer loop
      vertex 32.700000000 101.729117431 4.829787706
      vertex 41.100000000 101.729117431 5.400000000
      vertex 41.134458557 101.729117431 5.397731722
    endloop
  endfacet
  facet normal 0 1 0
    outer loop
      vertex 32.700000000 101.729117431 4.829787706
      vertex 35.500000000 101.729117431 5.400000000
      vertex 41.100000000 101.729117431 5.400000000
    endloop
  endfacet
  facet normal 0 1 -0
    outer loop
      vertex 32.700000000 101.729117431 4.829787706
      vertex 24.300000000 101.729117431 5.400000000
      vertex 35.500000000 101.729117431 5.400000000
    endloop
  endfacet
  facet normal 0 1 0
    outer loop
      vertex 32.700000000 101.729117431 4.829787706
      vertex 23.913193669 101.729117431 5.374537990
      vertex 24.300000000 101.729117431 5.400000000
    endloop
  endfacet
  facet normal 0 1 0
    outer loop
      vertex 32.700000000 101.729117431 4.829787706
      vertex 23.885889528 101.729117431 5.372740661
      vertex 23.913193669 101.729117431 5.374537990
    endloop
  endfacet
  facet normal 0 1 0
    outer loop
      vertex 32.700000000 101.729117431 4.829787706
      vertex 23.516752112 101.729117431 5.296289799
      vertex 23.885889528 101.729117431 5.372740661
    endloop
  endfacet
  facet normal 0 1 0
    outer loop
      vertex 32.700000000 101.729117431 4.829787706
      vertex 23.500000000 101.729117431 5.292820323
      vertex 23.516752112 101.729117431 5.296289799
    endloop
  endfacet
  facet normal 0 1 0
    outer loop
      vertex 32.700000000 101.729117431 4.829787706
      vertex 23.176859215 101.729117431 5.168843000
      vertex 23.500000000 101.729117431 5.292820323
    endloop
  endfacet
  facet normal 0 1 0
    outer loop
      vertex 32.700000000 101.729117431 4.829787706
      vertex 23.168629150 101.729117431 5.165685425
      vertex 23.176859215 101.729117431 5.168843000
    endloop
  endfacet
  facet normal 0 1 0
    outer loop
      vertex 32.700000000 101.729117431 4.829787706
      vertex 22.917186808 101.729117431 5.001842405
      vertex 23.168629150 101.729117431 5.165685425
    endloop
  endfacet
  facet normal 0 1 0
    outer loop
      vertex 32.700000000 101.729117431 4.829787706
      vertex 22.914359354 101.729117431 5.000000000
      vertex 22.917186808 101.729117431 5.001842405
    endloop
  endfacet
  facet normal 0 1 0
    outer loop
      vertex 32.700000000 101.729117431 4.829787706
      vertex 22.754962701 101.729117431 4.807591219
      vertex 22.914359354 101.729117431 5.000000000
    endloop
  endfacet
  facet normal 0 1 0
    outer loop
      vertex 32.700000000 101.729117431 4.829787706
      vertex 22.754518678 101.729117431 4.807055236
      vertex 22.754962701 101.729117431 4.807591219
    endloop
  endfacet
  facet normal -1.33110434e-13 1 5.82359666e-11
    outer loop
      vertex 32.700000000 101.729117431 4.829787706
      vertex 22.700000000 101.729117431 4.600000000
      vertex 22.754518678 101.729117431 4.807055236
    endloop
  endfacet
  facet normal 1.20508048e-12 1 0
    outer loop
      vertex 32.700000000 101.729117431 4.829787706
      vertex 22.700000000 101.729117431 3.000000000
      vertex 22.700000000 101.729117431 4.600000000
    endloop
  endfacet
  facet normal -0 0 -1
    outer loop
      vertex 57.833333333 101.729117431 3.000000000
      vertex 54.500000000 95.955614739 3.000000000
      vertex 44.500000000 101.729117431 3.000000000
    endloop
  endfacet
  facet normal 0 0 -1
    outer loop
      vertex 64.500000000 101.729117431 3.000000000
      vertex 54.500000000 95.955614739 3.000000000
      vertex 57.833333333 101.729117431 3.000000000
    endloop
  endfacet
  facet normal -0.5 -0.866025404 0
    outer loop
      vertex 44.500000000 101.729117431 3.000000000
      vertex 54.500000000 95.955614739 3.000000000
      vertex 54.500000000 95.955614739 4.600000000
    endloop
  endfacet
  facet normal -0.5 -0.866025404 0
    outer loop
      vertex 44.500000000 101.729117431 3.000000000
      vertex 54.500000000 95.955614739 4.600000000
      vertex 44.500000000 101.729117431 4.600000000
    endloop
  endfacet
  facet normal 0.5 -0.866025404 0
    outer loop
      vertex 54.500000000 95.955614739 3.000000000
      vertex 64.500000000 101.729117431 3.000000000
      vertex 64.500000000 101.729117431 4.600000000
    endloop
  endfacet
  facet normal 0.5 -0.866025404 0
    outer loop
      vertex 54.500000000 95.955614739 3.000000000
      vertex 64.500000000 101.729117431 4.600000000
      vertex 54.500000000 95.955614739 4.600000000
    endloop
  endfacet
  facet normal -0.495722431 -0.858616436 0.130526192
    outer loop
      vertex 44.500000000 101.729117431 4.600000000
      vertex 54.500000000 95.955614739 4.600000000
      vertex 54.500000000 95.987091113 4.807055236
    endloop
  endfacet
  facet normal -0.495722431 -0.858616436 0.130526192
    outer loop
      vertex 44.500000000 101.729117431 4.600000000
      vertex 54.500000000 95.987091113 4.807055236
      vertex 44.554518678 101.729117431 4.807055236
    endloop
  endfacet
  facet normal 0.495722431 -0.858616436 0.130526192
    outer loop
      vertex 54.500000000 95.955614739 4.600000000
      vertex 64.500000000 101.729117431 4.600000000
      vertex 64.445629532 101.729117431 4.806492352
    endloop
  endfacet
  facet normal 0.495722431 -0.858616436 0.130526192
    outer loop
      vertex 54.500000000 95.955614739 4.600000000
      vertex 64.445629532 101.729117431 4.806492352
      vertex 64.445481322 101.729117431 4.807055236
    endloop
  endfacet
  facet normal 0.495722431 -0.858616436 0.130526192
    outer loop
      vertex 54.500000000 95.955614739 4.600000000
      vertex 64.445481322 101.729117431 4.807055236
      vertex 54.500000000 95.987091113 4.807055236
    endloop
  endfacet
  facet normal -0.461939766 -0.800103145 0.382683432
    outer loop
      vertex 44.554518678 101.729117431 4.807055236
      vertex 54.500000000 95.987091113 4.807055236
      vertex 54.500000000 96.079375170 5.000000000
    endloop
  endfacet
  facet normal -0.461939762 -0.800103138 0.382683453
    outer loop
      vertex 44.554518678 101.729117431 4.807055236
      vertex 54.500000000 96.079375170 5.000000000
      vertex 44.554962701 101.729117431 4.807591219
    endloop
  endfacet
  facet normal -0.461939766 -0.800103145 0.382683432
    outer loop
      vertex 44.554962701 101.729117431 4.807591219
      vertex 54.500000000 96.079375170 5.000000000
      vertex 44.714359354 101.729117431 5.000000000
    endloop
  endfacet
  facet normal 0.461939766 -0.800103145 0.382683432
    outer loop
      vertex 54.500000000 95.987091113 4.807055236
      vertex 64.445481322 101.729117431 4.807055236
      vertex 64.287344839 101.729117431 4.997942857
    endloop
  endfacet
  facet normal 0.461939767 -0.800103147 0.382683427
    outer loop
      vertex 54.500000000 95.987091113 4.807055236
      vertex 64.287344839 101.729117431 4.997942857
      vertex 64.285640646 101.729117431 5.000000000
    endloop
  endfacet
  facet normal 0.461939766 -0.800103145 0.382683432
    outer loop
      vertex 54.500000000 95.987091113 4.807055236
      vertex 64.285640646 101.729117431 5.000000000
      vertex 54.500000000 96.079375170 5.000000000
    endloop
  endfacet
  facet normal -0.39667667 -0.687064147 0.608761429
    outer loop
      vertex 44.714359354 101.729117431 5.000000000
      vertex 54.500000000 96.079375170 5.000000000
      vertex 54.500000000 96.226177905 5.165685425
    endloop
  endfacet
  facet normal -0.39667667 -0.687064147 0.608761429
    outer loop
      vertex 44.714359354 101.729117431 5.000000000
      vertex 54.500000000 96.226177905 5.165685425
      vertex 44.717186808 101.729117431 5.001842405
    endloop
  endfacet
  facet normal -0.39667667 -0.687064147 0.608761429
    outer loop
      vertex 44.717186808 101.729117431 5.001842405
      vertex 54.500000000 96.226177905 5.165685425
      vertex 44.968629150 101.729117431 5.165685425
    endloop
  endfacet
  facet normal 0.39667667 -0.687064147 0.608761429
    outer loop
      vertex 54.500000000 96.079375170 5.000000000
      vertex 64.285640646 101.729117431 5.000000000
      vertex 64.037316896 101.729117431 5.161810906
    endloop
  endfacet
  facet normal 0.396676669 -0.687064145 0.608761432
    outer loop
      vertex 54.500000000 96.079375170 5.000000000
      vertex 64.037316896 101.729117431 5.161810906
      vertex 64.031370850 101.729117431 5.165685425
    endloop
  endfacet
  facet normal 0.39667667 -0.687064147 0.608761429
    outer loop
      vertex 54.500000000 96.079375170 5.000000000
      vertex 64.031370850 101.729117431 5.165685425
      vertex 54.500000000 96.226177905 5.165685425
    endloop
  endfacet
  facet normal -0.304380714 -0.527202862 0.79335334
    outer loop
      vertex 44.968629150 101.729117431 5.165685425
      vertex 54.500000000 96.226177905 5.165685425
      vertex 54.500000000 96.417494955 5.292820323
    endloop
  endfacet
  facet normal -0.304380713 -0.527202861 0.793353342
    outer loop
      vertex 44.968629150 101.729117431 5.165685425
      vertex 54.500000000 96.417494955 5.292820323
      vertex 44.976859215 101.729117431 5.168843000
    endloop
  endfacet
  facet normal -0.304380714 -0.527202862 0.79335334
    outer loop
      vertex 44.976859215 101.729117431 5.168843000
      vertex 54.500000000 96.417494955 5.292820323
      vertex 45.300000000 101.729117431 5.292820323
    endloop
  endfacet
  facet normal 0.304380714 -0.527202862 0.79335334
    outer loop
      vertex 54.500000000 96.226177905 5.165685425
      vertex 64.031370850 101.729117431 5.165685425
      vertex 63.713346429 101.729117431 5.287699785
    endloop
  endfacet
  facet normal 0.304380713 -0.52720286 0.793353342
    outer loop
      vertex 54.500000000 96.226177905 5.165685425
      vertex 63.713346429 101.729117431 5.287699785
      vertex 63.700000000 101.729117431 5.292820323
    endloop
  endfacet
  facet normal 0.304380714 -0.527202862 0.79335334
    outer loop
      vertex 54.500000000 96.226177905 5.165685425
      vertex 63.700000000 101.729117431 5.292820323
      vertex 54.500000000 96.417494955 5.292820323
    endloop
  endfacet
  facet normal -0.191341716 -0.331413574 0.923879533
    outer loop
      vertex 45.300000000 101.729117431 5.292820323
      vertex 54.500000000 96.417494955 5.292820323
      vertex 54.500000000 96.640288377 5.372740661
    endloop
  endfacet
  facet normal -0.191341715 -0.331413573 0.923879533
    outer loop
      vertex 45.300000000 101.729117431 5.292820323
      vertex 54.500000000 96.640288377 5.372740661
      vertex 45.316752112 101.729117431 5.296289799
    endloop
  endfacet
  facet normal -0.191341716 -0.331413574 0.923879532
    outer loop
      vertex 45.316752112 101.729117431 5.296289799
      vertex 54.500000000 96.640288377 5.372740661
      vertex 45.685889528 101.729117431 5.372740661
    endloop
  endfacet
  facet normal 0.191341716 -0.331413574 0.923879532
    outer loop
      vertex 54.500000000 96.417494955 5.292820323
      vertex 63.700000000 101.729117431 5.292820323
      vertex 63.337475372 101.729117431 5.367901632
    endloop
  endfacet
  facet normal 0.191341715 -0.331413572 0.923879533
    outer loop
      vertex 54.500000000 96.417494955 5.292820323
      vertex 63.337475372 101.729117431 5.367901632
      vertex 63.314110472 101.729117431 5.372740661
    endloop
  endfacet
  facet normal 0.191341716 -0.331413574 0.923879533
    outer loop
      vertex 54.500000000 96.417494955 5.292820323
      vertex 63.314110472 101.729117431 5.372740661
      vertex 54.500000000 96.640288377 5.372740661
    endloop
  endfacet
  facet normal -0.0652630962 -0.113038998 0.991444861
    outer loop
      vertex 45.685889528 101.729117431 5.372740661
      vertex 54.500000000 96.640288377 5.372740661
      vertex 54.500000000 96.879375170 5.400000000
    endloop
  endfacet
  facet normal -0.0652630957 -0.113038998 0.991444861
    outer loop
      vertex 45.685889528 101.729117431 5.372740661
      vertex 54.500000000 96.879375170 5.400000000
      vertex 45.713193669 101.729117431 5.374537990
    endloop
  endfacet
  facet normal -0.0652630962 -0.113038998 0.991444861
    outer loop
      vertex 45.713193669 101.729117431 5.374537990
      vertex 54.500000000 96.879375170 5.400000000
      vertex 46.100000000 101.729117431 5.400000000
    endloop
  endfacet
  facet normal 0.0652630961 -0.113038998 0.991444861
    outer loop
      vertex 54.500000000 96.640288377 5.372740661
      vertex 63.314110472 101.729117431 5.372740661
      vertex 62.934458557 101.729117431 5.397731722
    endloop
  endfacet
  facet normal 0.0652630969 -0.113039 0.991444861
    outer loop
      vertex 54.500000000 96.640288377 5.372740661
      vertex 62.934458557 101.729117431 5.397731722
      vertex 62.900000000 101.729117431 5.400000000
    endloop
  endfacet
  facet normal 0.0652630962 -0.113038998 0.991444861
    outer loop
      vertex 54.500000000 96.640288377 5.372740661
      vertex 62.900000000 101.729117431 5.400000000
      vertex 54.500000000 96.879375170 5.400000000
    endloop
  endfacet
  facet normal -0 0 1
    outer loop
      vertex 46.100000000 101.729117431 5.400000000
      vertex 54.500000000 96.879375170 5.400000000
      vertex 57.300000000 101.729117431 5.400000000
    endloop
  endfacet
  facet normal -0 0 1
    outer loop
      vertex 57.300000000 101.729117431 5.400000000
      vertex 54.500000000 96.879375170 5.400000000
      vertex 62.900000000 101.729117431 5.400000000
    endloop
  endfacet
  facet normal 9.0381036e-13 1 1.64647581e-12
    outer loop
      vertex 54.500000000 101.729117431 4.829787706
      vertex 57.833333333 101.729117431 3.000000000
      vertex 44.500000000 101.729117431 3.000000000
    endloop
  endfacet
  facet normal -1.80762072e-12 1 -3.29295163e-12
    outer loop
      vertex 54.500000000 101.729117431 4.829787706
      vertex 64.500000000 101.729117431 3.000000000
      vertex 57.833333333 101.729117431 3.000000000
    endloop
  endfacet
  facet normal -1.20508048e-12 1 0
    outer loop
      vertex 54.500000000 101.729117431 4.829787706
      vertex 64.500000000 101.729117431 4.600000000
      vertex 64.500000000 101.729117431 3.000000000
    endloop
  endfacet
  facet normal 1.36778251e-13 1 5.83955842e-11
    outer loop
      vertex 54.500000000 101.729117431 4.829787706
      vertex 64.445629532 101.729117431 4.806492352
      vertex 64.500000000 101.729117431 4.600000000
    endloop
  endfacet
  facet normal 0 1 0
    outer loop
      vertex 54.500000000 101.729117431 4.829787706
      vertex 64.445481322 101.729117431 4.807055236
      vertex 64.445629532 101.729117431 4.806492352
    endloop
  endfacet
  facet normal -0 1 0
    outer loop
      vertex 54.500000000 101.729117431 4.829787706
      vertex 64.287344839 101.729117431 4.997942857
      vertex 64.445481322 101.729117431 4.807055236
    endloop
  endfacet
  facet normal 0 1 0
    outer loop
      vertex 54.500000000 101.729117431 4.829787706
      vertex 64.285640646 101.729117431 5.000000000
      vertex 64.287344839 101.729117431 4.997942857
    endloop
  endfacet
  facet normal 0 1 0
    outer loop
      vertex 54.500000000 101.729117431 4.829787706
      vertex 64.037316896 101.729117431 5.161810906
      vertex 64.285640646 101.729117431 5.000000000
    endloop
  endfacet
  facet normal 0 1 0
    outer loop
      vertex 54.500000000 101.729117431 4.829787706
      vertex 64.031370850 101.729117431 5.165685425
      vertex 64.037316896 101.729117431 5.161810906
    endloop
  endfacet
  facet normal 0 1 0
    outer loop
      vertex 54.500000000 101.729117431 4.829787706
      vertex 63.713346429 101.729117431 5.287699785
      vertex 64.031370850 101.729117431 5.165685425
    endloop
  endfacet
  facet normal 0 1 0
    outer loop
      vertex 54.500000000 101.729117431 4.829787706
      vertex 63.700000000 101.729117431 5.292820323
      vertex 63.713346429 101.729117431 5.287699785
    endloop
  endfacet
  facet normal 0 1 0
    outer loop
      vertex 54.500000000 101.729117431 4.829787706
      vertex 63.337475372 101.729117431 5.367901632
      vertex 63.700000000 101.729117431 5.292820323
    endloop
  endfacet
  facet normal 0 1 0
    outer loop
      vertex 54.500000000 101.729117431 4.829787706
      vertex 63.314110472 101.729117431 5.372740661
      vertex 63.337475372 101.729117431 5.367901632
    endloop
  endfacet
  facet normal 0 1 0
    outer loop
      vertex 54.500000000 101.729117431 4.829787706
      vertex 62.934458557 101.729117431 5.397731722
      vertex 63.314110472 101.729117431 5.372740661
    endloop
  endfacet
  facet normal 0 1 0
    outer loop
      vertex 54.500000000 101.729117431 4.829787706
      vertex 62.900000000 101.729117431 5.400000000
      vertex 62.934458557 101.729117431 5.397731722
    endloop
  endfacet
  facet normal 0 1 0
    outer loop
      vertex 54.500000000 101.729117431 4.829787706
      vertex 57.300000000 101.729117431 5.400000000
      vertex 62.900000000 101.729117431 5.400000000
    endloop
  endfacet
  facet normal 0 1 -0
    outer loop
      vertex 54.500000000 101.729117431 4.829787706
      vertex 46.100000000 101.729117431 5.400000000
      vertex 57.300000000 101.729117431 5.400000000
    endloop
  endfacet
  facet normal 0 1 0
    outer loop
      vertex 54.500000000 101.729117431 4.829787706
      vertex 45.713193669 101.729117431 5.374537990
      vertex 46.100000000 101.729117431 5.400000000
    endloop
  endfacet
  facet normal 0 1 0
    outer loop
      vertex 54.500000000 101.729117431 4.829787706
      vertex 45.685889528 101.729117431 5.372740661
      vertex 45.713193669 101.729117431 5.374537990
    endloop
  endfacet
  facet normal 0 1 0
    outer loop
      vertex 54.500000000 101.729117431 4.829787706
      vertex 45.316752112 101.729117431 5.296289799
      vertex 45.685889528 101.729117431 5.372740661
    endloop
  endfacet
  facet normal 0 1 0
    outer loop
      vertex 54.500000000 101.729117431 4.829787706
      vertex 45.300000000 101.729117431 5.292820323
      vertex 45.316752112 101.729117431 5.296289799
    endloop
  endfacet
  facet normal 0 1 0
    outer loop
      vertex 54.500000000 101.729117431 4.829787706
      vertex 44.976859215 101.729117431 5.168843000
      vertex 45.300000000 101.729117431 5.292820323
    endloop
  endfacet
  facet normal 0 1 0
    outer loop
      vertex 54.500000000 101.729117431 4.829787706
      vertex 44.968629150 101.729117431 5.165685425
      vertex 44.976859215 101.729117431 5.168843000
    endloop
  endfacet
  facet normal 0 1 0
    outer loop
      vertex 54.500000000 101.729117431 4.829787706
      vertex 44.717186808 101.729117431 5.001842405
      vertex 44.968629150 101.729117431 5.165685425
    endloop
  endfacet
  facet normal 0 1 0
    outer loop
      vertex 54.500000000 101.729117431 4.829787706
      vertex 44.714359354 101.729117431 5.000000000
      vertex 44.717186808 101.729117431 5.001842405
    endloop
  endfacet
  facet normal 0 1 0
    outer loop
      vertex 54.500000000 101.729117431 4.829787706
      vertex 44.554962701 101.729117431 4.807591219
      vertex 44.714359354 101.729117431 5.000000000
    endloop
  endfacet
  facet normal 0 1 0
    outer loop
      vertex 54.500000000 101.729117431 4.829787706
      vertex 44.554518678 101.729117431 4.807055236
      vertex 44.554962701 101.729117431 4.807591219
    endloop
  endfacet
  facet normal -1.33110434e-13 1 5.82359666e-11
    outer loop
      vertex 54.500000000 101.729117431 4.829787706
      vertex 44.500000000 101.729117431 4.600000000
      vertex 44.554518678 101.729117431 4.807055236
    endloop
  endfacet
  facet normal 1.20508048e-12 1 0
    outer loop
      vertex 54.500000000 101.729117431 4.829787706
      vertex 44.500000000 101.729117431 3.000000000
      vertex 44.500000000 101.729117431 4.600000000
    endloop
  endfacet
  facet normal -0 0 -1
    outer loop
      vertex 79.633333333 101.729117431 3.000000000
      vertex 76.300000000 95.955614739 3.000000000
      vertex 66.300000000 101.729117431 3.000000000
    endloop
  endfacet
  facet normal 0 0 -1
    outer loop
      vertex 86.300000000 101.729117431 3.000000000
      vertex 76.300000000 95.955614739 3.000000000
      vertex 79.633333333 101.729117431 3.000000000
    endloop
  endfacet
  facet normal -0.5 -0.866025404 0
    outer loop
      vertex 66.300000000 101.729117431 3.000000000
      vertex 76.300000000 95.955614739 3.000000000
      vertex 76.300000000 95.955614739 4.600000000
    endloop
  endfacet
  facet normal -0.5 -0.866025404 0
    outer loop
      vertex 66.300000000 101.729117431 3.000000000
      vertex 76.300000000 95.955614739 4.600000000
      vertex 66.300000000 101.729117431 4.600000000
    endloop
  endfacet
  facet normal 0.5 -0.866025404 0
    outer loop
      vertex 76.300000000 95.955614739 3.000000000
      vertex 86.300000000 101.729117431 3.000000000
      vertex 86.300000000 101.729117431 4.600000000
    endloop
  endfacet
  facet normal 0.5 -0.866025404 0
    outer loop
      vertex 76.300000000 95.955614739 3.000000000
      vertex 86.300000000 101.729117431 4.600000000
      vertex 76.300000000 95.955614739 4.600000000
    endloop
  endfacet
  facet normal -0.495722431 -0.858616436 0.130526192
    outer loop
      vertex 66.300000000 101.729117431 4.600000000
      vertex 76.300000000 95.955614739 4.600000000
      vertex 76.300000000 95.987091113 4.807055236
    endloop
  endfacet
  facet normal -0.495722431 -0.858616436 0.130526192
    outer loop
      vertex 66.300000000 101.729117431 4.600000000
      vertex 76.300000000 95.987091113 4.807055236
      vertex 66.354518678 101.729117431 4.807055236
    endloop
  endfacet
  facet normal 0.495722431 -0.858616436 0.130526192
    outer loop
      vertex 76.300000000 95.955614739 4.600000000
      vertex 86.300000000 101.729117431 4.600000000
      vertex 86.245629532 101.729117431 4.806492352
    endloop
  endfacet
  facet normal 0.495722431 -0.858616436 0.130526192
    outer loop
      vertex 76.300000000 95.955614739 4.600000000
      vertex 86.245629532 101.729117431 4.806492352
      vertex 86.245481322 101.729117431 4.807055236
    endloop
  endfacet
  facet normal 0.495722431 -0.858616436 0.130526192
    outer loop
      vertex 76.300000000 95.955614739 4.600000000
      vertex 86.245481322 101.729117431 4.807055236
      vertex 76.300000000 95.987091113 4.807055236
    endloop
  endfacet
  facet normal -0.461939766 -0.800103145 0.382683432
    outer loop
      vertex 66.354518678 101.729117431 4.807055236
      vertex 76.300000000 95.987091113 4.807055236
      vertex 76.300000000 96.079375170 5.000000000
    endloop
  endfacet
  facet normal -0.461939762 -0.800103138 0.382683453
    outer loop
      vertex 66.354518678 101.729117431 4.807055236
      vertex 76.300000000 96.079375170 5.000000000
      vertex 66.354962701 101.729117431 4.807591219
    endloop
  endfacet
  facet normal -0.461939766 -0.800103145 0.382683432
    outer loop
      vertex 66.354962701 101.729117431 4.807591219
      vertex 76.300000000 96.079375170 5.000000000
      vertex 66.514359354 101.729117431 5.000000000
    endloop
  endfacet
  facet normal 0.461939766 -0.800103145 0.382683432
    outer loop
      vertex 76.300000000 95.987091113 4.807055236
      vertex 86.245481322 101.729117431 4.807055236
      vertex 86.087344839 101.729117431 4.997942857
    endloop
  endfacet
  facet normal 0.461939767 -0.800103147 0.382683427
    outer loop
      vertex 76.300000000 95.987091113 4.807055236
      vertex 86.087344839 101.729117431 4.997942857
      vertex 86.085640646 101.729117431 5.000000000
    endloop
  endfacet
  facet normal 0.461939766 -0.800103145 0.382683432
    outer loop
      vertex 76.300000000 95.987091113 4.807055236
      vertex 86.085640646 101.729117431 5.000000000
      vertex 76.300000000 96.079375170 5.000000000
    endloop
  endfacet
  facet normal -0.39667667 -0.687064147 0.608761429
    outer loop
      vertex 66.514359354 101.729117431 5.000000000
      vertex 76.300000000 96.079375170 5.000000000
      vertex 76.300000000 96.226177905 5.165685425
    endloop
  endfacet
  facet normal -0.39667667 -0.687064147 0.608761429
    outer loop
      vertex 66.514359354 101.729117431 5.000000000
      vertex 76.300000000 96.226177905 5.165685425
      vertex 66.517186808 101.729117431 5.001842405
    endloop
  endfacet
  facet normal -0.39667667 -0.687064147 0.608761429
    outer loop
      vertex 66.517186808 101.729117431 5.001842405
      vertex 76.300000000 96.226177905 5.165685425
      vertex 66.768629150 101.729117431 5.165685425
    endloop
  endfacet
  facet normal 0.39667667 -0.687064147 0.608761429
    outer loop
      vertex 76.300000000 96.079375170 5.000000000
      vertex 86.085640646 101.729117431 5.000000000
      vertex 85.837316896 101.729117431 5.161810906
    endloop
  endfacet
  facet normal 0.396676669 -0.687064145 0.608761432
    outer loop
      vertex 76.300000000 96.079375170 5.000000000
      vertex 85.837316896 101.729117431 5.161810906
      vertex 85.831370850 101.729117431 5.165685425
    endloop
  endfacet
  facet normal 0.39667667 -0.687064147 0.608761429
    outer loop
      vertex 76.300000000 96.079375170 5.000000000
      vertex 85.831370850 101.729117431 5.165685425
      vertex 76.300000000 96.226177905 5.165685425
    endloop
  endfacet
  facet normal -0.304380714 -0.527202862 0.79335334
    outer loop
      vertex 66.768629150 101.729117431 5.165685425
      vertex 76.300000000 96.226177905 5.165685425
      vertex 76.300000000 96.417494955 5.292820323
    endloop
  endfacet
  facet normal -0.304380713 -0.527202861 0.793353342
    outer loop
      vertex 66.768629150 101.729117431 5.165685425
      vertex 76.300000000 96.417494955 5.292820323
      vertex 66.776859215 101.729117431 5.168843000
    endloop
  endfacet
  facet normal -0.304380714 -0.527202862 0.79335334
    outer loop
      vertex 66.776859215 101.729117431 5.168843000
      vertex 76.300000000 96.417494955 5.292820323
      vertex 67.100000000 101.729117431 5.292820323
    endloop
  endfacet
  facet normal 0.304380714 -0.527202862 0.79335334
    outer loop
      vertex 76.300000000 96.226177905 5.165685425
      vertex 85.831370850 101.729117431 5.165685425
      vertex 85.513346429 101.729117431 5.287699785
    endloop
  endfacet
  facet normal 0.304380713 -0.52720286 0.793353342
    outer loop
      vertex 76.300000000 96.226177905 5.165685425
      vertex 85.513346429 101.729117431 5.287699785
      vertex 85.500000000 101.729117431 5.292820323
    endloop
  endfacet
  facet normal 0.304380714 -0.527202862 0.79335334
    outer loop
      vertex 76.300000000 96.226177905 5.165685425
      vertex 85.500000000 101.729117431 5.292820323
      vertex 76.300000000 96.417494955 5.292820323
    endloop
  endfacet
  facet normal -0.191341716 -0.331413574 0.923879533
    outer loop
      vertex 67.100000000 101.729117431 5.292820323
      vertex 76.300000000 96.417494955 5.292820323
      vertex 76.300000000 96.640288377 5.372740661
    endloop
  endfacet
  facet normal -0.191341715 -0.331413573 0.923879533
    outer loop
      vertex 67.100000000 101.729117431 5.292820323
      vertex 76.300000000 96.640288377 5.372740661
      vertex 67.116752112 101.729117431 5.296289799
    endloop
  endfacet
  facet normal -0.191341716 -0.331413574 0.923879532
    outer loop
      vertex 67.116752112 101.729117431 5.296289799
      vertex 76.300000000 96.640288377 5.372740661
      vertex 67.485889528 101.729117431 5.372740661
    endloop
  endfacet
  facet normal 0.191341716 -0.331413574 0.923879532
    outer loop
      vertex 76.300000000 96.417494955 5.292820323
      vertex 85.500000000 101.729117431 5.292820323
      vertex 85.137475372 101.729117431 5.367901632
    endloop
  endfacet
  facet normal 0.191341715 -0.331413572 0.923879533
    outer loop
      vertex 76.300000000 96.417494955 5.292820323
      vertex 85.137475372 101.729117431 5.367901632
      vertex 85.114110472 101.729117431 5.372740661
    endloop
  endfacet
  facet normal 0.191341716 -0.331413574 0.923879533
    outer loop
      vertex 76.300000000 96.417494955 5.292820323
      vertex 85.114110472 101.729117431 5.372740661
      vertex 76.300000000 96.640288377 5.372740661
    endloop
  endfacet
  facet normal -0.0652630962 -0.113038998 0.991444861
    outer loop
      vertex 67.485889528 101.729117431 5.372740661
      vertex 76.300000000 96.640288377 5.372740661
      vertex 76.300000000 96.879375170 5.400000000
    endloop
  endfacet
  facet normal -0.0652630957 -0.113038998 0.991444861
    outer loop
      vertex 67.485889528 101.729117431 5.372740661
      vertex 76.300000000 96.879375170 5.400000000
      vertex 67.513193669 101.729117431 5.374537990
    endloop
  endfacet
  facet normal -0.0652630962 -0.113038998 0.991444861
    outer loop
      vertex 67.513193669 101.729117431 5.374537990
      vertex 76.300000000 96.879375170 5.400000000
      vertex 67.900000000 101.729117431 5.400000000
    endloop
  endfacet
  facet normal 0.0652630961 -0.113038998 0.991444861
    outer loop
      vertex 76.300000000 96.640288377 5.372740661
      vertex 85.114110472 101.729117431 5.372740661
      vertex 84.734458557 101.729117431 5.397731722
    endloop
  endfacet
  facet normal 0.0652630969 -0.113039 0.991444861
    outer loop
      vertex 76.300000000 96.640288377 5.372740661
      vertex 84.734458557 101.729117431 5.397731722
      vertex 84.700000000 101.729117431 5.400000000
    endloop
  endfacet
  facet normal 0.0652630962 -0.113038998 0.991444861
    outer loop
      vertex 76.300000000 96.640288377 5.372740661
      vertex 84.700000000 101.729117431 5.400000000
      vertex 76.300000000 96.879375170 5.400000000
    endloop
  endfacet
  facet normal -0 0 1
    outer loop
      vertex 67.900000000 101.729117431 5.400000000
      vertex 76.300000000 96.879375170 5.400000000
      vertex 79.100000000 101.729117431 5.400000000
    endloop
  endfacet
  facet normal -0 0 1
    outer loop
      vertex 79.100000000 101.729117431 5.400000000
      vertex 76.300000000 96.879375170 5.400000000
      vertex 84.700000000 101.729117431 5.400000000
    endloop
  endfacet
  facet normal 9.0381036e-13 1 1.64647581e-12
    outer loop
      vertex 76.300000000 101.729117431 4.829787706
      vertex 79.633333333 101.729117431 3.000000000
      vertex 66.300000000 101.729117431 3.000000000
    endloop
  endfacet
  facet normal -1.80762072e-12 1 -3.29295163e-12
    outer loop
      vertex 76.300000000 101.729117431 4.829787706
      vertex 86.300000000 101.729117431 3.000000000
      vertex 79.633333333 101.729117431 3.000000000
    endloop
  endfacet
  facet normal -1.20508048e-12 1 0
    outer loop
      vertex 76.300000000 101.729117431 4.829787706
      vertex 86.300000000 101.729117431 4.600000000
      vertex 86.300000000 101.729117431 3.000000000
    endloop
  endfacet
  facet normal 1.36778251e-13 1 5.83955842e-11
    outer loop
      vertex 76.300000000 101.729117431 4.829787706
      vertex 86.245629532 101.729117431 4.806492352
      vertex 86.300000000 101.729117431 4.600000000
    endloop
  endfacet
  facet normal 0 1 0
    outer loop
      vertex 76.300000000 101.729117431 4.829787706
      vertex 86.245481322 101.729117431 4.807055236
      vertex 86.245629532 101.729117431 4.806492352
    endloop
  endfacet
  facet normal -0 1 0
    outer loop
      vertex 76.300000000 101.729117431 4.829787706
      vertex 86.087344839 101.729117431 4.997942857
      vertex 86.245481322 101.729117431 4.807055236
    endloop
  endfacet
  facet normal 0 1 0
    outer loop
      vertex 76.300000000 101.729117431 4.829787706
      vertex 86.085640646 101.729117431 5.000000000
      vertex 86.087344839 101.729117431 4.997942857
    endloop
  endfacet
  facet normal 0 1 0
    outer loop
      vertex 76.300000000 101.729117431 4.829787706
      vertex 85.837316896 101.729117431 5.161810906
      vertex 86.085640646 101.729117431 5.000000000
    endloop
  endfacet
  facet normal 0 1 0
    outer loop
      vertex 76.300000000 101.729117431 4.829787706
      vertex 85.831370850 101.729117431 5.165685425
      vertex 85.837316896 101.729117431 5.161810906
    endloop
  endfacet
  facet normal 0 1 0
    outer loop
      vertex 76.300000000 101.729117431 4.829787706
      vertex 85.513346429 101.729117431 5.287699785
      vertex 85.831370850 101.729117431 5.165685425
    endloop
  endfacet
  facet normal 0 1 0
    outer loop
      vertex 76.300000000 101.729117431 4.829787706
      vertex 85.500000000 101.729117431 5.292820323
      vertex 85.513346429 101.729117431 5.287699785
    endloop
  endfacet
  facet normal 0 1 0
    outer loop
      vertex 76.300000000 101.729117431 4.829787706
      vertex 85.137475372 101.729117431 5.367901632
      vertex 85.500000000 101.729117431 5.292820323
    endloop
  endfacet
  facet normal 0 1 0
    outer loop
      vertex 76.300000000 101.729117431 4.829787706
      vertex 85.114110472 101.729117431 5.372740661
      vertex 85.137475372 101.729117431 5.367901632
    endloop
  endfacet
  facet normal 0 1 0
    outer loop
      vertex 76.300000000 101.729117431 4.829787706
      vertex 84.734458557 101.729117431 5.397731722
      vertex 85.114110472 101.729117431 5.372740661
    endloop
  endfacet
  facet normal 0 1 0
    outer loop
      vertex 76.300000000 101.729117431 4.829787706
      vertex 84.700000000 101.729117431 5.400000000
      vertex 84.734458557 101.729117431 5.397731722
    endloop
  endfacet
  facet normal 0 1 0
    outer loop
      vertex 76.300000000 101.729117431 4.829787706
      vertex 79.100000000 101.729117431 5.400000000
      vertex 84.700000000 101.729117431 5.400000000
    endloop
  endfacet
  facet normal 0 1 -0
    outer loop
      vertex 76.300000000 101.729117431 4.829787706
      vertex 67.900000000 101.729117431 5.400000000
      vertex 79.100000000 101.729117431 5.400000000
    endloop
  endfacet
  facet normal 0 1 0
    outer loop
      vertex 76.300000000 101.729117431 4.829787706
      vertex 67.513193669 101.729117431 5.374537990
      vertex 67.900000000 101.729117431 5.400000000
    endloop
  endfacet
  facet normal 0 1 0
    outer loop
      vertex 76.300000000 101.729117431 4.829787706
      vertex 67.485889528 101.729117431 5.372740661
      vertex 67.513193669 101.729117431 5.374537990
    endloop
  endfacet
  facet normal 0 1 0
    outer loop
      vertex 76.300000000 101.729117431 4.829787706
      vertex 67.116752112 101.729117431 5.296289799
      vertex 67.485889528 101.729117431 5.372740661
    endloop
  endfacet
  facet normal 0 1 0
    outer loop
      vertex 76.300000000 101.729117431 4.829787706
      vertex 67.100000000 101.729117431 5.292820323
      vertex 67.116752112 101.729117431 5.296289799
    endloop
  endfacet
  facet normal 0 1 0
    outer loop
      vertex 76.300000000 101.729117431 4.829787706
      vertex 66.776859215 101.729117431 5.168843000
      vertex 67.100000000 101.729117431 5.292820323
    endloop
  endfacet
  facet normal 0 1 0
    outer loop
      vertex 76.300000000 101.729117431 4.829787706
      vertex 66.768629150 101.729117431 5.165685425
      vertex 66.776859215 101.729117431 5.168843000
    endloop
  endfacet
  facet normal 0 1 0
    outer loop
      vertex 76.300000000 101.729117431 4.829787706
      vertex 66.517186808 101.729117431 5.001842405
      vertex 66.768629150 101.729117431 5.165685425
    endloop
  endfacet
  facet normal 0 1 0
    outer loop
      vertex 76.300000000 101.729117431 4.829787706
      vertex 66.514359354 101.729117431 5.000000000
      vertex 66.517186808 101.729117431 5.001842405
    endloop
  endfacet
  facet normal 0 1 0
    outer loop
      vertex 76.300000000 101.729117431 4.829787706
      vertex 66.354962701 101.729117431 4.807591219
      vertex 66.514359354 101.729117431 5.000000000
    endloop
  endfacet
  facet normal 0 1 0
    outer loop
      vertex 76.300000000 101.729117431 4.829787706
      vertex 66.354518678 101.729117431 4.807055236
      vertex 66.354962701 101.729117431 4.807591219
    endloop
  endfacet
  facet normal -1.33110434e-13 1 5.82359666e-11
    outer loop
      vertex 76.300000000 101.729117431 4.829787706
      vertex 66.300000000 101.729117431 4.600000000
      vertex 66.354518678 101.729117431 4.807055236
    endloop
  endfacet
  facet normal 1.20508048e-12 1 0
    outer loop
      vertex 76.300000000 101.729117431 4.829787706
      vertex 66.300000000 101.729117431 3.000000000
      vertex 66.300000000 101.729117431 4.600000000
    endloop
  endfacet
  facet normal -0 0 -1
    outer loop
      vertex 101.433333333 101.729117431 3.000000000
      vertex 98.100000000 95.955614739 3.000000000
      vertex 88.100000000 101.729117431 3.000000000
    endloop
  endfacet
  facet normal 0 0 -1
    outer loop
      vertex 108.100000000 101.729117431 3.000000000
      vertex 98.100000000 95.955614739 3.000000000
      vertex 101.433333333 101.729117431 3.000000000
    endloop
  endfacet
  facet normal -0.5 -0.866025404 0
    outer loop
      vertex 88.100000000 101.729117431 3.000000000
      vertex 98.100000000 95.955614739 3.000000000
      vertex 98.100000000 95.955614739 4.600000000
    endloop
  endfacet
  facet normal -0.5 -0.866025404 0
    outer loop
      vertex 88.100000000 101.729117431 3.000000000
      vertex 98.100000000 95.955614739 4.600000000
      vertex 88.100000000 101.729117431 4.600000000
    endloop
  endfacet
  facet normal 0.5 -0.866025404 0
    outer loop
      vertex 98.100000000 95.955614739 3.000000000
      vertex 108.100000000 101.729117431 3.000000000
      vertex 108.100000000 101.729117431 4.600000000
    endloop
  endfacet
  facet normal 0.5 -0.866025404 0
    outer loop
      vertex 98.100000000 95.955614739 3.000000000
      vertex 108.100000000 101.729117431 4.600000000
      vertex 98.100000000 95.955614739 4.600000000
    endloop
  endfacet
  facet normal -0.495722431 -0.858616436 0.130526192
    outer loop
      vertex 88.100000000 101.729117431 4.600000000
      vertex 98.100000000 95.955614739 4.600000000
      vertex 98.100000000 95.987091113 4.807055236
    endloop
  endfacet
  facet normal -0.495722431 -0.858616436 0.130526192
    outer loop
      vertex 88.100000000 101.729117431 4.600000000
      vertex 98.100000000 95.987091113 4.807055236
      vertex 88.154518678 101.729117431 4.807055236
    endloop
  endfacet
  facet normal 0.495722431 -0.858616436 0.130526192
    outer loop
      vertex 98.100000000 95.955614739 4.600000000
      vertex 108.100000000 101.729117431 4.600000000
      vertex 108.045629532 101.729117431 4.806492352
    endloop
  endfacet
  facet normal 0.495722431 -0.858616436 0.130526192
    outer loop
      vertex 98.100000000 95.955614739 4.600000000
      vertex 108.045629532 101.729117431 4.806492352
      vertex 108.045481322 101.729117431 4.807055236
    endloop
  endfacet
  facet normal 0.495722431 -0.858616436 0.130526192
    outer loop
      vertex 98.100000000 95.955614739 4.600000000
      vertex 108.045481322 101.729117431 4.807055236
      vertex 98.100000000 95.987091113 4.807055236
    endloop
  endfacet
  facet normal -0.461939766 -0.800103145 0.382683432
    outer loop
      vertex 88.154518678 101.729117431 4.807055236
      vertex 98.100000000 95.987091113 4.807055236
      vertex 98.100000000 96.079375170 5.000000000
    endloop
  endfacet
  facet normal -0.461939762 -0.800103138 0.382683453
    outer loop
      vertex 88.154518678 101.729117431 4.807055236
      vertex 98.100000000 96.079375170 5.000000000
      vertex 88.154962701 101.729117431 4.807591219
    endloop
  endfacet
  facet normal -0.461939766 -0.800103145 0.382683432
    outer loop
      vertex 88.154962701 101.729117431 4.807591219
      vertex 98.100000000 96.079375170 5.000000000
      vertex 88.314359354 101.729117431 5.000000000
    endloop
  endfacet
  facet normal 0.461939766 -0.800103145 0.382683432
    outer loop
      vertex 98.100000000 95.987091113 4.807055236
      vertex 108.045481322 101.729117431 4.807055236
      vertex 107.887344839 101.729117431 4.997942857
    endloop
  endfacet
  facet normal 0.461939767 -0.800103147 0.382683427
    outer loop
      vertex 98.100000000 95.987091113 4.807055236
      vertex 107.887344839 101.729117431 4.997942857
      vertex 107.885640646 101.729117431 5.000000000
    endloop
  endfacet
  facet normal 0.461939766 -0.800103145 0.382683432
    outer loop
      vertex 98.100000000 95.987091113 4.807055236
      vertex 107.885640646 101.729117431 5.000000000
      vertex 98.100000000 96.079375170 5.000000000
    endloop
  endfacet
  facet normal -0.39667667 -0.687064147 0.608761429
    outer loop
      vertex 88.314359354 101.729117431 5.000000000
      vertex 98.100000000 96.079375170 5.000000000
      vertex 98.100000000 96.226177905 5.165685425
    endloop
  endfacet
  facet normal -0.39667667 -0.687064147 0.608761429
    outer loop
      vertex 88.314359354 101.729117431 5.000000000
      vertex 98.100000000 96.226177905 5.165685425
      vertex 88.317186808 101.729117431 5.001842405
    endloop
  endfacet
  facet normal -0.39667667 -0.687064147 0.608761429
    outer loop
      vertex 88.317186808 101.729117431 5.001842405
      vertex 98.100000000 96.226177905 5.165685425
      vertex 88.568629150 101.729117431 5.165685425
    endloop
  endfacet
  facet normal 0.39667667 -0.687064147 0.608761429
    outer loop
      vertex 98.100000000 96.079375170 5.000000000
      vertex 107.885640646 101.729117431 5.000000000
      vertex 107.637316896 101.729117431 5.161810906
    endloop
  endfacet
  facet normal 0.396676669 -0.687064145 0.608761432
    outer loop
      vertex 98.100000000 96.079375170 5.000000000
      vertex 107.637316896 101.729117431 5.161810906
      vertex 107.631370850 101.729117431 5.165685425
    endloop
  endfacet
  facet normal 0.39667667 -0.687064147 0.608761429
    outer loop
      vertex 98.100000000 96.079375170 5.000000000
      vertex 107.631370850 101.729117431 5.165685425
      vertex 98.100000000 96.226177905 5.165685425
    endloop
  endfacet
  facet normal -0.304380714 -0.527202862 0.79335334
    outer loop
      vertex 88.568629150 101.729117431 5.165685425
      vertex 98.100000000 96.226177905 5.165685425
      vertex 98.100000000 96.417494955 5.292820323
    endloop
  endfacet
  facet normal -0.304380713 -0.527202861 0.793353342
    outer loop
      vertex 88.568629150 101.729117431 5.165685425
      vertex 98.100000000 96.417494955 5.292820323
      vertex 88.576859215 101.729117431 5.168843000
    endloop
  endfacet
  facet normal -0.304380714 -0.527202862 0.79335334
    outer loop
      vertex 88.576859215 101.729117431 5.168843000
      vertex 98.100000000 96.417494955 5.292820323
      vertex 88.900000000 101.729117431 5.292820323
    endloop
  endfacet
  facet normal 0.304380714 -0.527202862 0.79335334
    outer loop
      vertex 98.100000000 96.226177905 5.165685425
      vertex 107.631370850 101.729117431 5.165685425
      vertex 107.313346429 101.729117431 5.287699785
    endloop
  endfacet
  facet normal 0.304380713 -0.52720286 0.793353342
    outer loop
      vertex 98.100000000 96.226177905 5.165685425
      vertex 107.313346429 101.729117431 5.287699785
      vertex 107.300000000 101.729117431 5.292820323
    endloop
  endfacet
  facet normal 0.304380714 -0.527202862 0.79335334
    outer loop
      vertex 98.100000000 96.226177905 5.165685425
      vertex 107.300000000 101.729117431 5.292820323
      vertex 98.100000000 96.417494955 5.292820323
    endloop
  endfacet
  facet normal -0.191341716 -0.331413574 0.923879533
    outer loop
      vertex 88.900000000 101.729117431 5.292820323
      vertex 98.100000000 96.417494955 5.292820323
      vertex 98.100000000 96.640288377 5.372740661
    endloop
  endfacet
  facet normal -0.191341715 -0.331413573 0.923879533
    outer loop
      vertex 88.900000000 101.729117431 5.292820323
      vertex 98.100000000 96.640288377 5.372740661
      vertex 88.916752112 101.729117431 5.296289799
    endloop
  endfacet
  facet normal -0.191341716 -0.331413574 0.923879532
    outer loop
      vertex 88.916752112 101.729117431 5.296289799
      vertex 98.100000000 96.640288377 5.372740661
      vertex 89.285889528 101.729117431 5.372740661
    endloop
  endfacet
  facet normal 0.191341716 -0.331413574 0.923879532
    outer loop
      vertex 98.100000000 96.417494955 5.292820323
      vertex 107.300000000 101.729117431 5.292820323
      vertex 106.937475372 101.729117431 5.367901632
    endloop
  endfacet
  facet normal 0.191341715 -0.331413572 0.923879533
    outer loop
      vertex 98.100000000 96.417494955 5.292820323
      vertex 106.937475372 101.729117431 5.367901632
      vertex 106.914110472 101.729117431 5.372740661
    endloop
  endfacet
  facet normal 0.191341716 -0.331413574 0.923879533
    outer loop
      vertex 98.100000000 96.417494955 5.292820323
      vertex 106.914110472 101.729117431 5.372740661
      vertex 98.100000000 96.640288377 5.372740661
    endloop
  endfacet
  facet normal -0.0652630962 -0.113038998 0.991444861
    outer loop
      vertex 89.285889528 101.729117431 5.372740661
      vertex 98.100000000 96.640288377 5.372740661
      vertex 98.100000000 96.879375170 5.400000000
    endloop
  endfacet
  facet normal -0.0652630957 -0.113038998 0.991444861
    outer loop
      vertex 89.285889528 101.729117431 5.372740661
      vertex 98.100000000 96.879375170 5.400000000
      vertex 89.313193669 101.729117431 5.374537990
    endloop
  endfacet
  facet normal -0.0652630962 -0.113038998 0.991444861
    outer loop
      vertex 89.313193669 101.729117431 5.374537990
      vertex 98.100000000 96.879375170 5.400000000
      vertex 89.700000000 101.729117431 5.400000000
    endloop
  endfacet
  facet normal 0.0652630961 -0.113038998 0.991444861
    outer loop
      vertex 98.100000000 96.640288377 5.372740661
      vertex 106.914110472 101.729117431 5.372740661
      vertex 106.534458557 101.729117431 5.397731722
    endloop
  endfacet
  facet normal 0.0652630969 -0.113039 0.991444861
    outer loop
      vertex 98.100000000 96.640288377 5.372740661
      vertex 106.534458557 101.729117431 5.397731722
      vertex 106.500000000 101.729117431 5.400000000
    endloop
  endfacet
  facet normal 0.0652630962 -0.113038998 0.991444861
    outer loop
      vertex 98.100000000 96.640288377 5.372740661
      vertex 106.500000000 101.729117431 5.400000000
      vertex 98.100000000 96.879375170 5.400000000
    endloop
  endfacet
  facet normal -0 0 1
    outer loop
      vertex 89.700000000 101.729117431 5.400000000
      vertex 98.100000000 96.879375170 5.400000000
      vertex 100.900000000 101.729117431 5.400000000
    endloop
  endfacet
  facet normal -0 0 1
    outer loop
      vertex 100.900000000 101.729117431 5.400000000
      vertex 98.100000000 96.879375170 5.400000000
      vertex 106.500000000 101.729117431 5.400000000
    endloop
  endfacet
  facet normal 9.0381036e-13 1 1.64647581e-12
    outer loop
      vertex 98.100000000 101.729117431 4.829787706
      vertex 101.433333333 101.729117431 3.000000000
      vertex 88.100000000 101.729117431 3.000000000
    endloop
  endfacet
  facet normal -1.80762072e-12 1 -3.29295163e-12
    outer loop
      vertex 98.100000000 101.729117431 4.829787706
      vertex 108.100000000 101.729117431 3.000000000
      vertex 101.433333333 101.729117431 3.000000000
    endloop
  endfacet
  facet normal -1.20508048e-12 1 0
    outer loop
      vertex 98.100000000 101.729117431 4.829787706
      vertex 108.100000000 101.729117431 4.600000000
      vertex 108.100000000 101.729117431 3.000000000
    endloop
  endfacet
  facet normal 1.36778251e-13 1 5.83955842e-11
    outer loop
      vertex 98.100000000 101.729117431 4.829787706
      vertex 108.045629532 101.729117431 4.806492352
      vertex 108.100000000 101.729117431 4.600000000
    endloop
  endfacet
  facet normal 0 1 0
    outer loop
      vertex 98.100000000 101.729117431 4.829787706
      vertex 108.045481322 101.729117431 4.807055236
      vertex 108.045629532 101.729117431 4.806492352
    endloop
  endfacet
  facet normal -0 1 0
    outer loop
      vertex 98.100000000 101.729117431 4.829787706
      vertex 107.887344839 101.729117431 4.997942857
      vertex 108.045481322 101.729117431 4.807055236
    endloop
  endfacet
  facet normal 0 1 0
    outer loop
      vertex 98.100000000 101.729117431 4.829787706
      vertex 107.885640646 101.729117431 5.000000000
      vertex 107.887344839 101.729117431 4.997942857
    endloop
  endfacet
  facet normal 0 1 0
    outer loop
      vertex 98.100000000 101.729117431 4.829787706
      vertex 107.637316896 101.729117431 5.161810906
      vertex 107.885640646 101.729117431 5.000000000
    endloop
  endfacet
  facet normal 0 1 0
    outer loop
      vertex 98.100000000 101.729117431 4.829787706
      vertex 107.631370850 101.729117431 5.165685425
      vertex 107.637316896 101.729117431 5.161810906
    endloop
  endfacet
  facet normal 0 1 0
    outer loop
      vertex 98.100000000 101.729117431 4.829787706
      vertex 107.313346429 101.729117431 5.287699785
      vertex 107.631370850 101.729117431 5.165685425
    endloop
  endfacet
  facet normal 0 1 0
    outer loop
      vertex 98.100000000 101.729117431 4.829787706
      vertex 107.300000000 101.729117431 5.292820323
      vertex 107.313346429 101.729117431 5.287699785
    endloop
  endfacet
  facet normal 0 1 0
    outer loop
      vertex 98.100000000 101.729117431 4.829787706
      vertex 106.937475372 101.729117431 5.367901632
      vertex 107.300000000 101.729117431 5.292820323
    endloop
  endfacet
  facet normal 0 1 0
    outer loop
      vertex 98.100000000 101.729117431 4.829787706
      vertex 106.914110472 101.729117431 5.372740661
      vertex 106.937475372 101.729117431 5.367901632
    endloop
  endfacet
  facet normal 0 1 0
    outer loop
      vertex 98.100000000 101.729117431 4.829787706
      vertex 106.534458557 101.729117431 5.397731722
      vertex 106.914110472 101.729117431 5.372740661
    endloop
  endfacet
  facet normal 0 1 0
    outer loop
      vertex 98.100000000 101.729117431 4.829787706
      vertex 106.500000000 101.729117431 5.400000000
      vertex 106.534458557 101.729117431 5.397731722
    endloop
  endfacet
  facet normal 0 1 0
    outer loop
      vertex 98.100000000 101.729117431 4.829787706
      vertex 100.900000000 101.729117431 5.400000000
      vertex 106.500000000 101.729117431 5.400000000
    endloop
  endfacet
  facet normal 0 1 -0
    outer loop
      vertex 98.100000000 101.729117431 4.829787706
      vertex 89.700000000 101.729117431 5.400000000
      vertex 100.900000000 101.729117431 5.400000000
    endloop
  endfacet
  facet normal 0 1 0
    outer loop
      vertex 98.100000000 101.729117431 4.829787706
      vertex 89.313193669 101.729117431 5.374537990
      vertex 89.700000000 101.729117431 5.400000000
    endloop
  endfacet
  facet normal 0 1 0
    outer loop
      vertex 98.100000000 101.729117431 4.829787706
      vertex 89.285889528 101.729117431 5.372740661
      vertex 89.313193669 101.729117431 5.374537990
    endloop
  endfacet
  facet normal 0 1 0
    outer loop
      vertex 98.100000000 101.729117431 4.829787706
      vertex 88.916752112 101.729117431 5.296289799
      vertex 89.285889528 101.729117431 5.372740661
    endloop
  endfacet
  facet normal 0 1 0
    outer loop
      vertex 98.100000000 101.729117431 4.829787706
      vertex 88.900000000 101.729117431 5.292820323
      vertex 88.916752112 101.729117431 5.296289799
    endloop
  endfacet
  facet normal 0 1 0
    outer loop
      vertex 98.100000000 101.729117431 4.829787706
      vertex 88.576859215 101.729117431 5.168843000
      vertex 88.900000000 101.729117431 5.292820323
    endloop
  endfacet
  facet normal 0 1 0
    outer loop
      vertex 98.100000000 101.729117431 4.829787706
      vertex 88.568629150 101.729117431 5.165685425
      vertex 88.576859215 101.729117431 5.168843000
    endloop
  endfacet
  facet normal 0 1 0
    outer loop
      vertex 98.100000000 101.729117431 4.829787706
      vertex 88.317186808 101.729117431 5.001842405
      vertex 88.568629150 101.729117431 5.165685425
    endloop
  endfacet
  facet normal 0 1 0
    outer loop
      vertex 98.100000000 101.729117431 4.829787706
      vertex 88.314359354 101.729117431 5.000000000
      vertex 88.317186808 101.729117431 5.001842405
    endloop
  endfacet
  facet normal 0 1 0
    outer loop
      vertex 98.100000000 101.729117431 4.829787706
      vertex 88.154962701 101.729117431 4.807591219
      vertex 88.314359354 101.729117431 5.000000000
    endloop
  endfacet
  facet normal 0 1 0
    outer loop
      vertex 98.100000000 101.729117431 4.829787706
      vertex 88.154518678 101.729117431 4.807055236
      vertex 88.154962701 101.729117431 4.807591219
    endloop
  endfacet
  facet normal -1.33110434e-13 1 5.82359666e-11
    outer loop
      vertex 98.100000000 101.729117431 4.829787706
      vertex 88.100000000 101.729117431 4.600000000
      vertex 88.154518678 101.729117431 4.807055236
    endloop
  endfacet
  facet normal 1.20508048e-12 1 0
    outer loop
      vertex 98.100000000 101.729117431 4.829787706
      vertex 88.100000000 101.729117431 3.000000000
      vertex 88.100000000 101.729117431 4.600000000
    endloop
  endfacet
  facet normal -0 0 -1
    outer loop
      vertex 123.233333333 101.729117431 3.000000000
      vertex 119.900000000 95.955614739 3.000000000
      vertex 109.900000000 101.729117431 3.000000000
    endloop
  endfacet
  facet normal 0 0 -1
    outer loop
      vertex 129.900000000 101.729117431 3.000000000
      vertex 119.900000000 95.955614739 3.000000000
      vertex 123.233333333 101.729117431 3.000000000
    endloop
  endfacet
  facet normal -0.5 -0.866025404 0
    outer loop
      vertex 109.900000000 101.729117431 3.000000000
      vertex 119.900000000 95.955614739 3.000000000
      vertex 119.900000000 95.955614739 4.600000000
    endloop
  endfacet
  facet normal -0.5 -0.866025404 0
    outer loop
      vertex 109.900000000 101.729117431 3.000000000
      vertex 119.900000000 95.955614739 4.600000000
      vertex 109.900000000 101.729117431 4.600000000
    endloop
  endfacet
  facet normal 0.5 -0.866025404 0
    outer loop
      vertex 119.900000000 95.955614739 3.000000000
      vertex 129.900000000 101.729117431 3.000000000
      vertex 129.900000000 101.729117431 4.600000000
    endloop
  endfacet
  facet normal 0.5 -0.866025404 0
    outer loop
      vertex 119.900000000 95.955614739 3.000000000
      vertex 129.900000000 101.729117431 4.600000000
      vertex 119.900000000 95.955614739 4.600000000
    endloop
  endfacet
  facet normal -0.495722431 -0.858616436 0.130526192
    outer loop
      vertex 109.900000000 101.729117431 4.600000000
      vertex 119.900000000 95.955614739 4.600000000
      vertex 119.900000000 95.987091113 4.807055236
    endloop
  endfacet
  facet normal -0.495722431 -0.858616436 0.130526192
    outer loop
      vertex 109.900000000 101.729117431 4.600000000
      vertex 119.900000000 95.987091113 4.807055236
      vertex 109.954518678 101.729117431 4.807055236
    endloop
  endfacet
  facet normal 0.495722431 -0.858616436 0.130526192
    outer loop
      vertex 119.900000000 95.955614739 4.600000000
      vertex 129.900000000 101.729117431 4.600000000
      vertex 129.845629532 101.729117431 4.806492352
    endloop
  endfacet
  facet normal 0.495722431 -0.858616436 0.130526192
    outer loop
      vertex 119.900000000 95.955614739 4.600000000
      vertex 129.845629532 101.729117431 4.806492352
      vertex 129.845481322 101.729117431 4.807055236
    endloop
  endfacet
  facet normal 0.495722431 -0.858616436 0.130526192
    outer loop
      vertex 119.900000000 95.955614739 4.600000000
      vertex 129.845481322 101.729117431 4.807055236
      vertex 119.900000000 95.987091113 4.807055236
    endloop
  endfacet
  facet normal -0.461939766 -0.800103145 0.382683432
    outer loop
      vertex 109.954518678 101.729117431 4.807055236
      vertex 119.900000000 95.987091113 4.807055236
      vertex 119.900000000 96.079375170 5.000000000
    endloop
  endfacet
  facet normal -0.461939762 -0.800103138 0.382683453
    outer loop
      vertex 109.954518678 101.729117431 4.807055236
      vertex 119.900000000 96.079375170 5.000000000
      vertex 109.954962701 101.729117431 4.807591219
    endloop
  endfacet
  facet normal -0.461939766 -0.800103145 0.382683432
    outer loop
      vertex 109.954962701 101.729117431 4.807591219
      vertex 119.900000000 96.079375170 5.000000000
      vertex 110.114359354 101.729117431 5.000000000
    endloop
  endfacet
  facet normal 0.461939766 -0.800103145 0.382683432
    outer loop
      vertex 119.900000000 95.987091113 4.807055236
      vertex 129.845481322 101.729117431 4.807055236
      vertex 129.687344839 101.729117431 4.997942857
    endloop
  endfacet
  facet normal 0.461939767 -0.800103147 0.382683427
    outer loop
      vertex 119.900000000 95.987091113 4.807055236
      vertex 129.687344839 101.729117431 4.997942857
      vertex 129.685640646 101.729117431 5.000000000
    endloop
  endfacet
  facet normal 0.461939766 -0.800103145 0.382683432
    outer loop
      vertex 119.900000000 95.987091113 4.807055236
      vertex 129.685640646 101.729117431 5.000000000
      vertex 119.900000000 96.079375170 5.000000000
    endloop
  endfacet
  facet normal -0.39667667 -0.687064147 0.608761429
    outer loop
      vertex 110.114359354 101.729117431 5.000000000
      vertex 119.900000000 96.079375170 5.000000000
      vertex 119.900000000 96.226177905 5.165685425
    endloop
  endfacet
  facet normal -0.39667667 -0.687064147 0.608761429
    outer loop
      vertex 110.114359354 101.729117431 5.000000000
      vertex 119.900000000 96.226177905 5.165685425
      vertex 110.117186808 101.729117431 5.001842405
    endloop
  endfacet
  facet normal -0.39667667 -0.687064147 0.608761429
    outer loop
      vertex 110.117186808 101.729117431 5.001842405
      vertex 119.900000000 96.226177905 5.165685425
      vertex 110.368629150 101.729117431 5.165685425
    endloop
  endfacet
  facet normal 0.39667667 -0.687064147 0.608761429
    outer loop
      vertex 119.900000000 96.079375170 5.000000000
      vertex 129.685640646 101.729117431 5.000000000
      vertex 129.437316896 101.729117431 5.161810906
    endloop
  endfacet
  facet normal 0.396676669 -0.687064145 0.608761432
    outer loop
      vertex 119.900000000 96.079375170 5.000000000
      vertex 129.437316896 101.729117431 5.161810906
      vertex 129.431370850 101.729117431 5.165685425
    endloop
  endfacet
  facet normal 0.39667667 -0.687064147 0.608761429
    outer loop
      vertex 119.900000000 96.079375170 5.000000000
      vertex 129.431370850 101.729117431 5.165685425
      vertex 119.900000000 96.226177905 5.165685425
    endloop
  endfacet
  facet normal -0.304380714 -0.527202862 0.79335334
    outer loop
      vertex 110.368629150 101.729117431 5.165685425
      vertex 119.900000000 96.226177905 5.165685425
      vertex 119.900000000 96.417494955 5.292820323
    endloop
  endfacet
  facet normal -0.304380713 -0.527202861 0.793353342
    outer loop
      vertex 110.368629150 101.729117431 5.165685425
      vertex 119.900000000 96.417494955 5.292820323
      vertex 110.376859215 101.729117431 5.168843000
    endloop
  endfacet
  facet normal -0.304380714 -0.527202862 0.79335334
    outer loop
      vertex 110.376859215 101.729117431 5.168843000
      vertex 119.900000000 96.417494955 5.292820323
      vertex 110.700000000 101.729117431 5.292820323
    endloop
  endfacet
  facet normal 0.304380714 -0.527202862 0.79335334
    outer loop
      vertex 119.900000000 96.226177905 5.165685425
      vertex 129.431370850 101.729117431 5.165685425
      vertex 129.113346429 101.729117431 5.287699785
    endloop
  endfacet
  facet normal 0.304380713 -0.52720286 0.793353342
    outer loop
      vertex 119.900000000 96.226177905 5.165685425
      vertex 129.113346429 101.729117431 5.287699785
      vertex 129.100000000 101.729117431 5.292820323
    endloop
  endfacet
  facet normal 0.304380714 -0.527202862 0.79335334
    outer loop
      vertex 119.900000000 96.226177905 5.165685425
      vertex 129.100000000 101.729117431 5.292820323
      vertex 119.900000000 96.417494955 5.292820323
    endloop
  endfacet
  facet normal -0.191341716 -0.331413574 0.923879533
    outer loop
      vertex 110.700000000 101.729117431 5.292820323
      vertex 119.900000000 96.417494955 5.292820323
      vertex 119.900000000 96.640288377 5.372740661
    endloop
  endfacet
  facet normal -0.191341715 -0.331413573 0.923879533
    outer loop
      vertex 110.700000000 101.729117431 5.292820323
      vertex 119.900000000 96.640288377 5.372740661
      vertex 110.716752112 101.729117431 5.296289799
    endloop
  endfacet
  facet normal -0.191341716 -0.331413574 0.923879532
    outer loop
      vertex 110.716752112 101.729117431 5.296289799
      vertex 119.900000000 96.640288377 5.372740661
      vertex 111.085889528 101.729117431 5.372740661
    endloop
  endfacet
  facet normal 0.191341716 -0.331413574 0.923879532
    outer loop
      vertex 119.900000000 96.417494955 5.292820323
      vertex 129.100000000 101.729117431 5.292820323
      vertex 128.737475372 101.729117431 5.367901632
    endloop
  endfacet
  facet normal 0.191341715 -0.331413572 0.923879533
    outer loop
      vertex 119.900000000 96.417494955 5.292820323
      vertex 128.737475372 101.729117431 5.367901632
      vertex 128.714110472 101.729117431 5.372740661
    endloop
  endfacet
  facet normal 0.191341716 -0.331413574 0.923879533
    outer loop
      vertex 119.900000000 96.417494955 5.292820323
      vertex 128.714110472 101.729117431 5.372740661
      vertex 119.900000000 96.640288377 5.372740661
    endloop
  endfacet
  facet normal -0.0652630962 -0.113038998 0.991444861
    outer loop
      vertex 111.085889528 101.729117431 5.372740661
      vertex 119.900000000 96.640288377 5.372740661
      vertex 119.900000000 96.879375170 5.400000000
    endloop
  endfacet
  facet normal -0.0652630957 -0.113038998 0.991444861
    outer loop
      vertex 111.085889528 101.729117431 5.372740661
      vertex 119.900000000 96.879375170 5.400000000
      vertex 111.113193669 101.729117431 5.374537990
    endloop
  endfacet
  facet normal -0.0652630962 -0.113038998 0.991444861
    outer loop
      vertex 111.113193669 101.729117431 5.374537990
      vertex 119.900000000 96.879375170 5.400000000
      vertex 111.500000000 101.729117431 5.400000000
    endloop
  endfacet
  facet normal 0.0652630961 -0.113038998 0.991444861
    outer loop
      vertex 119.900000000 96.640288377 5.372740661
      vertex 128.714110472 101.729117431 5.372740661
      vertex 128.334458557 101.729117431 5.397731722
    endloop
  endfacet
  facet normal 0.0652630969 -0.113039 0.991444861
    outer loop
      vertex 119.900000000 96.640288377 5.372740661
      vertex 128.334458557 101.729117431 5.397731722
      vertex 128.300000000 101.729117431 5.400000000
    endloop
  endfacet
  facet normal 0.0652630962 -0.113038998 0.991444861
    outer loop
      vertex 119.900000000 96.640288377 5.372740661
      vertex 128.300000000 101.729117431 5.400000000
      vertex 119.900000000 96.879375170 5.400000000
    endloop
  endfacet
  facet normal -0 0 1
    outer loop
      vertex 111.500000000 101.729117431 5.400000000
      vertex 119.900000000 96.879375170 5.400000000
      vertex 122.700000000 101.729117431 5.400000000
    endloop
  endfacet
  facet normal -0 0 1
    outer loop
      vertex 122.700000000 101.729117431 5.400000000
      vertex 119.900000000 96.879375170 5.400000000
      vertex 128.300000000 101.729117431 5.400000000
    endloop
  endfacet
  facet normal 9.0381036e-13 1 1.64647581e-12
    outer loop
      vertex 119.900000000 101.729117431 4.829787706
      vertex 123.233333333 101.729117431 3.000000000
      vertex 109.900000000 101.729117431 3.000000000
    endloop
  endfacet
  facet normal -1.80762072e-12 1 -3.29295163e-12
    outer loop
      vertex 119.900000000 101.729117431 4.829787706
      vertex 129.900000000 101.729117431 3.000000000
      vertex 123.233333333 101.729117431 3.000000000
    endloop
  endfacet
  facet normal -1.20508048e-12 1 0
    outer loop
      vertex 119.900000000 101.729117431 4.829787706
      vertex 129.900000000 101.729117431 4.600000000
      vertex 129.900000000 101.729117431 3.000000000
    endloop
  endfacet
  facet normal 1.36778251e-13 1 5.83955842e-11
    outer loop
      vertex 119.900000000 101.729117431 4.829787706
      vertex 129.845629532 101.729117431 4.806492352
      vertex 129.900000000 101.729117431 4.600000000
    endloop
  endfacet
  facet normal 0 1 0
    outer loop
      vertex 119.900000000 101.729117431 4.829787706
      vertex 129.845481322 101.729117431 4.807055236
      vertex 129.845629532 101.729117431 4.806492352
    endloop
  endfacet
  facet normal -0 1 0
    outer loop
      vertex 119.900000000 101.729117431 4.829787706
      vertex 129.687344839 101.729117431 4.997942857
      vertex 129.845481322 101.729117431 4.807055236
    endloop
  endfacet
  facet normal 0 1 0
    outer loop
      vertex 119.900000000 101.729117431 4.829787706
      vertex 129.685640646 101.729117431 5.000000000
      vertex 129.687344839 101.729117431 4.997942857
    endloop
  endfacet
  facet normal 0 1 0
    outer loop
      vertex 119.900000000 101.729117431 4.829787706
      vertex 129.437316896 101.729117431 5.161810906
      vertex 129.685640646 101.729117431 5.000000000
    endloop
  endfacet
  facet normal 0 1 0
    outer loop
      vertex 119.900000000 101.729117431 4.829787706
      vertex 129.431370850 101.729117431 5.165685425
      vertex 129.437316896 101.729117431 5.161810906
    endloop
  endfacet
  facet normal 0 1 0
    outer loop
      vertex 119.900000000 101.729117431 4.829787706
      vertex 129.113346429 101.729117431 5.287699785
      vertex 129.431370850 101.729117431 5.165685425
    endloop
  endfacet
  facet normal 0 1 0
    outer loop
      vertex 119.900000000 101.729117431 4.829787706
      vertex 129.100000000 101.729117431 5.292820323
      vertex 129.113346429 101.729117431 5.287699785
    endloop
  endfacet
  facet normal 0 1 0
    outer loop
      vertex 119.900000000 101.729117431 4.829787706
      vertex 128.737475372 101.729117431 5.367901632
      vertex 129.100000000 101.729117431 5.292820323
    endloop
  endfacet
  facet normal 0 1 0
    outer loop
      vertex 119.900000000 101.729117431 4.829787706
      vertex 128.714110472 101.729117431 5.372740661
      vertex 128.737475372 101.729117431 5.367901632
    endloop
  endfacet
  facet normal 0 1 0
    outer loop
      vertex 119.900000000 101.729117431 4.829787706
      vertex 128.334458557 101.729117431 5.397731722
      vertex 128.714110472 101.729117431 5.372740661
    endloop
  endfacet
  facet normal 0 1 0
    outer loop
      vertex 119.900000000 101.729117431 4.829787706
      vertex 128.300000000 101.729117431 5.400000000
      vertex 128.334458557 101.729117431 5.397731722
    endloop
  endfacet
  facet normal 0 1 0
    outer loop
      vertex 119.900000000 101.729117431 4.829787706
      vertex 122.700000000 101.729117431 5.400000000
      vertex 128.300000000 101.729117431 5.400000000
    endloop
  endfacet
  facet normal 0 1 -0
    outer loop
      vertex 119.900000000 101.729117431 4.829787706
      vertex 111.500000000 101.729117431 5.400000000
      vertex 122.700000000 101.729117431 5.400000000
    endloop
  endfacet
  facet normal 0 1 0
    outer loop
      vertex 119.900000000 101.729117431 4.829787706
      vertex 111.113193669 101.729117431 5.374537990
      vertex 111.500000000 101.729117431 5.400000000
    endloop
  endfacet
  facet normal 0 1 0
    outer loop
      vertex 119.900000000 101.729117431 4.829787706
      vertex 111.085889528 101.729117431 5.372740661
      vertex 111.113193669 101.729117431 5.374537990
    endloop
  endfacet
  facet normal 0 1 0
    outer loop
      vertex 119.900000000 101.729117431 4.829787706
      vertex 110.716752112 101.729117431 5.296289799
      vertex 111.085889528 101.729117431 5.372740661
    endloop
  endfacet
  facet normal 0 1 0
    outer loop
      vertex 119.900000000 101.729117431 4.829787706
      vertex 110.700000000 101.729117431 5.292820323
      vertex 110.716752112 101.729117431 5.296289799
    endloop
  endfacet
  facet normal 0 1 0
    outer loop
      vertex 119.900000000 101.729117431 4.829787706
      vertex 110.376859215 101.729117431 5.168843000
      vertex 110.700000000 101.729117431 5.292820323
    endloop
  endfacet
  facet normal 0 1 0
    outer loop
      vertex 119.900000000 101.729117431 4.829787706
      vertex 110.368629150 101.729117431 5.165685425
      vertex 110.376859215 101.729117431 5.168843000
    endloop
  endfacet
  facet normal 0 1 0
    outer loop
      vertex 119.900000000 101.729117431 4.829787706
      vertex 110.117186808 101.729117431 5.001842405
      vertex 110.368629150 101.729117431 5.165685425
    endloop
  endfacet
  facet normal 0 1 0
    outer loop
      vertex 119.900000000 101.729117431 4.829787706
      vertex 110.114359354 101.729117431 5.000000000
      vertex 110.117186808 101.729117431 5.001842405
    endloop
  endfacet
  facet normal 0 1 0
    outer loop
      vertex 119.900000000 101.729117431 4.829787706
      vertex 109.954962701 101.729117431 4.807591219
      vertex 110.114359354 101.729117431 5.000000000
    endloop
  endfacet
  facet normal 0 1 0
    outer loop
      vertex 119.900000000 101.729117431 4.829787706
      vertex 109.954518678 101.729117431 4.807055236
      vertex 109.954962701 101.729117431 4.807591219
    endloop
  endfacet
  facet normal -1.33110434e-13 1 5.82359666e-11
    outer loop
      vertex 119.900000000 101.729117431 4.829787706
      vertex 109.900000000 101.729117431 4.600000000
      vertex 109.954518678 101.729117431 4.807055236
    endloop
  endfacet
  facet normal 1.20508048e-12 1 0
    outer loop
      vertex 119.900000000 101.729117431 4.829787706
      vertex 109.900000000 101.729117431 3.000000000
      vertex 109.900000000 101.729117431 4.600000000
    endloop
  endfacet
endsolid panel-a1-tile-color-1
